image_name,split,contrast,correlation,energy,homogeneity,label
trashnet_cardboard1.jpg,train,51.11014573991031,0.9745250013437136,0.03330155620614896,0.3493347362635906,recycle
trashnet_cardboard100.jpg,train,191.46174327354262,0.9510746346413186,0.043263897923320076,0.4937883728875201,recycle
trashnet_cardboard101.jpg,train,47.03821668802051,0.9949877159427573,0.03616395763490602,0.41585649439270084,recycle
trashnet_cardboard103.jpg,train,50.124119154388204,0.9802686976290788,0.02379121772150761,0.25541420817643296,recycle
trashnet_cardboard104.jpg,train,76.33305973734784,0.9622354416415392,0.03469614719254397,0.35674830213473746,recycle
trashnet_cardboard105.jpg,train,402.41079436258815,0.8868227804865003,0.025984498273202237,0.2732763406050228,recycle
trashnet_cardboard106.jpg,train,385.5973734785394,0.9292399809432106,0.034065904704761146,0.27415646376306513,recycle
trashnet_cardboard107.jpg,train,145.62972453555415,0.9360596347322627,0.022584349257207835,0.21509650369181665,recycle
trashnet_cardboard108.jpg,train,255.60662235746312,0.8900135542971109,0.03088649468423988,0.2984139832474745,recycle
trashnet_cardboard109.jpg,train,41.10830397181293,0.990971083126144,0.06807611103914189,0.42867354455112294,recycle
trashnet_cardboard11.jpg,train,215.34747357463164,0.9483708879745855,0.028628374834335005,0.3032395494072673,recycle
trashnet_cardboard112.jpg,train,131.36128683536197,0.9850364568413498,0.06898122905382296,0.4819261028887778,recycle
trashnet_cardboard114.jpg,train,56.82030749519539,0.987076128344746,0.028812298070332813,0.3669688206855667,recycle
trashnet_cardboard115.jpg,train,64.6318866111467,0.9746851471637864,0.03217936338111254,0.3726461458873921,recycle
trashnet_cardboard117.jpg,train,225.18878122998078,0.9706231685890516,0.034291334705950714,0.3912382224840524,recycle
trashnet_cardboard118.jpg,train,198.41351697629722,0.9760560392478413,0.07078616595234814,0.5484960758371575,recycle
trashnet_cardboard119.jpg,train,149.24581598334404,0.9732678761849809,0.021450151169984152,0.23435064103783726,recycle
trashnet_cardboard12.jpg,train,262.359284913517,0.9048386662690286,0.02263303904610915,0.23461071180469925,recycle
trashnet_cardboard120.jpg,train,194.2427530429212,0.9746159585278652,0.024177903913524493,0.29173479715168454,recycle
trashnet_cardboard121.jpg,train,9.374079115951313,0.9985791310039634,0.03618280598166748,0.4683517387933153,recycle
trashnet_cardboard123.jpg,train,52.930112908392054,0.9942532515338925,0.05460002825717781,0.4658874334669656,recycle
trashnet_cardboard124.jpg,train,128.5512892376682,0.9914932579557415,0.05416500238469635,0.4817960233871261,recycle
trashnet_cardboard125.jpg,train,170.65288677130044,0.9805501126684192,0.03008715374423061,0.407153840285458,recycle
trashnet_cardboard127.jpg,train,59.54099935938501,0.987288074908853,0.026035449621649043,0.2720275511660092,recycle
trashnet_cardboard128.jpg,train,113.49301329276106,0.9870500576922383,0.04455580987022903,0.5469341187367919,recycle
trashnet_cardboard129.jpg,train,18.382467168481742,0.9970721974885713,0.0342231832979627,0.391677115976613,recycle
trashnet_cardboard13.jpg,train,369.8393057335042,0.8764341928817909,0.022555969784514705,0.2059195811530664,recycle
trashnet_cardboard130.jpg,train,100.46716848174248,0.9796782457808334,0.07090790501606171,0.5519290373755124,recycle
trashnet_cardboard131.jpg,train,76.83115791159513,0.9816951498745288,0.1182026611892511,0.6505211502558124,recycle
trashnet_cardboard132.jpg,train,47.97946028187059,0.9806434845859119,0.16399897709673086,0.7269349626144117,recycle
trashnet_cardboard133.jpg,train,33.82355060858424,0.9861153771364423,0.1409450419890121,0.7104699760345968,recycle
trashnet_cardboard135.jpg,train,161.45455637411914,0.9485118402520032,0.034298886716434,0.2949334487788655,recycle
trashnet_cardboard136.jpg,train,12.887852338244713,0.9904274908419386,0.1460579163765635,0.7247349499089253,recycle
trashnet_cardboard137.jpg,train,26.903627482383087,0.9858847242087577,0.1699084955981524,0.7830079461318739,recycle
trashnet_cardboard139.jpg,train,197.71246396540676,0.939665444897202,0.030416730398477143,0.3493150619550716,recycle
trashnet_cardboard14.jpg,train,69.69786995515696,0.9877984395660196,0.04214680487275414,0.4692675734753382,recycle
trashnet_cardboard140.jpg,train,150.92731021780907,0.9767692174868082,0.06567946486727246,0.4941807891130246,recycle
trashnet_cardboard142.jpg,train,68.44548766816143,0.9830663487195347,0.08902896110036755,0.6470028114463064,recycle
trashnet_cardboard143.jpg,train,233.92048366431777,0.900196052057936,0.08949976545882837,0.641542901645919,recycle
trashnet_cardboard144.jpg,train,184.46246396540678,0.9637379209550228,0.06677270544023106,0.6148742135148874,recycle
trashnet_cardboard145.jpg,train,75.53297165278669,0.9830364338785521,0.07040552359133717,0.6521878243285386,recycle
trashnet_cardboard146.jpg,train,75.1395339525945,0.9882707142390889,0.036954352108908475,0.48606698598019793,recycle
trashnet_cardboard147.jpg,train,62.1421965086483,0.9905438209708828,0.03167413008112147,0.4562998253892354,recycle
trashnet_cardboard148.jpg,train,259.90122517616913,0.9558061177756129,0.033396340788101185,0.4455590366775155,recycle
trashnet_cardboard149.jpg,train,157.22353459320948,0.9870556897607641,0.05016324226572965,0.5857836337264275,recycle
trashnet_cardboard15.jpg,train,26.10690262652146,0.9939668167610234,0.0608439891113837,0.5158596977685488,recycle
trashnet_cardboard150.jpg,train,122.33652306213966,0.9486438114935544,0.07402791773452556,0.6935141271224889,recycle
trashnet_cardboard151.jpg,train,143.5771941063421,0.932100789978463,0.08800946733714822,0.7062341825115945,recycle
trashnet_cardboard152.jpg,train,58.66692024343369,0.9807683878499204,0.08277442096875784,0.7015824300355586,recycle
trashnet_cardboard153.jpg,train,349.48710762331837,0.9150801747751166,0.07093885408271408,0.5681802963386806,recycle
trashnet_cardboard154.jpg,train,113.40350736707238,0.9733518620453019,0.08097121789180645,0.5987185304986694,recycle
trashnet_cardboard155.jpg,train,76.86779308135809,0.9775829557457804,0.033129517248480414,0.40232330737615873,recycle
trashnet_cardboard156.jpg,train,75.65787155669442,0.990045931076722,0.04751089250589919,0.5105116584294328,recycle
trashnet_cardboard158.jpg,train,258.4394418641896,0.9702482514059144,0.03716857021492609,0.46571007856223,recycle
trashnet_cardboard159.jpg,train,38.263472934016654,0.9936562000650626,0.030070235570758126,0.36588029249591764,recycle
trashnet_cardboard16.jpg,train,48.93293561819347,0.9931466688286219,0.04395219296655511,0.5133598314246837,recycle
trashnet_cardboard160.jpg,train,59.71214365791159,0.9907053160002781,0.043393571281009916,0.4734541375632905,recycle
trashnet_cardboard161.jpg,train,506.7951833760411,0.9346979724024348,0.043189804010811794,0.5073324394191796,recycle
trashnet_cardboard162.jpg,train,597.1623758808457,0.9064170107919802,0.11101500149333678,0.4883920334202768,recycle
trashnet_cardboard163.jpg,train,243.186298846893,0.9643265361797797,0.1279791175235806,0.5326114709523804,recycle
trashnet_cardboard164.jpg,train,53.89978379244074,0.989929365251875,0.12478698846681904,0.573704539434374,recycle
trashnet_cardboard165.jpg,train,72.92198510570148,0.9783431104057959,0.033886736323258816,0.34410382507325793,recycle
trashnet_cardboard166.jpg,train,508.19294522741836,0.883122443555727,0.0501112589266694,0.43594439516824185,recycle
trashnet_cardboard167.jpg,train,322.1977498398463,0.9534228717602792,0.07738697480197902,0.5811731639648623,recycle
trashnet_cardboard168.jpg,train,214.21314461883406,0.9858816652668599,0.24928731239887564,0.6679167310743215,recycle
trashnet_cardboard169.jpg,train,92.61565102498399,0.9616309354793278,0.10978654387260038,0.6816336890885495,recycle
trashnet_cardboard17.jpg,train,105.89197629724536,0.937046660703029,0.021270323039310524,0.16947045217874612,recycle
trashnet_cardboard170.jpg,train,23.23270339525945,0.9923722731108211,0.12384854505131285,0.7237630334218235,recycle
trashnet_cardboard171.jpg,train,44.53227098014094,0.9775717521016352,0.12203795860297433,0.7533982005386147,recycle
trashnet_cardboard173.jpg,train,35.57799487508007,0.9890573728161838,0.09073044074676861,0.6921632472157263,recycle
trashnet_cardboard174.jpg,train,93.08362027546443,0.98175137852708,0.046190961834363505,0.5072565614283218,recycle
trashnet_cardboard175.jpg,train,340.66830156950675,0.9433003499605463,0.03133428510419176,0.38554654538130306,recycle
trashnet_cardboard176.jpg,train,464.6896220371556,0.9356823316678097,0.04421958515879285,0.37311678007477644,recycle
trashnet_cardboard177.jpg,train,260.7921604740551,0.9601760035182089,0.045923179530224505,0.44416358031540987,recycle
trashnet_cardboard178.jpg,train,157.11052610506084,0.9746565266855779,0.04782276408231898,0.43088958900147045,recycle
trashnet_cardboard179.jpg,train,299.8946388532991,0.956742565760059,0.07112930157226768,0.5069649582884301,recycle
trashnet_cardboard18.jpg,train,213.0894859064702,0.9425213377208178,0.028489145025049314,0.2876096687783222,recycle
trashnet_cardboard180.jpg,train,75.13661114670084,0.9920157781188319,0.060397645311647145,0.5825297631626488,recycle
trashnet_cardboard181.jpg,train,136.39796204356182,0.9762184670785126,0.05095961165660801,0.46755091874057897,recycle
trashnet_cardboard182.jpg,train,158.7415318705958,0.9129737281734805,0.05045853044901934,0.4704466464303844,recycle
trashnet_cardboard183.jpg,train,120.25328315182574,0.9813102834107994,0.10437641724893883,0.502169297898754,recycle
trashnet_cardboard184.jpg,train,68.37031550288278,0.987581893407941,0.07926882374683364,0.568731873959573,recycle
trashnet_cardboard185.jpg,train,92.40542921204356,0.8809231421291217,0.07869408612086867,0.5560358624033103,recycle
trashnet_cardboard186.jpg,train,74.02636531069825,0.9864593295470986,0.03827059649674987,0.44838487676144645,recycle
trashnet_cardboard187.jpg,train,99.54220051249199,0.9848053293934853,0.05469389338211565,0.5367021972670702,recycle
trashnet_cardboard188.jpg,train,82.20447629724535,0.9854265485787875,0.06554718447439696,0.5311632786017786,recycle
trashnet_cardboard189.jpg,train,191.2912996476618,0.9808795847107443,0.047204444757642405,0.56275031460145,recycle
trashnet_cardboard19.jpg,train,115.14213645099292,0.971404293219194,0.036918947988732076,0.3171539062031209,recycle
trashnet_cardboard190.jpg,train,620.8627682575273,0.9281075797009728,0.05197948532254539,0.445383523421188,recycle
trashnet_cardboard194.jpg,train,98.12481982703395,0.9802685730913007,0.06489313420738736,0.5516561583677897,recycle
trashnet_cardboard195.jpg,train,197.37946428571428,0.9763953549634877,0.07599805279641415,0.5284774718492372,recycle
trashnet_cardboard196.jpg,train,133.073050128123,0.9811559301214919,0.0651153861875885,0.46061164397714016,recycle
trashnet_cardboard198.jpg,train,158.1249199231262,0.96491595050733,0.06186415963569927,0.4600190483091636,recycle
trashnet_cardboard2.jpg,train,32.72067184497118,0.9874557338428427,0.027227590654145827,0.2909749795099554,recycle
trashnet_cardboard20.jpg,train,113.76633568225495,0.93468951733508,0.024836436555743257,0.22530107721062562,recycle
trashnet_cardboard200.jpg,train,54.65963324791801,0.9920536652756178,0.06103610034490451,0.5409748202092499,recycle
trashnet_cardboard201.jpg,train,162.75280269058294,0.9784355370901998,0.08552597188670194,0.5834619724786643,recycle
trashnet_cardboard202.jpg,train,120.48502562459961,0.9779305178624069,0.13644555702210684,0.6555643357561678,recycle
trashnet_cardboard208.jpg,train,17.270419602818706,0.9970738279367373,0.07711911595942891,0.6153963747410611,recycle
trashnet_cardboard21.jpg,train,41.250440422805895,0.984471091702783,0.03017611487216041,0.3762592594121653,recycle
trashnet_cardboard211.jpg,train,89.73212283792441,0.9838650278480621,0.08803315479710133,0.5429395723981281,recycle
trashnet_cardboard212.jpg,train,143.83059737347855,0.9505433313261697,0.06848821575752743,0.5566013734979255,recycle
trashnet_cardboard213.jpg,train,32.25796764894298,0.9931287189282517,0.06541431340806955,0.5775598032100802,recycle
trashnet_cardboard214.jpg,train,97.7758247918001,0.9820185323789685,0.121453257352455,0.6210952563373006,recycle
trashnet_cardboard215.jpg,train,33.62986467008328,0.9913290405923513,0.08215563347690458,0.6336699028705043,recycle
trashnet_cardboard218.jpg,train,71.77776665598975,0.9808279839954596,0.1089510122973855,0.7140885851211096,recycle
trashnet_cardboard219.jpg,train,131.04634449071108,0.9834634564657496,0.22680201491454338,0.5901248974213076,recycle
trashnet_cardboard22.jpg,train,305.82299007046765,0.9329941804971484,0.024178600088852108,0.25591519316803596,recycle
trashnet_cardboard220.jpg,train,56.88631085842409,0.9845982437780055,0.08426503308031726,0.6427821182345435,recycle
trashnet_cardboard221.jpg,train,13.581318065342732,0.9965224901162723,0.024247715881224083,0.3251038761574047,recycle
trashnet_cardboard222.jpg,train,56.96626761691223,0.9786738961949272,0.03705025722306901,0.3089587863249913,recycle
trashnet_cardboard227.jpg,train,34.02568465727098,0.9864460752735258,0.05005114300155906,0.4438277237934487,recycle
trashnet_cardboard228.jpg,train,98.92901185137733,0.9773277876598885,0.02368025193120497,0.25869573635934545,recycle
trashnet_cardboard229.jpg,train,157.887151665599,0.9819744860819873,0.0790262128519827,0.6117445634861804,recycle
trashnet_cardboard230.jpg,train,24.347693786034593,0.9966150328803626,0.03306962510126889,0.40533864065361724,recycle
trashnet_cardboard231.jpg,train,35.0349535554132,0.9852992000382855,0.03394899709681779,0.4169728351159853,recycle
trashnet_cardboard233.jpg,train,110.11380925688658,0.9810856161605805,0.023753935229987155,0.2853256894302565,recycle
trashnet_cardboard235.jpg,train,26.881366111467006,0.9888760941072186,0.03224277698197426,0.378027381540539,recycle
trashnet_cardboard236.jpg,train,1.9770579756566302,0.9992629684393154,0.054790223700245305,0.6279328927189392,recycle
trashnet_cardboard237.jpg,train,174.6289037475977,0.9720490052623962,0.04593084551243121,0.49590278824644246,recycle
trashnet_cardboard239.jpg,train,120.61869394618833,0.9827725229391396,0.08037547426074951,0.5687531586651583,recycle
trashnet_cardboard24.jpg,train,110.72095211402944,0.9675376203627928,0.030113998768916544,0.3449600468552167,recycle
trashnet_cardboard240.jpg,train,15.237968449711722,0.993898396664324,0.032664135570189,0.4106100873860733,recycle
trashnet_cardboard241.jpg,train,157.6815943305573,0.9421250832814317,0.024665854448931282,0.2765508965623049,recycle
trashnet_cardboard242.jpg,train,246.8201073030109,0.9713587648381935,0.03445736991748964,0.38343096011720534,recycle
trashnet_cardboard243.jpg,train,213.03853699551567,0.9483660224108614,0.02209708691207961,0.2503057313435614,recycle
trashnet_cardboard245.jpg,train,63.80671444586803,0.9659317023456945,0.02056260747849968,0.175460377259278,recycle
trashnet_cardboard246.jpg,train,125.2153267136451,0.9530296923349658,0.02766036295117468,0.31888743114161017,recycle
trashnet_cardboard248.jpg,train,553.8838685137732,0.9279502664622505,0.03054748739361612,0.3667101754510483,recycle
trashnet_cardboard249.jpg,train,106.67090406790523,0.9388560814035849,0.02550347861008026,0.20526155784541844,recycle
trashnet_cardboard250.jpg,train,310.70311499039076,0.8897605648904837,0.026900366208119877,0.2771938175586435,recycle
trashnet_cardboard251.jpg,train,46.796764894298526,0.9727207631340803,0.028050247098477206,0.2724995065408859,recycle
trashnet_cardboard252.jpg,train,244.40384769378602,0.9427623555354306,0.025147533122597654,0.3214972463753938,recycle
trashnet_cardboard253.jpg,train,92.34797405509288,0.9574742931955884,0.027768784844493875,0.30224055590609705,recycle
trashnet_cardboard254.jpg,train,491.69072309417044,0.9123290095879681,0.03111798997113112,0.3751914507760848,recycle
trashnet_cardboard255.jpg,train,272.6737467969251,0.8797511536424127,0.02799713645608925,0.2690967062620438,recycle
trashnet_cardboard256.jpg,train,38.15432815502882,0.9843605341523646,0.028902167286915748,0.33603100539360425,recycle
trashnet_cardboard258.jpg,train,761.8272741832156,0.8347991901091798,0.02403226504671641,0.2553279202995153,recycle
trashnet_cardboard26.jpg,train,54.61386931454196,0.9938220811985787,0.04520696586255201,0.49025641271245096,recycle
trashnet_cardboard260.jpg,train,158.0557735426009,0.9536378106546771,0.025681758767738965,0.27106158641500344,recycle
trashnet_cardboard261.jpg,train,203.95954115951315,0.9182466025725239,0.03392403797991961,0.3361912623276004,recycle
trashnet_cardboard262.jpg,train,136.9740550928892,0.9743379405801998,0.032860008868312994,0.46929580423052786,recycle
trashnet_cardboard263.jpg,train,98.07417120435618,0.9837461259188525,0.03597737623257492,0.4327665661166395,recycle
trashnet_cardboard264.jpg,train,190.40612988468928,0.9539149653665975,0.03559543143438022,0.29401956623139497,recycle
trashnet_cardboard265.jpg,train,138.90771140294683,0.954674104545942,0.03855520610189633,0.4278495673396432,recycle
trashnet_cardboard266.jpg,train,743.4627642536836,0.8660596860353836,0.03720190006909288,0.37084554409611936,recycle
trashnet_cardboard267.jpg,train,7.707919602818706,0.9980716017220738,0.041030246553948,0.4981993976254979,recycle
trashnet_cardboard269.jpg,train,322.5917280589365,0.8643702240980423,0.026664700950658496,0.2398897285069796,recycle
trashnet_cardboard270.jpg,train,44.40512892376682,0.9938780789215328,0.035744725183049116,0.4347361739073468,recycle
trashnet_cardboard274.jpg,train,75.29876681614348,0.9906581601349257,0.07074757103463244,0.6197774794098493,recycle
trashnet_cardboard275.jpg,train,42.63300768737987,0.9893442227501567,0.042959654566174475,0.4230857832870641,recycle
trashnet_cardboard276.jpg,train,37.42895179372197,0.9922587628728805,0.029826613346107245,0.3760195265326107,recycle
trashnet_cardboard277.jpg,train,522.5784553171044,0.9332773307372019,0.04229849812889145,0.41382767043981267,recycle
trashnet_cardboard279.jpg,train,169.72471572709804,0.9726047995093732,0.025146672525178236,0.2874214801797174,recycle
trashnet_cardboard281.jpg,train,286.1823150224215,0.8876645869456866,0.026224549605945602,0.2833995855859562,recycle
trashnet_cardboard282.jpg,train,29.46967088404869,0.9914580752286809,0.04445538030281922,0.4130815437759569,recycle
trashnet_cardboard284.jpg,train,75.96414557975656,0.9862577449090928,0.028627730872308247,0.3576191489521753,recycle
trashnet_cardboard285.jpg,train,452.2799887892377,0.8756711768008408,0.029802188992792442,0.28860503007524146,recycle
trashnet_cardboard286.jpg,train,344.0518497757848,0.9664680677201601,0.0443053323979547,0.4953322904228846,recycle
trashnet_cardboard287.jpg,train,9.763893337604099,0.9922483471958478,0.04246609479210647,0.41595973843940737,recycle
trashnet_cardboard288.jpg,train,67.90723094170404,0.9750622474487357,0.03904447181027427,0.339909786892113,recycle
trashnet_cardboard289.jpg,train,75.73230301089046,0.9708929514048726,0.028154844064941283,0.23997089096662322,recycle
trashnet_cardboard29.jpg,train,222.8877322229341,0.9447743229699449,0.03696130579632365,0.2524030849938537,recycle
trashnet_cardboard291.jpg,train,162.9788597053171,0.9592002187527876,0.03417330725002042,0.3906697800508989,recycle
trashnet_cardboard292.jpg,train,79.03221092248559,0.9552395916282813,0.04229644915735729,0.3213198061988981,recycle
trashnet_cardboard293.jpg,train,53.42785073670725,0.9891741414762103,0.05224290555975753,0.5548834684050282,recycle
trashnet_cardboard294.jpg,train,115.9686298846893,0.9778806740459385,0.04363552725655787,0.5562706473050997,recycle
trashnet_cardboard296.jpg,train,2.962023542600897,0.9963974834535189,0.06482974383976145,0.6320702024935989,recycle
trashnet_cardboard298.jpg,train,114.78717568866114,0.9905488592729477,0.05470557215867891,0.584757705509301,recycle
trashnet_cardboard299.jpg,train,103.6039397821909,0.945741756236114,0.020787922121695432,0.1961601460599694,recycle
trashnet_cardboard3.jpg,train,160.2372077194106,0.9519603325066455,0.03216267661708413,0.3519709721715425,recycle
trashnet_cardboard300.jpg,train,135.96314461883406,0.9483751844972028,0.024412552475536323,0.1982823815587424,recycle
trashnet_cardboard301.jpg,train,20.885710281870594,0.9860754133661465,0.029761034332111018,0.2978317267128427,recycle
trashnet_cardboard302.jpg,train,260.8868513773222,0.9481071857342772,0.024635232462238386,0.28538655361221443,recycle
trashnet_cardboard303.jpg,train,132.7694186418962,0.9538787675962401,0.03742633982155178,0.39565996136099485,recycle
trashnet_cardboard304.jpg,train,166.50024023062136,0.9676722264835722,0.025227352984529727,0.33135633195617015,recycle
trashnet_cardboard306.jpg,train,216.1207359064702,0.9208092967115856,0.03287255337304899,0.30446290667766773,recycle
trashnet_cardboard307.jpg,train,138.79368193465723,0.8796711708732652,0.030892174206958174,0.2551934866205122,recycle
trashnet_cardboard308.jpg,train,514.6050408392055,0.9108246376290172,0.031277246833365795,0.3245475293045027,recycle
trashnet_cardboard309.jpg,train,77.06504244074311,0.9884690349299827,0.0369275525863059,0.4668925883657678,recycle
trashnet_cardboard31.jpg,train,58.96078235105702,0.9842626535614651,0.029588147516302676,0.2957161823630608,recycle
trashnet_cardboard310.jpg,train,94.36346893017296,0.9584330850462508,0.03937170078341531,0.26463953008892366,recycle
trashnet_cardboard312.jpg,train,67.66744074311337,0.974549129959305,0.027584434537049535,0.27989218580267206,recycle
trashnet_cardboard313.jpg,train,11.73922966047405,0.9935332222540467,0.034735862186646684,0.390012860950062,recycle
trashnet_cardboard314.jpg,train,62.99539557975657,0.9903782327262542,0.04253313935290874,0.4154593779690253,recycle
trashnet_cardboard315.jpg,train,226.72347453555415,0.8965972989094486,0.022429414779830095,0.22578925315348225,recycle
trashnet_cardboard316.jpg,train,32.206698430493276,0.9906000769507756,0.031867744288987414,0.3405655657884226,recycle
trashnet_cardboard317.jpg,train,469.8554812620115,0.8754886888287801,0.031139886254802285,0.2694601886701862,recycle
trashnet_cardboard318.jpg,train,160.6763092568866,0.9292644140051225,0.028343275655584817,0.27471211053566336,recycle
trashnet_cardboard319.jpg,train,153.796965086483,0.9628879091841138,0.027024843827666234,0.32905743411189176,recycle
trashnet_cardboard320.jpg,train,42.14265695067264,0.9922823416304196,0.030857727479447664,0.4361415036253246,recycle
trashnet_cardboard322.jpg,train,90.87828315182574,0.9885478765207888,0.04273411552681467,0.3697181118362725,recycle
trashnet_cardboard323.jpg,train,139.6710642216528,0.9704163824431382,0.025701133124182735,0.2872894021687545,recycle
trashnet_cardboard324.jpg,train,13.735045643818069,0.9947686243675203,0.04533103483732692,0.4429497894509299,recycle
trashnet_cardboard325.jpg,train,75.71426569506727,0.9599167753629464,0.028773087893776115,0.3131844600182556,recycle
trashnet_cardboard326.jpg,train,154.63092568866108,0.9265257034246889,0.020861375245139844,0.19038655206623453,recycle
trashnet_cardboard327.jpg,train,44.570727898782835,0.989878088466934,0.07276024948071959,0.48561521482998105,recycle
trashnet_cardboard328.jpg,train,6.33536194746957,0.9983121071548897,0.04174339006935138,0.5179416547921167,recycle
trashnet_cardboard329.jpg,train,149.12235746316466,0.9488137443052866,0.02870600611999645,0.3203089706150047,recycle
trashnet_cardboard33.jpg,train,89.23026105060858,0.9603353654806975,0.06043940637867458,0.6259919485719694,recycle
trashnet_cardboard331.jpg,train,822.038416880205,0.8661182048976636,0.04277923601982664,0.403842130459544,recycle
trashnet_cardboard332.jpg,train,43.846752882767454,0.9873245776317341,0.03442943287911212,0.3880657285995818,recycle
trashnet_cardboard334.jpg,train,151.764734144779,0.9850513159476438,0.06985765297038175,0.5635467487820138,recycle
trashnet_cardboard336.jpg,train,76.35011611146702,0.958271550065679,0.033185346436807664,0.3618444259016655,recycle
trashnet_cardboard337.jpg,train,130.1258808456118,0.983673578420846,0.022945963214456137,0.34257260497054215,recycle
trashnet_cardboard338.jpg,train,30.58920563741191,0.9890960523179771,0.030525064422919145,0.3140974401966236,recycle
trashnet_cardboard339.jpg,train,180.80002802690586,0.9041017876499524,0.028300477426329466,0.29934452063430655,recycle
trashnet_cardboard34.jpg,train,124.51121076233183,0.8890043899826965,0.030302712785969275,0.21826391946378565,recycle
trashnet_cardboard341.jpg,train,40.48792841127483,0.9937733325062458,0.027023905835716493,0.3653636585918264,recycle
trashnet_cardboard344.jpg,train,70.05571348494554,0.9614505602647877,0.0388026655573586,0.4324384271833433,recycle
trashnet_cardboard345.jpg,train,195.15118513773217,0.9216152902723483,0.030918385086376406,0.27269013909313344,recycle
trashnet_cardboard346.jpg,train,81.66551889814221,0.9145639565265677,0.04990511099411639,0.507355205326631,recycle
trashnet_cardboard348.jpg,train,55.74277306213965,0.9775091771794764,0.04054897268148484,0.4644997272471479,recycle
trashnet_cardboard349.jpg,train,60.88282751441383,0.9706237065848676,0.02388984020442832,0.25423294634650473,recycle
trashnet_cardboard35.jpg,train,112.49479500320307,0.970104518158159,0.0338140304084821,0.3901435803100063,recycle
trashnet_cardboard350.jpg,train,91.09473094170404,0.9900720163645866,0.06731429235182144,0.566057520698984,recycle
trashnet_cardboard351.jpg,train,53.60838404868674,0.9870854876918073,0.032969328068699115,0.42171143903968733,recycle
trashnet_cardboard352.jpg,train,176.31872597693786,0.9224712563234646,0.026462249259461754,0.2553803113799952,recycle
trashnet_cardboard353.jpg,train,7.257807495195387,0.9936901808839099,0.07293518915996886,0.6707031966251431,recycle
trashnet_cardboard354.jpg,train,5.779668481742473,0.9938507824391436,0.054663809414384056,0.5722089366225052,recycle
trashnet_cardboard356.jpg,train,76.59370996156309,0.9673468434652006,0.031162506647058674,0.33838261224138005,recycle
trashnet_cardboard357.jpg,train,193.6931854580397,0.8926837138636232,0.027562621795705473,0.25313504617077,recycle
trashnet_cardboard359.jpg,train,104.82725416399742,0.956512900013236,0.02631019644173675,0.2937375984635094,recycle
trashnet_cardboard36.jpg,train,169.01683616271617,0.9494354904940844,0.03294386091361224,0.3496957300105968,recycle
trashnet_cardboard360.jpg,train,79.57857543241514,0.9736915369747577,0.025616238663895473,0.22350389350119468,recycle
trashnet_cardboard361.jpg,train,57.84362988468929,0.9914935962676185,0.08516540116130841,0.37374931900947833,recycle
trashnet_cardboard363.jpg,train,112.47331438180652,0.974914497065469,0.047970590366513036,0.413526158338283,recycle
trashnet_cardboard364.jpg,train,26.496556694426648,0.9940331087156378,0.03604772008928171,0.42000597985983756,recycle
trashnet_cardboard365.jpg,train,193.62614109545163,0.940317241828173,0.0321609383040076,0.3065718689223727,recycle
trashnet_cardboard366.jpg,train,530.0942704996796,0.8595920804376094,0.034242552767311786,0.4200521758017904,recycle
trashnet_cardboard367.jpg,train,47.45551729660475,0.9738531696615343,0.027170187712452606,0.25159011022352157,recycle
trashnet_cardboard368.jpg,train,115.16079436258809,0.9584793824587832,0.024547619212999732,0.2636675445046242,recycle
trashnet_cardboard369.jpg,train,170.23698750800767,0.9214942987604282,0.024118323230708658,0.23419406142388974,recycle
trashnet_cardboard37.jpg,train,181.70890054452275,0.9671996819099538,0.024117292967736476,0.3075251288961924,recycle
trashnet_cardboard370.jpg,train,104.59781390134529,0.9876754499827429,0.03779512864482739,0.4878062806436117,recycle
trashnet_cardboard371.jpg,train,130.28329196028187,0.9426001536758563,0.026763336678467052,0.2793753187849376,recycle
trashnet_cardboard372.jpg,train,155.81003763613066,0.9423740491533289,0.036253243168198106,0.33025713181713184,recycle
trashnet_cardboard373.jpg,train,206.35862427930812,0.9411596296078641,0.029693289393200463,0.35501070707884314,recycle
trashnet_cardboard374.jpg,train,142.27362267777067,0.9172218490060776,0.029815230350113908,0.22850016111081706,recycle
trashnet_cardboard375.jpg,train,192.48848894939144,0.9164435503168279,0.03404954809150145,0.3007121093990435,recycle
trashnet_cardboard376.jpg,train,58.66287636130685,0.9911363119731127,0.03107339017312941,0.44187380769770457,recycle
trashnet_cardboard377.jpg,train,50.974635650224215,0.9852261827631378,0.03292625922979866,0.37817957076108505,recycle
trashnet_cardboard378.jpg,train,438.47091207559254,0.9109907026703526,0.03364649406505429,0.3467612620608587,recycle
trashnet_cardboard379.jpg,train,34.41443786034593,0.9641691802049434,0.02872207789515709,0.21606376484011025,recycle
trashnet_cardboard38.jpg,train,50.51121076233184,0.9843268797426903,0.03093599241011434,0.2777538197527416,recycle
trashnet_cardboard380.jpg,train,17.096412556053814,0.9960234829085578,0.02907403301594115,0.41825397960577027,recycle
trashnet_cardboard382.jpg,train,82.58137812299809,0.9672969927942048,0.0456607632078241,0.3344906371888523,recycle
trashnet_cardboard383.jpg,train,37.57449151185138,0.9871962178673968,0.023672473988066683,0.24138064824676891,recycle
trashnet_cardboard384.jpg,train,864.5146340486867,0.808565529566192,0.045904515345200014,0.41522635035321454,recycle
trashnet_cardboard387.jpg,train,3.3753203074951954,0.995628883962675,0.06517461259674671,0.6076498609474907,recycle
trashnet_cardboard388.jpg,train,199.5947909993594,0.9378661221854504,0.0297866159187995,0.29278489464493557,recycle
trashnet_cardboard389.jpg,train,35.029668481742476,0.9916181069356562,0.026572075825786936,0.350078215003444,recycle
trashnet_cardboard391.jpg,train,156.1466407751441,0.9142339205217933,0.026927426491433884,0.22483522959376534,recycle
trashnet_cardboard392.jpg,train,27.035534112748245,0.9944959654044518,0.07212275128784074,0.7433124327447916,recycle
trashnet_cardboard394.jpg,train,28.697049167200518,0.993746365040491,0.031708877984330766,0.35488875909091755,recycle
trashnet_cardboard395.jpg,train,47.70003203074951,0.9929026541961414,0.027811216038712134,0.3501327272865172,recycle
trashnet_cardboard396.jpg,train,424.3933976617553,0.9022209730580393,0.02458096729458034,0.33326524263930596,recycle
trashnet_cardboard398.jpg,train,49.18199471492631,0.9830751185053831,0.04664225933359035,0.337574507848416,recycle
trashnet_cardboard399.jpg,train,18.43924167200512,0.9968862952471342,0.10947845438955897,0.6357070251760253,recycle
trashnet_cardboard4.jpg,train,312.2304212043562,0.9281790469072261,0.04991467454916194,0.49592231205096693,recycle
trashnet_cardboard40.jpg,train,153.7444546764894,0.952524452912181,0.022806995110081205,0.2616285924927048,recycle
trashnet_cardboard400.jpg,train,70.04972773862909,0.8951683373238466,0.04214452030129109,0.3309683701989151,recycle
trashnet_cardboard401.jpg,train,25.87085602178091,0.993627118171595,0.049063914800128235,0.5159062101996174,recycle
trashnet_cardboard41.jpg,train,105.93752001921844,0.9925563291420891,0.08884176955223921,0.6962170386732547,recycle
trashnet_cardboard43.jpg,train,60.53345211402946,0.9901658527074723,0.27757294127880766,0.5952928957088113,recycle
trashnet_cardboard44.jpg,train,178.75726697629722,0.9558507107484109,0.028850534680274466,0.350526209506565,recycle
trashnet_cardboard45.jpg,train,156.94680893657912,0.9215277150483265,0.026119886836228845,0.2487468000717065,recycle
trashnet_cardboard46.jpg,train,31.455957719410634,0.9953118915360673,0.03527964835164687,0.36668029001844427,recycle
trashnet_cardboard47.jpg,train,47.38004484304934,0.9885688060144017,0.030891804469696076,0.2645183776849301,recycle
trashnet_cardboard48.jpg,train,418.2091808135811,0.8255016705226227,0.03421622950780799,0.27993275145237423,recycle
trashnet_cardboard49.jpg,train,46.8253122998078,0.9820618672004775,0.05111315777442182,0.3917232200706441,recycle
trashnet_cardboard5.jpg,train,23.200452434336963,0.9904592236106129,0.02599954329258533,0.2821445177157127,recycle
trashnet_cardboard50.jpg,train,452.12331838565024,0.9231726817697576,0.03096671561850758,0.4262141097947376,recycle
trashnet_cardboard51.jpg,train,212.59743353619476,0.9197751833311354,0.02940382639063778,0.31423962550354356,recycle
trashnet_cardboard52.jpg,train,309.0324311338885,0.9213072141503582,0.03589968919931921,0.34355840569907037,recycle
trashnet_cardboard53.jpg,train,42.480301089045476,0.9891482963685876,0.09261257639664061,0.36682877431484345,recycle
trashnet_cardboard54.jpg,train,104.2464565983344,0.9603674807969416,0.07228602424708802,0.5779352007720218,recycle
trashnet_cardboard55.jpg,train,39.85514093529789,0.9886919421591377,0.03053063725170986,0.29034419896844305,recycle
trashnet_cardboard56.jpg,train,63.210782351057006,0.9880092185238895,0.02531940101103684,0.3261466083656766,recycle
trashnet_cardboard58.jpg,train,40.05731502242153,0.9874934115730196,0.02444408056022696,0.24288920043354423,recycle
trashnet_cardboard59.jpg,train,160.5526705637412,0.8835943806801699,0.02884494292256987,0.2073740515839125,recycle
trashnet_cardboard6.jpg,train,60.76028987828315,0.960084197713272,0.036653338441688214,0.3861324474091394,recycle
trashnet_cardboard60.jpg,train,105.21016175528507,0.9753146935168902,0.02704180733626899,0.3368690466443981,recycle
trashnet_cardboard61.jpg,train,152.81392136450987,0.9665820675641973,0.04769567557139631,0.3176473897988203,recycle
trashnet_cardboard62.jpg,train,47.113969410634205,0.9876961836879165,0.03177505949580498,0.4198599213248501,recycle
trashnet_cardboard63.jpg,train,29.922105221012167,0.9877318979483124,0.05726517120796505,0.4978843120767316,recycle
trashnet_cardboard64.jpg,train,52.419682895579754,0.9853665621210531,0.028423092196864657,0.3782388068269725,recycle
trashnet_cardboard65.jpg,train,171.8497557655349,0.9802314910128769,0.05459540380480183,0.4623605342538979,recycle
trashnet_cardboard66.jpg,train,226.48786835361938,0.928294389579558,0.02514415431170106,0.29769015842291335,recycle
trashnet_cardboard67.jpg,train,8.339565983344011,0.9979415314820826,0.038353651315839614,0.4865051309639093,recycle
trashnet_cardboard68.jpg,train,100.77142056374119,0.9426527457030967,0.035154026908003316,0.29928945362965226,recycle
trashnet_cardboard69.jpg,train,126.9692704996797,0.9553411585900551,0.023770628122925137,0.2748667147041083,recycle
trashnet_cardboard7.jpg,train,102.7836322869955,0.9722567026348283,0.023961766839841598,0.28816473227369155,recycle
trashnet_cardboard70.jpg,train,426.7979059897502,0.9466195574659465,0.029518142434743152,0.4126090520751743,recycle
trashnet_cardboard72.jpg,train,43.854240070467654,0.9818992945094496,0.04176421856575156,0.26269037823815056,recycle
trashnet_cardboard73.jpg,train,64.20697869955157,0.976815686435036,0.02586130494090382,0.30089147068830097,recycle
trashnet_cardboard75.jpg,train,11.29500320307495,0.9964498364407803,0.033189325467274544,0.4106259282184781,recycle
trashnet_cardboard76.jpg,train,52.847253363228695,0.9864676942472074,0.026558958492638805,0.3250154281754619,recycle
trashnet_cardboard77.jpg,train,57.34673286354901,0.9448461458378467,0.04320607443561981,0.41262572523452845,recycle
trashnet_cardboard8.jpg,train,63.19598814862269,0.9937921889479967,0.039760481172937685,0.44423747987164464,recycle
trashnet_cardboard80.jpg,train,68.5737307815503,0.9438609184444152,0.05162389169952933,0.42402072308502614,recycle
trashnet_cardboard82.jpg,train,246.27410313901342,0.9229226808435544,0.029254048370092624,0.3443124065866642,recycle
trashnet_cardboard83.jpg,train,27.946388532991676,0.987744168262387,0.022307365802516837,0.2325522827747292,recycle
trashnet_cardboard84.jpg,train,365.4100536515055,0.8907095878880391,0.023392373237851295,0.22700479993521197,recycle
trashnet_cardboard85.jpg,train,71.2538236707239,0.9897490443377162,0.09699573093348979,0.554418131525393,recycle
trashnet_cardboard88.jpg,train,196.81938661114665,0.9261038074527179,0.021883762126578707,0.2189482532530713,recycle
trashnet_cardboard89.jpg,train,205.18778026905827,0.9635010286926532,0.021536529687826964,0.21740459858202493,recycle
trashnet_cardboard90.jpg,train,193.74385409993587,0.8947889207046329,0.030136787433567708,0.27210187714677514,recycle
trashnet_cardboard91.jpg,train,35.74697709801409,0.9915486554771147,0.029227846403007778,0.35790080234015414,recycle
trashnet_cardboard92.jpg,train,199.3972013132607,0.8971349781016467,0.02871199832195458,0.20319550618010282,recycle
trashnet_cardboard94.jpg,train,87.67220531710441,0.9883396225251005,0.04235779003494729,0.4413854782181995,recycle
trashnet_cardboard95.jpg,train,600.1850776745675,0.9447958261474533,0.045574844523772313,0.40487800877696734,recycle
trashnet_cardboard96.jpg,train,349.36999519538756,0.9137079631343455,0.03885377035040011,0.41523702614778557,recycle
trashnet_cardboard97.jpg,train,129.13597053171043,0.9415684086740744,0.02470204048235326,0.24370743683146842,recycle
trashnet_cardboard98.jpg,train,83.42518818065344,0.9851675543399632,0.02901079707528371,0.3014032993385609,recycle
trashnet_cardboard99.jpg,train,18.619855060858423,0.9958334787535517,0.07191064890413397,0.7113980575439267,recycle
trashnet_metal1.jpg,train,149.26139093529787,0.9722796115470089,0.07987904098739328,0.5648308450220616,recycle
trashnet_metal10.jpg,train,61.69933135810378,0.986264844457121,0.06012281758847824,0.5326511694843704,recycle
trashnet_metal100.jpg,train,321.5046644778988,0.9606980273219472,0.0831511703636498,0.536985471125274,recycle
trashnet_metal101.jpg,train,147.86060618193466,0.962900379079829,0.082556072390834,0.6318178084912649,recycle
trashnet_metal103.jpg,train,133.7229139974375,0.9658310028636722,0.0687236428777818,0.6251702800066666,recycle
trashnet_metal104.jpg,train,172.03345211402947,0.9595416713424442,0.1482065805647103,0.5593050395649297,recycle
trashnet_metal105.jpg,train,170.27878763613072,0.9786429306471723,0.0985734546361568,0.5928479836024054,recycle
trashnet_metal107.jpg,train,173.92861146700832,0.9781837806320516,0.08029409798536027,0.654596852176916,recycle
trashnet_metal109.jpg,train,99.21414557975656,0.9854305775066351,0.07735722613079339,0.5901555234972207,recycle
trashnet_metal11.jpg,train,280.6279027866752,0.9594398776223633,0.036195904022836595,0.33532084748759017,recycle
trashnet_metal111.jpg,train,576.7098814862267,0.9086351105544944,0.09308165269100409,0.4174862758341336,recycle
trashnet_metal114.jpg,train,943.7569466688019,0.8926434303865834,0.038101245853450184,0.2855724632022661,recycle
trashnet_metal115.jpg,train,224.96860986547088,0.9656815974838193,0.03662759613642019,0.3990977269816888,recycle
trashnet_metal116.jpg,train,43.18587844330557,0.9780334756942528,0.09794353268845218,0.6764914052482536,recycle
trashnet_metal117.jpg,train,259.6997717809096,0.93056907453325,0.08428823111100801,0.44176287571659334,recycle
trashnet_metal118.jpg,train,661.4245876041,0.919255296270004,0.028048914753464358,0.2653569233935058,recycle
trashnet_metal119.jpg,train,114.02138052530428,0.9795983495834901,0.0809445145106689,0.6213947409373332,recycle
trashnet_metal12.jpg,train,3.5481262011531074,0.9995857455633558,0.06849271699181794,0.6954583115102336,recycle
trashnet_metal120.jpg,train,468.71700832799485,0.9271480463863823,0.032087163420310386,0.29353585619313965,recycle
trashnet_metal121.jpg,train,61.31015775144138,0.9745351476524636,0.06542137243330352,0.5488234012772273,recycle
trashnet_metal122.jpg,train,232.0632607303011,0.9384975627320618,0.06588009987999963,0.6153744952750217,recycle
trashnet_metal123.jpg,train,160.5275064061499,0.965745210497254,0.054040837334184466,0.4638045357737048,recycle
trashnet_metal125.jpg,train,114.65484865470853,0.9665319649422109,0.07666193268762457,0.6574108250143947,recycle
trashnet_metal127.jpg,train,155.89960361947468,0.9900826532370351,0.07432472876719688,0.5858796288499882,recycle
trashnet_metal128.jpg,train,294.4129163997437,0.9605756930194636,0.09584876914934427,0.5793874703912494,recycle
trashnet_metal131.jpg,train,66.69827033952595,0.9817541552922874,0.11235603594446782,0.7168641119894219,recycle
trashnet_metal132.jpg,train,229.3276945868033,0.95459918242835,0.05963688887445212,0.5270992893857721,recycle
trashnet_metal133.jpg,train,202.8978219090327,0.9626752599452131,0.07572430867007843,0.5900177523403964,recycle
trashnet_metal134.jpg,train,96.23374439461884,0.9874652159442316,0.07472212909016437,0.47892381450076815,recycle
trashnet_metal135.jpg,train,115.95898062139652,0.9867782336816161,0.10772482076208027,0.6252368415480523,recycle
trashnet_metal136.jpg,train,103.7185097693786,0.97063845899227,0.07630139243362669,0.6289282647169354,recycle
trashnet_metal138.jpg,train,569.7891776105062,0.789457639635855,0.09004207278718589,0.5402297861466538,recycle
trashnet_metal139.jpg,train,201.68946188340806,0.9706141959358451,0.0755553192235555,0.5041019066408087,recycle
trashnet_metal14.jpg,train,530.7727218129405,0.9429993728927841,0.1437153284406112,0.5350432030832741,recycle
trashnet_metal141.jpg,train,597.6025984945546,0.9019851085650293,0.06837573659346266,0.38907058555215007,recycle
trashnet_metal143.jpg,train,494.62836322869947,0.932303547432118,0.12618670471735297,0.5997117726636078,recycle
trashnet_metal144.jpg,train,355.99679692504805,0.9497289117638286,0.05486550880074806,0.4599084900098736,recycle
trashnet_metal145.jpg,train,173.6189141575913,0.9715113325704776,0.08808111689585457,0.6101225300925415,recycle
trashnet_metal146.jpg,train,76.38617072389495,0.9918684382518963,0.08416214317281343,0.6352363982420909,recycle
trashnet_metal148.jpg,train,32.273822869955154,0.9808390322793785,0.12621845835066087,0.8078945859950845,recycle
trashnet_metal149.jpg,train,63.565883247917995,0.9800642232170954,0.1400155966950303,0.779643490354017,recycle
trashnet_metal15.jpg,train,320.4756966688021,0.9205641078053632,0.05318412179179272,0.5961816410112103,recycle
trashnet_metal151.jpg,train,84.81520259449071,0.9863089179034292,0.024366493526050935,0.3115583526477781,recycle
trashnet_metal152.jpg,train,34.464325752722615,0.9787047803194228,0.12180952031530681,0.7878405538064461,recycle
trashnet_metal153.jpg,train,151.96348494554772,0.9801742332630465,0.05772972503986389,0.513242131320788,recycle
trashnet_metal154.jpg,train,47.281149903907746,0.9814265433111611,0.12228505467618231,0.7475963003788226,recycle
trashnet_metal155.jpg,train,10.725936899423447,0.9908187470213878,0.12657739514321126,0.8203932391789167,recycle
trashnet_metal156.jpg,train,35.24899903907752,0.9814864920917307,0.12876086475409612,0.7770873185123216,recycle
trashnet_metal157.jpg,train,23.219090326713648,0.9962536730702525,0.050098335160415695,0.5349954093956668,recycle
trashnet_metal16.jpg,train,858.5445427610507,0.8594705704158193,0.056531369898997756,0.366988445194461,recycle
trashnet_metal161.jpg,train,334.799147181294,0.9092663990846757,0.06403437038188169,0.5183951020277532,recycle
trashnet_metal162.jpg,train,123.26441383728377,0.9629016495380792,0.031152975471227494,0.2792479866695951,recycle
trashnet_metal163.jpg,train,278.46430573350415,0.9626547857360823,0.08079326260692452,0.5718940544738174,recycle
trashnet_metal164.jpg,train,233.44829035874443,0.8356078965868315,0.08390284567431254,0.5073957017310975,recycle
trashnet_metal165.jpg,train,35.45143337604099,0.9340081961249279,0.15289725108208416,0.7190951979062248,recycle
trashnet_metal166.jpg,train,16.112808295964125,0.9185491772159275,0.16111053397707334,0.7256741854330016,recycle
trashnet_metal167.jpg,train,99.90622998078153,0.9614571645895671,0.14186116405034946,0.7158292078587085,recycle
trashnet_metal168.jpg,train,169.40570948110184,0.9770046258928126,0.04626497906706501,0.4023411581374944,recycle
trashnet_metal169.jpg,train,176.8876121076233,0.9170864920982363,0.06712178849006287,0.5290709903148034,recycle
trashnet_metal170.jpg,train,140.0497277386291,0.9448980180920274,0.088401492406344,0.5594461159908509,recycle
trashnet_metal171.jpg,train,171.43197469570788,0.9471756957017031,0.0640512508819156,0.44484343911128904,recycle
trashnet_metal173.jpg,train,202.7772261370916,0.8933555967339525,0.06276999687784461,0.4414356599735569,recycle
trashnet_metal174.jpg,train,127.81906630365151,0.9858003244749867,0.08987092176554569,0.4994661156125678,recycle
trashnet_metal177.jpg,train,67.80164958360025,0.965764525694693,0.05261095743044106,0.43835895676173403,recycle
trashnet_metal179.jpg,train,57.310918481742476,0.9684067137440743,0.17605231756242395,0.8001714774759999,recycle
trashnet_metal18.jpg,train,74.09150784753362,0.9773817825105499,0.07509433259456988,0.6897938946495962,recycle
trashnet_metal181.jpg,train,362.3793842088405,0.8856201102588632,0.08025361486116618,0.6005079861901584,recycle
trashnet_metal182.jpg,train,60.43960201793722,0.9682315588675533,0.16373234192024333,0.7596313310134696,recycle
trashnet_metal183.jpg,train,43.65961322869955,0.9752305261336658,0.1360866426768079,0.7291500414259701,recycle
trashnet_metal185.jpg,train,190.838765214606,0.9751585062870102,0.06979394820112314,0.6420718939276927,recycle
trashnet_metal186.jpg,train,308.5182174887893,0.961614400196958,0.10674021533155764,0.5630079754896432,recycle
trashnet_metal188.jpg,train,358.1443385650224,0.929638802692006,0.09730287017161704,0.6176490914794289,recycle
trashnet_metal189.jpg,train,242.86436979500317,0.98155186890554,0.046883654745018336,0.47119346335992185,recycle
trashnet_metal19.jpg,train,118.71732863549006,0.9873262362268469,0.10241799289110043,0.6317950771343771,recycle
trashnet_metal191.jpg,train,314.5222613709161,0.9501731680566345,0.07891999443575802,0.5734207252083156,recycle
trashnet_metal192.jpg,train,410.09288917360664,0.9487976587568261,0.04817216760972934,0.43202977192002456,recycle
trashnet_metal194.jpg,train,277.9885890454837,0.9358697822214664,0.05177397971919486,0.46306493806751614,recycle
trashnet_metal196.jpg,train,905.0246436579115,0.8484263571281685,0.01374020046349845,0.12407130114368639,recycle
trashnet_metal198.jpg,train,551.9358784433056,0.9433936120381221,0.14068810181128882,0.5887298825319295,recycle
trashnet_metal199.jpg,train,78.08161835361946,0.9797953797553125,0.16211646719781012,0.7372831431722529,recycle
trashnet_metal20.jpg,train,484.1997517616913,0.943670701080144,0.03512951040182064,0.36329040701666165,recycle
trashnet_metal200.jpg,train,199.8472533632287,0.9578686261699215,0.1297702975020486,0.5984608727933382,recycle
trashnet_metal201.jpg,train,130.42330637411914,0.96774839085964,0.1091826444332983,0.6243698622610783,recycle
trashnet_metal202.jpg,train,207.16179532351055,0.9644835643370039,0.18393455332460926,0.6218071098275053,recycle
trashnet_metal203.jpg,train,79.5900064061499,0.9724601174704566,0.09002242655528905,0.7197817336914187,recycle
trashnet_metal204.jpg,train,83.4539357783472,0.9782024392322591,0.11516326204525869,0.734370339155036,recycle
trashnet_metal205.jpg,train,101.87413917360665,0.9745206089271821,0.07442561996436337,0.6458929117070135,recycle
trashnet_metal206.jpg,train,97.83792440743113,0.9645165881749068,0.10833413890501711,0.7249778519964055,recycle
trashnet_metal207.jpg,train,98.66175528507367,0.9664378075134309,0.15031333555963977,0.7468618543261717,recycle
trashnet_metal208.jpg,train,68.43187459961563,0.9774131115774213,0.13405640524722642,0.7748917651214906,recycle
trashnet_metal209.jpg,train,67.31055813581038,0.9857889006959315,0.14018743567493042,0.7303997719279058,recycle
trashnet_metal21.jpg,train,157.14115550928892,0.9677591163725944,0.09985537198188563,0.5590931858562167,recycle
trashnet_metal210.jpg,train,133.5663637091608,0.9626690387661389,0.12183901851308379,0.6857919873163415,recycle
trashnet_metal211.jpg,train,103.40711082639334,0.9666049406113227,0.09971391345527589,0.7028239122910125,recycle
trashnet_metal212.jpg,train,85.74489509929532,0.9805813184052129,0.15916227663498309,0.7186370846668537,recycle
trashnet_metal213.jpg,train,39.685438020499674,0.9904210529973679,0.18186090846693334,0.736122537349573,recycle
trashnet_metal214.jpg,train,47.06338084561178,0.9707493007971165,0.1583867965610088,0.7924644891689311,recycle
trashnet_metal215.jpg,train,145.4592408712364,0.9380565386824053,0.16304003878229228,0.7256711871903407,recycle
trashnet_metal216.jpg,train,230.5840206598334,0.9213001309837372,0.08718970535457518,0.6188381377928733,recycle
trashnet_metal218.jpg,train,115.2595892056374,0.9785058918449491,0.10671151020639603,0.6334094668389421,recycle
trashnet_metal219.jpg,train,187.4401225176169,0.9618338955980879,0.0956625763655154,0.5980141492087543,recycle
trashnet_metal22.jpg,train,256.3013492953235,0.9375379177255078,0.10932277808195294,0.629701288653641,recycle
trashnet_metal220.jpg,train,579.0221412556054,0.9156270349207685,0.08798380119294553,0.489297974346182,recycle
trashnet_metal221.jpg,train,219.8019098334401,0.9646107347942852,0.05556879434301987,0.3773901325438918,recycle
trashnet_metal226.jpg,train,470.58918561819326,0.9364070994696914,0.0601885867921211,0.4589815363646261,recycle
trashnet_metal227.jpg,train,104.22495595771939,0.9888381571000778,0.09018710792394494,0.6012958814866142,recycle
trashnet_metal228.jpg,train,34.94210442024343,0.9416411530695856,0.08939924668001689,0.5598291654310421,recycle
trashnet_metal229.jpg,train,334.6276225176169,0.9651131452490853,0.056977240258322695,0.36604933676061735,recycle
trashnet_metal23.jpg,train,249.124019058296,0.973171534328623,0.09035020499785834,0.5495499384579463,recycle
trashnet_metal230.jpg,train,183.22982062780267,0.9768784579024973,0.05459823908098857,0.5283856175254119,recycle
trashnet_metal231.jpg,train,133.65090486867393,0.9759316098975729,0.06287387020078422,0.5837759535178906,recycle
trashnet_metal232.jpg,train,842.1197149263292,0.8876228693093128,0.01746516476546023,0.18347795441804401,recycle
trashnet_metal233.jpg,train,139.15853219090326,0.985473829506487,0.10412812842015498,0.6384878982683402,recycle
trashnet_metal234.jpg,train,52.39594010249839,0.9869448611177394,0.1446603339187228,0.5858755370739537,recycle
trashnet_metal235.jpg,train,120.39281710442026,0.979952071201242,0.07775362261621468,0.6177272905064458,recycle
trashnet_metal236.jpg,train,437.9229059897501,0.9655828446765996,0.05621571741757014,0.41986226463003473,recycle
trashnet_metal237.jpg,train,55.46164317745034,0.9952844347219908,0.07042099070780468,0.4546276186142155,recycle
trashnet_metal239.jpg,train,316.09046684817423,0.968097938872231,0.08997381113317507,0.5459896471006827,recycle
trashnet_metal24.jpg,train,436.55641415759123,0.8633384487847313,0.0981980457903417,0.5700210484666257,recycle
trashnet_metal240.jpg,train,67.67322629724535,0.9729661196936614,0.07464190901484616,0.6001429920381598,recycle
trashnet_metal241.jpg,train,376.7108223894939,0.9428774561132119,0.08685992037025234,0.5361828643774417,recycle
trashnet_metal242.jpg,train,97.05501281229981,0.9785071920589516,0.07247608780126465,0.6595167207081699,recycle
trashnet_metal243.jpg,train,112.16511851377322,0.973661111506068,0.09719254789142902,0.6767328523999661,recycle
trashnet_metal244.jpg,train,244.13749199231262,0.9069252312800402,0.07432677640295189,0.5856370498118947,recycle
trashnet_metal245.jpg,train,105.457399103139,0.9603306931732926,0.10396011559457119,0.5117990458099062,recycle
trashnet_metal247.jpg,train,153.47331438180652,0.980314269261199,0.09387029782738769,0.5840219678859316,recycle
trashnet_metal248.jpg,train,80.6515855221012,0.9870159351255006,0.07987933449304152,0.63417713700105,recycle
trashnet_metal249.jpg,train,517.683896540679,0.9191676226862873,0.062029599246302886,0.5049657503872577,recycle
trashnet_metal251.jpg,train,485.8419282511211,0.9442147599812322,0.03421144155082832,0.27519349664528125,recycle
trashnet_metal252.jpg,train,497.52106021780907,0.95717139205372,0.14269016351060587,0.48454506147104964,recycle
trashnet_metal253.jpg,train,274.34122757847535,0.9288647564359974,0.08018546573723957,0.5328497148034164,recycle
trashnet_metal254.jpg,train,367.59296925048045,0.916619145423089,0.02504820660391312,0.22694988462830215,recycle
trashnet_metal255.jpg,train,250.94224455477257,0.9250953230395274,0.09807458536298055,0.6296001504228751,recycle
trashnet_metal257.jpg,train,602.2033352017937,0.8446266074440912,0.03987582589795103,0.32334203857783606,recycle
trashnet_metal258.jpg,train,991.2908792440742,0.8602668650018085,0.06787763188143796,0.3416047044031152,recycle
trashnet_metal259.jpg,train,206.4209441063421,0.9752828762232157,0.03695087341872762,0.48062651662981115,recycle
trashnet_metal26.jpg,train,180.04366191543883,0.9733757616451775,0.08894686320557295,0.5861934239591287,recycle
trashnet_metal260.jpg,train,159.4630845611787,0.9722927264964761,0.08661299766287861,0.6039370609470504,recycle
trashnet_metal264.jpg,train,286.08716367713,0.9609422538833677,0.0646522790688062,0.5514635861928296,recycle
trashnet_metal265.jpg,train,229.7656149903908,0.9759525786503545,0.07614431649122612,0.5629276799200189,recycle
trashnet_metal266.jpg,train,711.0943305573351,0.8375443637004787,0.08452987276531503,0.48704028118175563,recycle
trashnet_metal267.jpg,train,138.4759569186419,0.985808081434385,0.08600981772262883,0.5154349292015964,recycle
trashnet_metal268.jpg,train,110.22980060858424,0.9649088621051145,0.06825774106318362,0.6489538895975617,recycle
trashnet_metal269.jpg,train,118.37978459320948,0.988541052019159,0.07835875779733698,0.47495289876164715,recycle
trashnet_metal27.jpg,train,410.3891736066624,0.8959781047863831,0.07375111051169549,0.496804537465784,recycle
trashnet_metal270.jpg,train,476.38613068545794,0.9241343981267446,0.032258608574996295,0.33231283389219207,recycle
trashnet_metal271.jpg,train,207.4714125560538,0.9588047056743961,0.03900109591144361,0.4273150000967769,recycle
trashnet_metal272.jpg,train,46.94564782190903,0.9815751474947485,0.07404642234771742,0.6869873796356358,recycle
trashnet_metal273.jpg,train,436.787616111467,0.9502299188240246,0.08640119234650447,0.49977757819851076,recycle
trashnet_metal274.jpg,train,583.5402786675209,0.937123501336223,0.19597443733001363,0.5575213756737736,recycle
trashnet_metal275.jpg,train,310.8035313901345,0.9337315195600037,0.0805999628577114,0.6484342450260009,recycle
trashnet_metal276.jpg,train,193.88869314541958,0.9786500895640897,0.10960206908259512,0.5284556558748865,recycle
trashnet_metal277.jpg,train,290.7077794682896,0.9660119335505757,0.06196443557948311,0.5112674855406503,recycle
trashnet_metal278.jpg,train,98.54936739269698,0.9831656062305343,0.06671867617517353,0.5817506003555241,recycle
trashnet_metal279.jpg,train,90.69432655349135,0.95116034193532,0.14058827299788232,0.6441272084843526,recycle
trashnet_metal28.jpg,train,339.3077754644459,0.9455829112190826,0.08996616502598502,0.5980047597565676,recycle
trashnet_metal280.jpg,train,163.60371957078792,0.9670376440068369,0.06565325658162673,0.6376713592158637,recycle
trashnet_metal281.jpg,train,296.6150104099936,0.9830650277999956,0.10410961689788967,0.6070876775999858,recycle
trashnet_metal282.jpg,train,274.1066824151185,0.9665882363768886,0.09959167929134154,0.5008243078975243,recycle
trashnet_metal284.jpg,train,64.00790759128763,0.971830233826964,0.07505975368767057,0.6819331077745041,recycle
trashnet_metal285.jpg,train,146.57286995515693,0.9542599454703047,0.06806289769085132,0.6079511090182406,recycle
trashnet_metal286.jpg,train,341.1251201153107,0.9654038271290396,0.08643387460412166,0.5034621014551863,recycle
trashnet_metal288.jpg,train,261.4451273222293,0.9765994277270639,0.09844525121059179,0.531303177760599,recycle
trashnet_metal290.jpg,train,294.5962123638693,0.8940322393118314,0.053329260995354774,0.6222692096622733,recycle
trashnet_metal291.jpg,train,92.41736066623957,0.971726223787422,0.07624579602483555,0.6687353852583244,recycle
trashnet_metal292.jpg,train,333.1081638372838,0.9474635297744478,0.09520410276587155,0.5398043044938504,recycle
trashnet_metal293.jpg,train,253.7998278347213,0.9744273100519442,0.06102142170597879,0.5974603717568245,recycle
trashnet_metal295.jpg,train,498.4568585842409,0.8938310383335208,0.07179968539647423,0.5959095271143453,recycle
trashnet_metal296.jpg,train,314.09699311338886,0.9278783509170733,0.07957789161720705,0.47531740919453924,recycle
trashnet_metal297.jpg,train,54.79057895579756,0.9923064191975011,0.08478147285853196,0.6840095752002027,recycle
trashnet_metal298.jpg,train,408.5291880204997,0.8686199523769526,0.13184408776213843,0.5780117861706247,recycle
trashnet_metal299.jpg,train,246.433716367713,0.9808756101418459,0.1004156983103547,0.5408468867434382,recycle
trashnet_metal3.jpg,train,99.96820948110187,0.9496238166270868,0.2092331972534597,0.7592528928554441,recycle
trashnet_metal300.jpg,train,226.1117072389494,0.9771183984350009,0.10267428373689017,0.4917491733760574,recycle
trashnet_metal301.jpg,train,381.40406790518904,0.9321901565889237,0.07848366530569076,0.5106251738386611,recycle
trashnet_metal303.jpg,train,150.3990030429212,0.9625492507663989,0.07101939848520919,0.6124917157935619,recycle
trashnet_metal304.jpg,train,93.05100896860986,0.991807275116292,0.09617096274906559,0.6737916692080477,recycle
trashnet_metal305.jpg,train,166.41716047405504,0.9868408038854061,0.08036916894909361,0.5499782889226256,recycle
trashnet_metal306.jpg,train,233.96905028827672,0.9759763969768723,0.10953749948167407,0.6325971615863711,recycle
trashnet_metal307.jpg,train,98.60319907110826,0.9902722196897858,0.13411646168737307,0.5811478998038435,recycle
trashnet_metal308.jpg,train,102.59603219090326,0.9883508465381128,0.09966288281621338,0.5493403510903561,recycle
trashnet_metal31.jpg,train,222.10283872517613,0.9771922908079327,0.07860024977660422,0.40178886505454203,recycle
trashnet_metal311.jpg,train,32.07054772581679,0.997644800370784,0.0591692173883652,0.6086452394308222,recycle
trashnet_metal312.jpg,train,338.35808376041007,0.9547019423219202,0.03881149532715495,0.30122288879525316,recycle
trashnet_metal313.jpg,train,201.8051329276105,0.9785414519617945,0.0671761840937194,0.5774468116230178,recycle
trashnet_metal316.jpg,train,27.890434817424733,0.9930628944764343,0.10541985573043733,0.70235164429354,recycle
trashnet_metal317.jpg,train,106.28775624599616,0.9869079187426351,0.06148821881984168,0.5254157638951346,recycle
trashnet_metal318.jpg,train,94.6820747918001,0.9797764242698643,0.08601354646586855,0.6624877964031115,recycle
trashnet_metal32.jpg,train,205.40725096092248,0.9408464468321477,0.09718706457233267,0.6605611144002993,recycle
trashnet_metal320.jpg,train,88.08109785393978,0.9932657338301716,0.06912937745837139,0.5355956680750005,recycle
trashnet_metal321.jpg,train,189.94638853299165,0.9353208987180065,0.10996711493319555,0.5885464315960377,recycle
trashnet_metal322.jpg,train,93.19702914798206,0.9863108167543968,0.06095983012565078,0.4690626314284442,recycle
trashnet_metal323.jpg,train,134.69310538116594,0.9860843116605851,0.07034002032715905,0.5940667243538067,recycle
trashnet_metal325.jpg,train,175.40661034593214,0.9787404648661445,0.06370240350943927,0.4623978071689672,recycle
trashnet_metal327.jpg,train,196.35452033952598,0.9603980008404914,0.0596431735678026,0.5782512688813883,recycle
trashnet_metal328.jpg,train,262.1482423126201,0.9466904107145215,0.1049566595146255,0.615639810278665,recycle
trashnet_metal329.jpg,train,264.79518337604094,0.9666093169408007,0.0546188119858449,0.30994827833005195,recycle
trashnet_metal33.jpg,train,372.29716527866753,0.9615933336918007,0.0877279613462794,0.49080617679545757,recycle
trashnet_metal330.jpg,train,571.9534352978859,0.9114467208228941,0.09254854268527181,0.43979397522125585,recycle
trashnet_metal331.jpg,train,28.08726377322229,0.9974662383614529,0.08226240941719945,0.677049402338554,recycle
trashnet_metal332.jpg,train,101.17314622037155,0.9852827866236488,0.05225721626005134,0.5644171209159745,recycle
trashnet_metal334.jpg,train,68.86004564381807,0.9895865581576244,0.11073491302830768,0.6559773158835753,recycle
trashnet_metal335.jpg,train,306.92106422165284,0.9601494348729737,0.06740870392145665,0.5066151729743511,recycle
trashnet_metal337.jpg,train,114.16750080076872,0.9753991945376673,0.07743876068070514,0.6571279151530791,recycle
trashnet_metal338.jpg,train,57.13318786034593,0.9926216815474871,0.12779956881363494,0.6916212969834794,recycle
trashnet_metal34.jpg,train,68.47767857142858,0.9877752614349901,0.06892277774959533,0.600545205302,recycle
trashnet_metal340.jpg,train,196.85347934016656,0.9769549601878953,0.10368350306902686,0.6097145921773103,recycle
trashnet_metal341.jpg,train,175.11434977578477,0.9200800528560336,0.0706555506404691,0.5825474448910948,recycle
trashnet_metal342.jpg,train,715.0890655028827,0.8802021514864884,0.05982617579581361,0.440759070827727,recycle
trashnet_metal343.jpg,train,212.1385129724536,0.9429012395580056,0.09506625926564671,0.6351009164001981,recycle
trashnet_metal344.jpg,train,296.3325592568866,0.9120928103102467,0.09265219475349694,0.5907047832029974,recycle
trashnet_metal346.jpg,train,306.69855060858424,0.9676958672053038,0.0524684333764178,0.3359517769316216,recycle
trashnet_metal347.jpg,train,117.23030108904548,0.9677182163754429,0.1196410408147638,0.6589438619114543,recycle
trashnet_metal348.jpg,train,165.15739109545163,0.9839924427663136,0.09752253520672093,0.5360950262324391,recycle
trashnet_metal349.jpg,train,189.9155389173607,0.9836347063689127,0.06349501231050918,0.5889215734888001,recycle
trashnet_metal35.jpg,train,317.3223694746957,0.9670902718907894,0.09130260651276623,0.46667123886200124,recycle
trashnet_metal350.jpg,train,261.34276905829597,0.9669395127936627,0.13171532085777823,0.5729016123784126,recycle
trashnet_metal351.jpg,train,95.92124439461882,0.9762680994170582,0.07525649591644837,0.6061705582339393,recycle
trashnet_metal352.jpg,train,702.5483664317745,0.8471788501151759,0.05110956655236491,0.43779666558158875,recycle
trashnet_metal353.jpg,train,182.06123878923765,0.9453487080035733,0.1293333942486092,0.628085837783748,recycle
trashnet_metal354.jpg,train,307.7490390775144,0.9692728879692616,0.0671546018205067,0.5326452263668434,recycle
trashnet_metal355.jpg,train,16.964846252402307,0.997280133054615,0.09464342296060255,0.598405235394783,recycle
trashnet_metal356.jpg,train,588.0728098975015,0.8201736055428562,0.05542314391000947,0.5988902585572241,recycle
trashnet_metal357.jpg,train,417.94222453555415,0.9262787544106312,0.04359148387351444,0.4684569693129438,recycle
trashnet_metal358.jpg,train,201.80525304292127,0.9661891694781948,0.08259438377324885,0.5762897847989629,recycle
trashnet_metal359.jpg,train,139.66603939782192,0.9765093848211319,0.0704064343528678,0.5381889328478767,recycle
trashnet_metal360.jpg,train,72.97449551569507,0.9925023463511602,0.09977008188464709,0.7320345605855464,recycle
trashnet_metal362.jpg,train,73.02396300448432,0.9906272582882125,0.06292823912994415,0.570761830816455,recycle
trashnet_metal363.jpg,train,262.0135730301089,0.9612963938968693,0.09791256996803947,0.5569418368066019,recycle
trashnet_metal364.jpg,train,229.17550848814864,0.9643781849164209,0.07440238215318161,0.4553334833742487,recycle
trashnet_metal365.jpg,train,73.05329115951314,0.9912316414870476,0.03285983507119367,0.4679146130049844,recycle
trashnet_metal366.jpg,train,141.41529868673928,0.9849638843541677,0.08997739342155567,0.5713942514046528,recycle
trashnet_metal368.jpg,train,88.02144058295964,0.9894859375711847,0.09775243233100278,0.6602847494446294,recycle
trashnet_metal37.jpg,train,52.02748638693146,0.9710835466426175,0.06932283338949806,0.5475359941309722,recycle
trashnet_metal370.jpg,train,171.74247277386291,0.9749648451490281,0.10463768286395056,0.5950429256956375,recycle
trashnet_metal371.jpg,train,149.14443866111466,0.9647043322266611,0.07103735253935092,0.6466134708408157,recycle
trashnet_metal372.jpg,train,28.605641415759127,0.9949611710625023,0.08414801828383375,0.6513448687070068,recycle
trashnet_metal373.jpg,train,146.88066543882127,0.987450752761089,0.15583711179673454,0.7122670150337632,recycle
trashnet_metal374.jpg,train,584.539357783472,0.9249857350181107,0.02884883990172793,0.2364096463571251,recycle
trashnet_metal375.jpg,train,38.159993593850096,0.9924098581716659,0.08363547301721379,0.6298495021938714,recycle
trashnet_metal376.jpg,train,164.6515454836643,0.9688977080753384,0.07235447949516652,0.5366888695853229,recycle
trashnet_metal377.jpg,train,303.3206077834721,0.9784033939984772,0.0933900842762711,0.44062195033570745,recycle
trashnet_metal378.jpg,train,122.31312059577193,0.97932964508831,0.1207400796964456,0.7319716990119097,recycle
trashnet_metal379.jpg,train,35.25192184497118,0.9925489641476039,0.0791107791750597,0.6557474506205428,recycle
trashnet_metal380.jpg,train,449.04980781550285,0.940641814686107,0.042460318716476805,0.3296359435999306,recycle
trashnet_metal381.jpg,train,258.1139293721973,0.9562392177312342,0.05146794674210786,0.47969740418491175,recycle
trashnet_metal382.jpg,train,132.34873478539396,0.9669016531239262,0.0767320765521898,0.569596520998216,recycle
trashnet_metal383.jpg,train,844.8933175848816,0.9384596526292472,0.03940119899017194,0.3686439343926933,recycle
trashnet_metal384.jpg,train,327.8902746636771,0.9394594663797745,0.10242032994742893,0.5138181863071474,recycle
trashnet_metal385.jpg,train,179.6570307495195,0.9739570261748933,0.12225257115114148,0.6603919243319797,recycle
trashnet_metal386.jpg,train,50.59543161434978,0.9950089701861948,0.07672795943796107,0.5769814964168196,recycle
trashnet_metal387.jpg,train,113.85267857142858,0.9894269907703527,0.07988315373104103,0.4678918138282494,recycle
trashnet_metal388.jpg,train,996.8205477258167,0.8298028082966384,0.0584639861990821,0.3314081249402356,recycle
trashnet_metal389.jpg,train,104.46895019218451,0.9769517415645703,0.07674203610399259,0.564970017347398,recycle
trashnet_metal390.jpg,train,601.6671204356182,0.9004182899228595,0.06960045865758623,0.37438403117169733,recycle
trashnet_metal391.jpg,train,188.8952794682896,0.9842111670510549,0.14264574947174477,0.39921316758512604,recycle
trashnet_metal392.jpg,train,302.4127362267777,0.9679751680931796,0.04207117228191469,0.2392666695833197,recycle
trashnet_metal393.jpg,train,62.219270499679695,0.9693446073049357,0.1013510910503987,0.5908627677457583,recycle
trashnet_metal394.jpg,train,287.9876481422165,0.9734695415236936,0.07608393321635074,0.4038634559000251,recycle
trashnet_metal396.jpg,train,342.5441824151185,0.962994202831182,0.07058521070678725,0.5794733737497377,recycle
trashnet_metal397.jpg,train,202.1592128443305,0.9374301679621668,0.13213406593023103,0.6231341229427195,recycle
trashnet_metal398.jpg,train,240.21612748238303,0.9604336965598608,0.10561959513715223,0.5952153349771006,recycle
trashnet_metal399.jpg,train,149.84256886611146,0.9849119630957042,0.13678804046611617,0.6285605714399456,recycle
trashnet_metal4.jpg,train,37.78273142216527,0.9727269947463929,0.1612639652261211,0.8276324541165443,recycle
trashnet_metal40.jpg,train,326.95521700832796,0.9226146462065968,0.06383585258559502,0.513496980694645,recycle
trashnet_metal400.jpg,train,253.1645779948751,0.9576515405793712,0.1300812036961601,0.5891264952284946,recycle
trashnet_metal401.jpg,train,164.07190903267136,0.9826245271642339,0.14689169234336374,0.611168839500627,recycle
trashnet_metal402.jpg,train,630.244614830237,0.8700059437128619,0.04477199630793955,0.4943524310423485,recycle
trashnet_metal403.jpg,train,159.62405909673285,0.9694415690577195,0.07983392989474149,0.6443012685127746,recycle
trashnet_metal404.jpg,train,147.89009449071114,0.9845231059054195,0.05971688402330116,0.5007390322363542,recycle
trashnet_metal406.jpg,train,798.9398622677771,0.9078717719764973,0.04980438564529438,0.3209136345580273,recycle
trashnet_metal407.jpg,train,323.07775464445865,0.9507120223374574,0.07963597290560748,0.5780161354338724,recycle
trashnet_metal408.jpg,train,237.54153987828315,0.9718074693527524,0.09588425733846338,0.6022999612110332,recycle
trashnet_metal409.jpg,train,230.81073830877648,0.9600110905229206,0.07972235946997357,0.6771934314080571,recycle
trashnet_metal41.jpg,train,193.61753283151828,0.9753761680308058,0.09262843594040081,0.6309668430941753,recycle
trashnet_metal410.jpg,train,39.294642857142854,0.9912564371925776,0.07325207928575585,0.6075558976886701,recycle
trashnet_metal42.jpg,train,765.614489910314,0.8910572128292676,0.039731471627161175,0.3902428423261902,recycle
trashnet_metal43.jpg,train,238.41593930172965,0.9576997800237812,0.05773539130157529,0.5365330484293148,recycle
trashnet_metal44.jpg,train,519.1197950032032,0.9512697481425597,0.07389716290529273,0.3764419953216023,recycle
trashnet_metal45.jpg,train,96.19492713004485,0.9899798530872613,0.1040589779922668,0.6178189907008345,recycle
trashnet_metal46.jpg,train,810.861507046765,0.8812010932774086,0.014657014426973897,0.1909352415600604,recycle
trashnet_metal47.jpg,train,87.86324871877001,0.9884679564698745,0.09296048519303111,0.6196810673379051,recycle
trashnet_metal49.jpg,train,89.79312139654067,0.9842542600627509,0.0790807667543442,0.483152240485075,recycle
trashnet_metal5.jpg,train,216.4672285393978,0.9061128697509191,0.03745549495268341,0.37808055061423984,recycle
trashnet_metal50.jpg,train,362.6239990390775,0.9275608392322308,0.03683620785853615,0.3191254264903759,recycle
trashnet_metal51.jpg,train,124.57062780269057,0.9713670559577726,0.0898587022178744,0.6861446625827481,recycle
trashnet_metal52.jpg,train,1200.374419442665,0.8255905086581601,0.040759005855652404,0.24219629408444587,recycle
trashnet_metal53.jpg,train,250.90270659833436,0.9658565155621053,0.07343850898301646,0.6115147600396182,recycle
trashnet_metal54.jpg,train,300.79440262652145,0.9660456150960617,0.05380341403926999,0.38705868247025393,recycle
trashnet_metal57.jpg,train,239.148902946829,0.9434337033913407,0.0544367957290215,0.6133860984367461,recycle
trashnet_metal58.jpg,train,58.570467648943,0.9916751624575846,0.09233023284667544,0.6821910819260699,recycle
trashnet_metal59.jpg,train,34.49337363869314,0.99075716796541,0.09109879809524121,0.6266030093569658,recycle
trashnet_metal6.jpg,train,28.280209000640617,0.9847136796862669,0.1317087028371723,0.8275020908717187,recycle
trashnet_metal60.jpg,train,197.87449951953874,0.9800041233057858,0.08307308603964303,0.6092845495513529,recycle
trashnet_metal61.jpg,train,1091.7466768097374,0.8876234975375642,0.03428754200529513,0.24843948687116568,recycle
trashnet_metal62.jpg,train,236.23322389493913,0.9616497041999874,0.08972135102184428,0.6474491585008397,recycle
trashnet_metal63.jpg,train,193.97509609224858,0.971506554130039,0.14617558732006053,0.5963094999634877,recycle
trashnet_metal64.jpg,train,205.88380845611792,0.9799813908516938,0.06946202344368373,0.4810555793007929,recycle
trashnet_metal65.jpg,train,424.9571989109545,0.9473565446608786,0.0695234426857384,0.5336262637583605,recycle
trashnet_metal67.jpg,train,84.61038597053171,0.9828774944336431,0.06840838636633817,0.614302925746242,recycle
trashnet_metal68.jpg,train,187.14147581678412,0.9618282661067091,0.08518985943755882,0.6095936960190688,recycle
trashnet_metal69.jpg,train,74.3289357783472,0.976944941026958,0.06619519790621405,0.6635281895878307,recycle
trashnet_metal7.jpg,train,82.96060217809097,0.9653124217747481,0.11046493270164866,0.7399258161148077,recycle
trashnet_metal70.jpg,train,191.36811338885332,0.9638625278094172,0.07630307976393724,0.6055925761426321,recycle
trashnet_metal71.jpg,train,361.9811418962203,0.9464582156507994,0.12352930971369386,0.5264394134344327,recycle
trashnet_metal72.jpg,train,549.2461963484947,0.9079611429470639,0.09442952768437186,0.45604283119838424,recycle
trashnet_metal73.jpg,train,159.47341447789879,0.977625321140995,0.09242581125383101,0.644570461257416,recycle
trashnet_metal74.jpg,train,531.3820067264573,0.9182875200293832,0.042838026262231495,0.4542697589236492,recycle
trashnet_metal75.jpg,train,404.42881165919283,0.9193636830207952,0.0507497611801557,0.4783351279137738,recycle
trashnet_metal77.jpg,train,912.8203875720691,0.8843926835419521,0.0221810727095644,0.1993307318118626,recycle
trashnet_metal78.jpg,train,122.329015855221,0.9749515689449751,0.09561170453112144,0.6450952216231003,recycle
trashnet_metal79.jpg,train,24.724715727098015,0.9964954745215359,0.06585577887756032,0.6009724872917177,recycle
trashnet_metal8.jpg,train,52.08410073670723,0.9819147219466844,0.13151788780377438,0.7770328358160008,recycle
trashnet_metal80.jpg,train,168.6808135810378,0.9711093393855413,0.063498999677781,0.4662239497998046,recycle
trashnet_metal81.jpg,train,42.86176729660474,0.9950941771395562,0.08325830256386148,0.6583952771378665,recycle
trashnet_metal82.jpg,train,203.76659593209482,0.9315333900146204,0.1616254970718713,0.6613341826862771,recycle
trashnet_metal83.jpg,train,130.5227218129404,0.9836500554039658,0.05803721967827078,0.46228188104257106,recycle
trashnet_metal84.jpg,train,419.3735986547085,0.9632844639399806,0.09109588242585803,0.44409348525659176,recycle
trashnet_metal85.jpg,train,60.05343129404228,0.9889324110192371,0.0863391293961888,0.6687184534466292,recycle
trashnet_metal86.jpg,train,148.06856582319026,0.9657868253157056,0.06635681681704604,0.554314873388223,recycle
trashnet_metal88.jpg,train,305.20211402946825,0.9762542485995163,0.037851302541975336,0.3325649702391797,recycle
trashnet_metal89.jpg,train,455.0707679372198,0.9637388876317716,0.04459512888409814,0.43538234990811897,recycle
trashnet_metal9.jpg,train,58.56724455477257,0.9842869959071345,0.1128049946099186,0.7424767328317441,recycle
trashnet_metal90.jpg,train,177.07965647021143,0.9621007182509663,0.0695900529227594,0.6436092648393396,recycle
trashnet_metal91.jpg,train,35.47039157591287,0.984575733956653,0.06770634195428751,0.6806356098516989,recycle
trashnet_metal92.jpg,train,201.17370675848812,0.9357899840241469,0.10784810248695699,0.7064237984786887,recycle
trashnet_metal93.jpg,train,378.50268257527233,0.966456947873455,0.09889456226083436,0.5748284484321272,recycle
trashnet_metal94.jpg,train,889.0097093209481,0.8409963978149169,0.043180739549493016,0.284221891737842,recycle
trashnet_metal95.jpg,train,61.018557815502874,0.9927855376845699,0.13563894816405198,0.6492189625498828,recycle
trashnet_metal96.jpg,train,59.91898222293403,0.9949024983739732,0.12405216960560256,0.6675340387658029,recycle
trashnet_metal98.jpg,train,242.2245956117873,0.957867766835649,0.09253473644712666,0.5245810319163117,recycle
trashnet_metal99.jpg,train,128.33764413837284,0.9818299560932845,0.07099910584331377,0.6247095122493813,recycle
trashnet_paper1.jpg,train,244.80152946828954,0.9532974501946866,0.09016754662977919,0.5975436129435812,recycle
trashnet_paper100.jpg,train,1168.87125640615,0.8881295551010715,0.027824974511164127,0.24617840644072386,recycle
trashnet_paper101.jpg,train,817.2551049007044,0.8646769086191318,0.04061602922967727,0.351130884611109,recycle
trashnet_paper103.jpg,train,1044.3059537155668,0.8670690204539495,0.021663671240367124,0.22622009776764557,recycle
trashnet_paper104.jpg,train,528.4106742472775,0.9059093568509102,0.039100495913374986,0.3890519280382643,recycle
trashnet_paper105.jpg,train,1315.3113388853299,0.765728998339987,0.04232774614796716,0.3627707372611911,recycle
trashnet_paper107.jpg,train,44.34865470852017,0.9811230871587122,0.043067713664348126,0.5299362723691566,recycle
trashnet_paper108.jpg,train,1190.2452554452277,0.8768367452743456,0.027872234536253544,0.31943058376762556,recycle
trashnet_paper11.jpg,train,48.179732543241514,0.9617350278200921,0.06801041786179675,0.6202570980605726,recycle
trashnet_paper111.jpg,train,532.3319786995515,0.9577676353745475,0.0555641639656624,0.5544725611533964,recycle
trashnet_paper112.jpg,train,544.6518457719411,0.8762927784645247,0.03206434229502614,0.35431896322547707,recycle
trashnet_paper113.jpg,train,120.84493113388852,0.9887125321569556,0.07056281530797529,0.531735184502504,recycle
trashnet_paper114.jpg,train,1066.3165639013453,0.8017049775623483,0.019419446775951615,0.19085953552820786,recycle
trashnet_paper115.jpg,train,104.99843850096093,0.9243627884096669,0.03964253385214825,0.4091717834007287,recycle
trashnet_paper118.jpg,train,264.0196188340807,0.9283902128944149,0.04627513470139952,0.5911958712954652,recycle
trashnet_paper119.jpg,train,16.625980941704036,0.9937968877246087,0.054264225139779076,0.647868513116698,recycle
trashnet_paper12.jpg,train,304.87457959641256,0.9001187252647188,0.04999102894057905,0.4700966506820916,recycle
trashnet_paper120.jpg,train,35.807615310698274,0.9787787549886461,0.10578343701838268,0.6414758875246472,recycle
trashnet_paper121.jpg,train,860.2080597373478,0.8813171970745367,0.02864093969455978,0.20438623015810142,recycle
trashnet_paper122.jpg,train,238.72473574631638,0.9276684930160457,0.06913912216336603,0.6188390758247049,recycle
trashnet_paper123.jpg,train,317.12752242152465,0.9575271757302036,0.03407899904297887,0.39900944269941796,recycle
trashnet_paper125.jpg,train,314.1727658552209,0.9456146980989083,0.03802844329202989,0.457283826148745,recycle
trashnet_paper126.jpg,train,89.16259609224856,0.9649166740975695,0.09267026069760796,0.631467609653382,recycle
trashnet_paper127.jpg,train,200.83848494554778,0.9860462996328986,0.07292728299267755,0.5660958026777437,recycle
trashnet_paper128.jpg,train,110.12502001921845,0.92801687453453,0.06982867828704255,0.6293516139448764,recycle
trashnet_paper129.jpg,train,592.0497677770659,0.9248714513310602,0.03479423099042659,0.35469687428432056,recycle
trashnet_paper13.jpg,train,40.11264814221652,0.9664235812798563,0.04776700048109571,0.424208363103925,recycle
trashnet_paper130.jpg,train,143.58618273542604,0.9614145196539517,0.07921392757615259,0.6421768537815391,recycle
trashnet_paper131.jpg,train,309.46578715566943,0.9515633416932122,0.05245129407355906,0.5618325121214286,recycle
trashnet_paper132.jpg,train,21.39093529788597,0.9899182607483338,0.05672516817391421,0.647177798299337,recycle
trashnet_paper133.jpg,train,393.64914317745036,0.9576870373689871,0.06925108047962188,0.57775973817198,recycle
trashnet_paper134.jpg,train,37.025044042280584,0.9860939013374745,0.04094290160443722,0.5446583585710351,recycle
trashnet_paper135.jpg,train,915.693105381166,0.8502843999931933,0.02209899118766603,0.23999814083435259,recycle
trashnet_paper136.jpg,train,516.5428411274823,0.9431752777925783,0.05265205926310898,0.3767575448163739,recycle
trashnet_paper137.jpg,train,56.64511931454196,0.960989886922669,0.03745916215525345,0.3440476030821094,recycle
trashnet_paper138.jpg,train,77.33265935297887,0.9307894802386417,0.04758643812816038,0.4662516268075325,recycle
trashnet_paper139.jpg,train,385.85420003203075,0.9627840556203463,0.03290983548753026,0.40928550546087206,recycle
trashnet_paper140.jpg,train,596.5878843689941,0.9038394655457715,0.030795066672856575,0.33108390878126776,recycle
trashnet_paper141.jpg,train,201.16900224215246,0.9616715255112306,0.04128078860964282,0.5318343382045367,recycle
trashnet_paper142.jpg,train,45.04632447149262,0.99058163626324,0.055444540156952785,0.6101781509091925,recycle
trashnet_paper143.jpg,train,74.34645259449071,0.9503345596397473,0.052496091972537774,0.541554102850476,recycle
trashnet_paper144.jpg,train,243.7716607943626,0.943899380732662,0.051156040836000304,0.5920463634546413,recycle
trashnet_paper146.jpg,train,22.14784192825112,0.9920102770172089,0.09490424218375756,0.6633818584273942,recycle
trashnet_paper149.jpg,train,73.03911755285074,0.9667116539578376,0.04750213584714139,0.5155586499333485,recycle
trashnet_paper15.jpg,train,446.01951873798845,0.9330532482835282,0.030615001397363766,0.36158708122552335,recycle
trashnet_paper151.jpg,train,102.46392536835363,0.9697370768637746,0.056126362972814,0.5434553979121228,recycle
trashnet_paper152.jpg,train,449.34741351697625,0.9367304524534589,0.035404139231467145,0.3142043607700639,recycle
trashnet_paper153.jpg,train,512.6937860345932,0.911423668754361,0.026892841525814032,0.3608244657544625,recycle
trashnet_paper154.jpg,train,28.42148462524023,0.9805535475751238,0.04909122405979166,0.575186484557663,recycle
trashnet_paper155.jpg,train,467.3851697629724,0.942884476702741,0.037526066368049026,0.3821264104324549,recycle
trashnet_paper156.jpg,train,99.62888372837924,0.9416434872006872,0.04337056141222855,0.46982637485910494,recycle
trashnet_paper157.jpg,train,49.05102898782831,0.9667497365452357,0.07457601163207575,0.5133307491375091,recycle
trashnet_paper158.jpg,train,4.201673606662396,0.9977552600597531,0.09316570135321663,0.6968087532376056,recycle
trashnet_paper159.jpg,train,126.60516095451634,0.9689665320973285,0.05783424186876854,0.5521801607439158,recycle
trashnet_paper16.jpg,train,197.9397621716848,0.9709049783597474,0.052049702328943195,0.48271384431474873,recycle
trashnet_paper162.jpg,train,174.87211723254325,0.9780145039319935,0.04546215310972245,0.4587626892189248,recycle
trashnet_paper163.jpg,train,995.3543401665598,0.8771307301921369,0.022015975640649967,0.1905599665564195,recycle
trashnet_paper164.jpg,train,127.60253843689944,0.9540987092205231,0.06027705560592325,0.614867216610565,recycle
trashnet_paper165.jpg,train,581.9802610506085,0.9392410485739608,0.03606496791291829,0.40166618621875344,recycle
trashnet_paper166.jpg,train,165.53567424727737,0.9799088627377412,0.03384970139328693,0.30551495189460465,recycle
trashnet_paper167.jpg,train,268.8428691543882,0.9679934763570217,0.052445091298854746,0.5800166773135667,recycle
trashnet_paper168.jpg,train,73.08528187059578,0.9858781695992402,0.09091624523965615,0.6376933224704345,recycle
trashnet_paper169.jpg,train,22.925088084561175,0.9861536785449414,0.0745085499108278,0.5114455710251755,recycle
trashnet_paper17.jpg,train,1255.5630405188983,0.82744039364337,0.0463883781733597,0.47314422806193834,recycle
trashnet_paper170.jpg,train,32.179732543241514,0.9810198731336641,0.06805716232590217,0.5544692422997267,recycle
trashnet_paper171.jpg,train,9.572669762972453,0.9966949745354571,0.051404248526351726,0.5749052212690142,recycle
trashnet_paper172.jpg,train,47.47191303651505,0.9943684493691498,0.0594387452402605,0.5374947830867984,recycle
trashnet_paper174.jpg,train,1230.7034352978862,0.8716714486078945,0.019555425941652247,0.19512257440799213,recycle
trashnet_paper178.jpg,train,183.64800208199873,0.8473128107994621,0.05359606165842509,0.49700434634539825,recycle
trashnet_paper179.jpg,train,142.8978018898142,0.9519128711441484,0.06689068436369426,0.6319120004672869,recycle
trashnet_paper180.jpg,train,192.07915598975018,0.9728710121401052,0.07108407133799978,0.5902340552125883,recycle
trashnet_paper181.jpg,train,130.31836563100578,0.9143657474009801,0.03596867803546775,0.3789891151810989,recycle
trashnet_paper182.jpg,train,1238.3179652466365,0.809652679427174,0.03057650388366297,0.2271360218912088,recycle
trashnet_paper183.jpg,train,484.6619354580397,0.9068394615977918,0.03431380179901899,0.4103171808213322,recycle
trashnet_paper185.jpg,train,299.10103699551564,0.9614451615208571,0.05546728291504398,0.47902506738582445,recycle
trashnet_paper186.jpg,train,205.7061779308136,0.9667821704376445,0.05385557481833357,0.5418435374038094,recycle
trashnet_paper187.jpg,train,80.06700432415116,0.8884186267895366,0.054686765099024724,0.5278467156089305,recycle
trashnet_paper188.jpg,train,931.5872037155671,0.9001067196992567,0.02308448536001854,0.23765295643343493,recycle
trashnet_paper189.jpg,train,677.7947429532351,0.8862584061501984,0.02867278027533553,0.28746731655697033,recycle
trashnet_paper19.jpg,train,103.4365390775144,0.965584515517014,0.07560245721491284,0.5952940633385656,recycle
trashnet_paper191.jpg,train,59.83786434977578,0.9489596801775925,0.047089531857114855,0.45178137784172107,recycle
trashnet_paper192.jpg,train,1544.1269018257526,0.8060783110745088,0.02900180245373616,0.2757477176160999,recycle
trashnet_paper193.jpg,train,160.20683856502242,0.9848016381899632,0.04539848084377801,0.39227146228968,recycle
trashnet_paper195.jpg,train,237.14962363869316,0.9711909318085711,0.04236337905957217,0.4655246817165036,recycle
trashnet_paper196.jpg,train,921.7968449711723,0.8249496040320411,0.023065228350081204,0.23606336537635442,recycle
trashnet_paper197.jpg,train,261.06692424727737,0.9648644391230101,0.06443383019225914,0.5021268656091218,recycle
trashnet_paper198.jpg,train,762.4940943305573,0.8995010058955742,0.042164620757174046,0.3528749650021523,recycle
trashnet_paper199.jpg,train,373.4600416399744,0.9644436561621514,0.045788707677872874,0.5229046979477227,recycle
trashnet_paper20.jpg,train,969.0814982383087,0.8944691157799791,0.047581833221370974,0.33809073353809405,recycle
trashnet_paper200.jpg,train,52.890955317104414,0.9786015438485447,0.08940497566015473,0.7022223036558148,recycle
trashnet_paper201.jpg,train,37.521220371556694,0.9917527797594166,0.07591815154828307,0.6999039793677311,recycle
trashnet_paper202.jpg,train,44.587323830877644,0.9890141865878124,0.08230817734421193,0.609686303409975,recycle
trashnet_paper203.jpg,train,28.901225176169127,0.984811190157778,0.12746952854843482,0.6849932467958912,recycle
trashnet_paper204.jpg,train,141.3400464445868,0.9400626023616382,0.045313771818767716,0.46571949591747047,recycle
trashnet_paper206.jpg,train,693.6001961883408,0.8716936683870342,0.030337545315486002,0.3709762884075747,recycle
trashnet_paper208.jpg,train,498.2194706918642,0.9250765644835123,0.09750575466409973,0.46560882312847923,recycle
trashnet_paper209.jpg,train,749.447869955157,0.9176483427598479,0.03795129576511477,0.21125097391163386,recycle
trashnet_paper210.jpg,train,205.53373238308774,0.9540788805073904,0.044520603937133245,0.48671707271734616,recycle
trashnet_paper212.jpg,train,23.162816303651503,0.9861141197185149,0.05380737291340485,0.5751674232516197,recycle
trashnet_paper213.jpg,train,69.60818385650224,0.9891960891103759,0.08756192750856337,0.6347219069251676,recycle
trashnet_paper214.jpg,train,1301.3433896540678,0.8327058368717014,0.01730907171095254,0.18412898432816596,recycle
trashnet_paper215.jpg,train,642.0921284433057,0.8980705400294637,0.04653459685240796,0.37489274985192933,recycle
trashnet_paper216.jpg,train,135.55068866111466,0.9692313887927126,0.08365323573753407,0.6236640218224964,recycle
trashnet_paper217.jpg,train,818.3023102178092,0.8641911307807407,0.024489445369799762,0.24425212831759252,recycle
trashnet_paper218.jpg,train,219.17478779628442,0.9731767965110696,0.04596426506707518,0.5037088824997138,recycle
trashnet_paper219.jpg,train,41.42628923766815,0.9563407954213119,0.049768298480948873,0.4845891603203745,recycle
trashnet_paper220.jpg,train,114.02150064061499,0.9424948610061358,0.08996203434323398,0.5811564290241521,recycle
trashnet_paper221.jpg,train,276.16283632286996,0.9706325315305809,0.051327734039914266,0.5448318391060462,recycle
trashnet_paper222.jpg,train,67.23310377962842,0.9475475235767717,0.04894368930709472,0.5345759816765788,recycle
trashnet_paper223.jpg,train,245.5748518577835,0.9640762265134982,0.03254528351643974,0.3016167731149857,recycle
trashnet_paper226.jpg,train,13.017276585522099,0.9947141252432965,0.09563218998723833,0.6835140686113698,recycle
trashnet_paper227.jpg,train,896.5264053491351,0.8587469568004414,0.019120853238058733,0.21795313005929223,recycle
trashnet_paper229.jpg,train,77.25300288276745,0.9797763590555557,0.039800965370442976,0.39932826788650705,recycle
trashnet_paper23.jpg,train,398.7948830877642,0.9641912831234712,0.04274904301498344,0.2948492797580604,recycle
trashnet_paper230.jpg,train,300.5598975016015,0.9098071254909932,0.04756667409740832,0.6205030343097145,recycle
trashnet_paper231.jpg,train,510.0174367392697,0.92122808280543,0.03644378167101828,0.3444949029106867,recycle
trashnet_paper232.jpg,train,63.63272741832159,0.9399550043096159,0.04296415555592379,0.4669851845542094,recycle
trashnet_paper233.jpg,train,536.2498398462524,0.9219878813018174,0.052484351067718545,0.4728444132925097,recycle
trashnet_paper234.jpg,train,268.86969490711084,0.9510009203431231,0.09875034046524941,0.5546876218880805,recycle
trashnet_paper235.jpg,train,134.65679051889816,0.9769986736799482,0.056764553043364856,0.576127512701363,recycle
trashnet_paper236.jpg,train,704.8715967328637,0.9126851549822151,0.026078799290985118,0.30439816635968747,recycle
trashnet_paper237.jpg,train,589.4042680973735,0.9637398902302763,0.10418561084937716,0.6762021961861361,recycle
trashnet_paper238.jpg,train,77.1810538116592,0.978655350999509,0.06107573358588054,0.5651768125185357,recycle
trashnet_paper24.jpg,train,766.0839005445227,0.8854931592424814,0.039230642931766306,0.3550141039566017,recycle
trashnet_paper240.jpg,train,59.91421764894299,0.9166637493697639,0.06539213585337068,0.5351621690473749,recycle
trashnet_paper241.jpg,train,39.26367312620115,0.9760599019898287,0.04735217431241731,0.53103944971592,recycle
trashnet_paper242.jpg,train,119.81412155669442,0.9114151641632375,0.10128368300968023,0.6405052699913737,recycle
trashnet_paper244.jpg,train,307.48504564381807,0.8762707799838586,0.050856888902076174,0.48930455955390006,recycle
trashnet_paper245.jpg,train,721.0429412235745,0.9161810479384898,0.021461759974792202,0.24539661873958282,recycle
trashnet_paper247.jpg,train,1075.3847293401666,0.8724577874894383,0.024313091492863242,0.24407800179102684,recycle
trashnet_paper248.jpg,train,612.8834681294042,0.9298143955691147,0.06214579529174801,0.41802696619222524,recycle
trashnet_paper249.jpg,train,112.66754083920564,0.9413499710817902,0.050351140197398794,0.5451503923512486,recycle
trashnet_paper25.jpg,train,298.22379484304935,0.959185500068711,0.04190585992055213,0.44552911993178557,recycle
trashnet_paper250.jpg,train,294.2150064061499,0.9632740971553262,0.05780065812674731,0.4453406542205375,recycle
trashnet_paper251.jpg,train,235.86745275464443,0.9597894855821133,0.0896579388565006,0.6044977162036373,recycle
trashnet_paper252.jpg,train,172.6293041319667,0.9599774874231531,0.07100934601343717,0.5917829206316099,recycle
trashnet_paper253.jpg,train,144.4978979820628,0.9831778261298046,0.04618351475376123,0.556439790271638,recycle
trashnet_paper255.jpg,train,9.509308936579115,0.9955325233566693,0.05889111884135563,0.6698446582328779,recycle
trashnet_paper256.jpg,train,32.057074791800126,0.9912567373064332,0.08833146159614677,0.6736939010640456,recycle
trashnet_paper257.jpg,train,206.01999919923122,0.9705399529806156,0.07822013980178698,0.6424959251166743,recycle
trashnet_paper258.jpg,train,80.62538036515055,0.9769118990874821,0.04625128816921994,0.544609081552661,recycle
trashnet_paper259.jpg,train,232.45471652786676,0.9701526773720578,0.06338216714464792,0.5388466390058445,recycle
trashnet_paper26.jpg,train,601.2789878283152,0.9172379914677585,0.02309525533089244,0.2403970360972833,recycle
trashnet_paper260.jpg,train,355.7606702434337,0.9474250555175624,0.04320016073493784,0.43063067081825646,recycle
trashnet_paper261.jpg,train,30.48364429852658,0.986127066327861,0.08825395312133232,0.5886418975532044,recycle
trashnet_paper265.jpg,train,527.6149703715568,0.9464113624687506,0.0344425810033934,0.3655149234392313,recycle
trashnet_paper266.jpg,train,715.1143297565663,0.8937702408604774,0.022442789467976086,0.23757414864341753,recycle
trashnet_paper267.jpg,train,503.31027786675213,0.9087332128860643,0.06441028373716687,0.41042048881616605,recycle
trashnet_paper269.jpg,train,847.0431614349776,0.8914715724113955,0.019409904740731832,0.226660423191984,recycle
trashnet_paper271.jpg,train,328.4517737027547,0.9176147545218366,0.045929301074834845,0.5275950272923591,recycle
trashnet_paper272.jpg,train,11.438981422165279,0.9946271325855505,0.07942731070268146,0.6338876649588381,recycle
trashnet_paper273.jpg,train,188.22399503523386,0.8399973540434519,0.03937648467727512,0.40862006932303324,recycle
trashnet_paper274.jpg,train,53.59819426649584,0.9750214843439496,0.08007970271468481,0.6339139318554161,recycle
trashnet_paper275.jpg,train,239.49785794362592,0.9441504554959619,0.10880565121065124,0.5887556250148951,recycle
trashnet_paper276.jpg,train,91.62534032671364,0.9747063972738267,0.0879468487001387,0.6191963852168565,recycle
trashnet_paper278.jpg,train,139.2266175528507,0.9433036189916576,0.07381221990299414,0.6194966079811403,recycle
trashnet_paper279.jpg,train,79.79870675848815,0.9688456782550334,0.04918418253351805,0.5143419656853736,recycle
trashnet_paper28.jpg,train,479.6535474055093,0.9246692481811952,0.03147714477687033,0.28032147513927935,recycle
trashnet_paper280.jpg,train,47.44770980140935,0.9071017987998501,0.062020094485119526,0.466305946788715,recycle
trashnet_paper281.jpg,train,33.49873878923767,0.9766454451411453,0.04686961656021506,0.5404304548333205,recycle
trashnet_paper282.jpg,train,28.911214766175526,0.9676143867026867,0.059953426599668576,0.5545288784877866,recycle
trashnet_paper283.jpg,train,97.10546124279307,0.990604141081322,0.0519734440768121,0.36787650470331523,recycle
trashnet_paper284.jpg,train,211.83816463805252,0.9766635513366502,0.06896818911380598,0.5755714642746288,recycle
trashnet_paper285.jpg,train,830.5430813581039,0.9181176356543952,0.041749781299408546,0.3724031616515112,recycle
trashnet_paper286.jpg,train,827.8575432415118,0.9123970229625783,0.03636453147315333,0.4005097639278856,recycle
trashnet_paper287.jpg,train,342.39946348494556,0.9605648786992682,0.05857609976786049,0.4980307057640973,recycle
trashnet_paper288.jpg,train,81.25170163356822,0.9738753178433829,0.10191402379881212,0.6165166620810134,recycle
trashnet_paper289.jpg,train,636.8785033632284,0.946039681593691,0.04271558721942853,0.41477654866783786,recycle
trashnet_paper29.jpg,train,317.7888372837925,0.9724056398461103,0.07252509455367032,0.6129725157761313,recycle
trashnet_paper290.jpg,train,805.1178131005765,0.8789556844155269,0.024776830014035658,0.26235752533837103,recycle
trashnet_paper291.jpg,train,466.2202114029469,0.9195083714724778,0.06321124732380703,0.4727471496161487,recycle
trashnet_paper292.jpg,train,99.88867312620117,0.9279205232024328,0.05033719324938568,0.4009727534808949,recycle
trashnet_paper293.jpg,train,219.6935458039718,0.9264087736053044,0.04607111606540686,0.47429253595204257,recycle
trashnet_paper295.jpg,train,81.44674887892376,0.9344627873007576,0.047399455794132524,0.5066163596715119,recycle
trashnet_paper296.jpg,train,112.70319506726456,0.9021652383268303,0.08743225034190844,0.5865937239975193,recycle
trashnet_paper297.jpg,train,725.5574751761691,0.8895956714412271,0.023972125959349607,0.273388236034864,recycle
trashnet_paper298.jpg,train,131.03855701473412,0.9781781203002919,0.0460433516096919,0.5043048355535538,recycle
trashnet_paper299.jpg,train,198.8398862908392,0.9793170655769242,0.06800244301602108,0.7492107393531153,recycle
trashnet_paper300.jpg,train,123.30070868033312,0.9805643375065493,0.08177304906874708,0.5336319839650305,recycle
trashnet_paper301.jpg,train,152.48056133888534,0.9532744842628058,0.04944640578508538,0.4729632104216145,recycle
trashnet_paper304.jpg,train,58.169322549647674,0.988971579642525,0.08457976460922886,0.6165136928489606,recycle
trashnet_paper305.jpg,train,486.30649423446494,0.89965216564633,0.024345941869743985,0.28786774690343236,recycle
trashnet_paper306.jpg,train,32.61288837283792,0.9514551728967324,0.08667900157750562,0.6921643269679298,recycle
trashnet_paper307.jpg,train,724.0943305573351,0.8756963881028379,0.02635691101689879,0.3135164509683069,recycle
trashnet_paper308.jpg,train,761.5914277706597,0.8985576906695566,0.02686002867629065,0.2630433281622284,recycle
trashnet_paper309.jpg,train,13.031870595771942,0.9869379906421394,0.058050174453304994,0.5359767787897697,recycle
trashnet_paper31.jpg,train,190.27326233183857,0.954509424070183,0.037725012756105965,0.3347111288280822,recycle
trashnet_paper310.jpg,train,14.318325592568865,0.9897227793145222,0.06098327126849038,0.6496140308387963,recycle
trashnet_paper311.jpg,train,1062.2933416079438,0.8228000674821188,0.03157081209733483,0.3386789103888833,recycle
trashnet_paper312.jpg,train,451.215767136451,0.9465060833254444,0.02473697067296915,0.27772973382759597,recycle
trashnet_paper313.jpg,train,233.85488068545808,0.9655747085085408,0.034813504345325166,0.440773917320445,recycle
trashnet_paper315.jpg,train,46.050568545803976,0.9225575934861584,0.06448426902750339,0.5411210272294967,recycle
trashnet_paper316.jpg,train,309.9760570147341,0.9776978594041095,0.059559487987962866,0.5925850906713557,recycle
trashnet_paper317.jpg,train,30.789978379244076,0.9832240843445538,0.05114079115798092,0.5791939138278395,recycle
trashnet_paper318.jpg,train,149.4690703074952,0.976745146891834,0.0682396121486294,0.5142567246029187,recycle
trashnet_paper319.jpg,train,836.9926729660474,0.8307924248977949,0.023594918726091846,0.2587774446461195,recycle
trashnet_paper32.jpg,train,30.541379724535556,0.9909937321040497,0.05046390726495468,0.5687061153742844,recycle
trashnet_paper321.jpg,train,65.60622197309416,0.9385040161046202,0.04806223704836755,0.47485101595081225,recycle
trashnet_paper322.jpg,train,170.55653427290196,0.9484640830228007,0.050842806771391455,0.625237985206891,recycle
trashnet_paper323.jpg,train,204.25868834080714,0.9384361816106663,0.05026004905719372,0.5228477238432735,recycle
trashnet_paper324.jpg,train,40.13520980140936,0.9698981350725479,0.05458622347325304,0.6331045446935499,recycle
trashnet_paper325.jpg,train,121.76283231902626,0.9289727271273793,0.06296187263427329,0.49058537094721294,recycle
trashnet_paper326.jpg,train,646.4659873478539,0.8647129696204701,0.016633332411078405,0.2004608639291815,recycle
trashnet_paper327.jpg,train,292.53305172966043,0.921595670232927,0.056096645358072524,0.5081276940457788,recycle
trashnet_paper328.jpg,train,244.50052049967968,0.931924602394719,0.046769273297540805,0.48445057966075383,recycle
trashnet_paper329.jpg,train,21.797725816784112,0.9906453217498266,0.04614499984528636,0.5959709703285093,recycle
trashnet_paper33.jpg,train,39.109144778987826,0.9857087574242811,0.07444956782318293,0.595848689478006,recycle
trashnet_paper331.jpg,train,220.95201393337604,0.8342212822999864,0.05526985360604881,0.5381851970888404,recycle
trashnet_paper332.jpg,train,344.03291159513134,0.9761296680362028,0.06636142034793363,0.6489668499838851,recycle
trashnet_paper333.jpg,train,24.730341127482387,0.978806890355407,0.052779489650959695,0.5551934616093099,recycle
trashnet_paper334.jpg,train,24.19372597693786,0.990953675615934,0.1135664722246233,0.7121736380632523,recycle
trashnet_paper335.jpg,train,949.316463805253,0.8672298025080619,0.02345550685257282,0.21689842728058803,recycle
trashnet_paper337.jpg,train,185.02186098654707,0.9772551534959307,0.058043163180534374,0.6711393234769725,recycle
trashnet_paper339.jpg,train,235.8097173286355,0.910865403267758,0.04637817820583525,0.5234570422576164,recycle
trashnet_paper340.jpg,train,356.8801849775785,0.8572825753411537,0.04289804621870145,0.3377346239786551,recycle
trashnet_paper341.jpg,train,29.512972453555417,0.975392885114829,0.05373776897541773,0.5725375524265756,recycle
trashnet_paper344.jpg,train,70.64515935297885,0.9507781252494809,0.060928719104003624,0.45526217719260476,recycle
trashnet_paper347.jpg,train,15.598354420243432,0.9940479767548175,0.048623104561907333,0.6277448317405397,recycle
trashnet_paper348.jpg,train,81.15699071108264,0.9844233160944913,0.04547989293537786,0.6108636081091111,recycle
trashnet_paper35.jpg,train,825.9295323510569,0.8942384929990296,0.02726896808117539,0.2583519582787777,recycle
trashnet_paper352.jpg,train,149.42250560538116,0.9566692984372867,0.07849149175238185,0.6034903067961349,recycle
trashnet_paper353.jpg,train,769.753343209481,0.8680071809307014,0.02496172980053747,0.2645076105637503,recycle
trashnet_paper355.jpg,train,69.43103379244074,0.9462381649050695,0.054457525294859754,0.5472411982493698,recycle
trashnet_paper357.jpg,train,62.80993754003844,0.9674783442253233,0.04363155479329103,0.5064230504619763,recycle
trashnet_paper358.jpg,train,881.2323430493275,0.9066907367303715,0.03653080905406104,0.3783038315974053,recycle
trashnet_paper36.jpg,train,82.95285474055092,0.9701609520560689,0.06896979291099078,0.6238414131320182,recycle
trashnet_paper360.jpg,train,771.6052210121717,0.9253993003905496,0.02704090698488773,0.2223358985279223,recycle
trashnet_paper363.jpg,train,62.43792040358744,0.9647511206337266,0.05543389186612945,0.5488128164297202,recycle
trashnet_paper365.jpg,train,947.4792400704677,0.9168549267948719,0.03515201753439317,0.36952752722105875,recycle
trashnet_paper366.jpg,train,27.021040198590647,0.9871453965396962,0.0536071254728965,0.6193991071007768,recycle
trashnet_paper368.jpg,train,14.02916800128123,0.9960950568566465,0.12148823494027947,0.6942740671660035,recycle
trashnet_paper37.jpg,train,578.0104099935938,0.9363682389908761,0.040108857633791364,0.4037278766728832,recycle
trashnet_paper370.jpg,train,29.28537395900064,0.9914943999267753,0.07923168255684654,0.6195365367421859,recycle
trashnet_paper371.jpg,train,469.29087924407423,0.9191738803307484,0.02922911129778185,0.347603049478592,recycle
trashnet_paper372.jpg,train,770.8405869634848,0.8822314072103905,0.05286714574836628,0.42340656209383054,recycle
trashnet_paper373.jpg,train,22.176008968609867,0.9829671308921384,0.05018438148961708,0.4995141952571703,recycle
trashnet_paper374.jpg,train,40.444106342088396,0.9760956671326751,0.08921139904085379,0.6455435232509824,recycle
trashnet_paper375.jpg,train,291.8816263613068,0.9534026178617596,0.049598329830422824,0.5365637953375288,recycle
trashnet_paper376.jpg,train,499.7922805893657,0.9337036817380243,0.061503242187758767,0.5820863852328559,recycle
trashnet_paper377.jpg,train,5.785193786034593,0.9975095641637329,0.060848500923714056,0.6614594044154497,recycle
trashnet_paper378.jpg,train,46.853959801409346,0.9610783208425294,0.04841141473894514,0.5368498230012744,recycle
trashnet_paper379.jpg,train,1621.954956758488,0.7736090134541148,0.043817683761300685,0.24112063335146725,recycle
trashnet_paper38.jpg,train,569.6096252402307,0.8488660432130413,0.06112163608313957,0.5933776179619743,recycle
trashnet_paper383.jpg,train,83.90985345932093,0.9634212268525617,0.05763530557935313,0.5934223907137863,recycle
trashnet_paper384.jpg,train,174.50486467008324,0.9614948933613602,0.056839608068283996,0.6194259720847044,recycle
trashnet_paper385.jpg,train,1.4444266495836,0.9994792617970129,0.061479075268794474,0.6938897445443291,recycle
trashnet_paper386.jpg,train,25.591267616912234,0.9743601888683199,0.043150855343928776,0.43957090966743034,recycle
trashnet_paper387.jpg,train,27.81668401665599,0.9791535468565242,0.06591262235567401,0.6087164111779656,recycle
trashnet_paper390.jpg,train,228.2576073030109,0.9585038119313507,0.05477477123666493,0.5031991072828736,recycle
trashnet_paper391.jpg,train,263.4127762652146,0.9764817401403985,0.059834846883488314,0.5454431637110846,recycle
trashnet_paper394.jpg,train,180.14626040999354,0.9634076770754378,0.09691139476809242,0.6157419163894856,recycle
trashnet_paper395.jpg,train,65.03699551569505,0.9138795964845532,0.05543973132978402,0.5023085765130137,recycle
trashnet_paper396.jpg,train,100.61797325432416,0.9385004580487364,0.043204295772337906,0.4283043047944677,recycle
trashnet_paper397.jpg,train,105.47089205637413,0.9812200609980221,0.0742508372866969,0.606673384270663,recycle
trashnet_paper398.jpg,train,62.0139734144779,0.973753244644656,0.07066666435059424,0.5521544620069659,recycle
trashnet_paper399.jpg,train,387.4975176169122,0.9645005484453657,0.05176609517137596,0.41683683646625186,recycle
trashnet_paper4.jpg,train,742.0623398462524,0.8938009084337809,0.06734854122929258,0.3769799367947232,recycle
trashnet_paper40.jpg,train,517.781290038437,0.9034062294861664,0.034614673086709076,0.3088894066913715,recycle
trashnet_paper400.jpg,train,201.5292280589366,0.9411723709119106,0.04521090405919586,0.4681329908303825,recycle
trashnet_paper401.jpg,train,289.4499719730942,0.9689347272283576,0.031182575610123726,0.37685965126274384,recycle
trashnet_paper402.jpg,train,368.52186098654704,0.9486141687689311,0.032976195389899085,0.3927577477259626,recycle
trashnet_paper403.jpg,train,399.730901665599,0.9040098738426947,0.0410145225075368,0.5214784618633828,recycle
trashnet_paper404.jpg,train,86.32286995515696,0.9046581710247643,0.05712417072267011,0.5027603414498321,recycle
trashnet_paper406.jpg,train,493.67763052530427,0.8314761009884847,0.050634245176596385,0.6098530082832515,recycle
trashnet_paper407.jpg,train,38.57106822549648,0.9622500948134094,0.055238309423247624,0.4819507286010104,recycle
trashnet_paper408.jpg,train,382.9207439141575,0.9382990106642537,0.04185250433803238,0.3892899221242421,recycle
trashnet_paper41.jpg,train,1160.2757246957078,0.7845750856202129,0.00945302534893177,0.09449650730545073,recycle
trashnet_paper410.jpg,train,227.9038076553491,0.9838981861133069,0.04679811003443634,0.5069200417707335,recycle
trashnet_paper411.jpg,train,546.8159633247917,0.9222811064136088,0.0581982920505596,0.5311225177302245,recycle
trashnet_paper413.jpg,train,397.1501841768097,0.955207217423516,0.03449995909634224,0.3924181378197068,recycle
trashnet_paper414.jpg,train,54.8947789878283,0.9596523129351797,0.050679285133669906,0.546057954495995,recycle
trashnet_paper415.jpg,train,609.773142216528,0.9280874292881375,0.024699631081595945,0.23709358851810944,recycle
trashnet_paper416.jpg,train,44.84763372837926,0.9777996832708187,0.047095312456279056,0.5555437185053493,recycle
trashnet_paper418.jpg,train,874.1556694426649,0.8488078319618645,0.027807843814465105,0.30654421595346193,recycle
trashnet_paper419.jpg,train,67.06608344010249,0.959123344415721,0.05748045267493642,0.5688439797159367,recycle
trashnet_paper420.jpg,train,602.016475816784,0.8817030543085547,0.032810952445125365,0.33669362093460437,recycle
trashnet_paper421.jpg,train,154.7889173606662,0.9315524571978203,0.05316119573429244,0.4228421117656665,recycle
trashnet_paper422.jpg,train,434.10454035874443,0.9246325865755665,0.05584803856965476,0.37357772187591737,recycle
trashnet_paper423.jpg,train,823.4409232863549,0.9060226980584043,0.03712111321047155,0.3454349141816041,recycle
trashnet_paper424.jpg,train,403.2771860986547,0.8964844097048374,0.06141294407177495,0.48522176753298196,recycle
trashnet_paper425.jpg,train,749.9913917360668,0.876044962544774,0.05379713994925572,0.49475641504179857,recycle
trashnet_paper426.jpg,train,184.30114910313898,0.9531179308556859,0.056883824549215194,0.6185123704698383,recycle
trashnet_paper427.jpg,train,84.3926769698911,0.9605807853852865,0.04902452979584878,0.4502059534620466,recycle
trashnet_paper428.jpg,train,40.77662556053812,0.9581369284426143,0.06701657560626217,0.6280560913478015,recycle
trashnet_paper429.jpg,train,429.56294042280587,0.9521093295434924,0.029522429075011222,0.4055728020286267,recycle
trashnet_paper430.jpg,train,144.89966367713004,0.9843206291518813,0.048377859028488374,0.4471498495488286,recycle
trashnet_paper431.jpg,train,104.22683776425367,0.9485191880726814,0.0938896863366204,0.601075713286423,recycle
trashnet_paper432.jpg,train,290.47153267136457,0.9458561703402412,0.04424416667530472,0.5328390164989582,recycle
trashnet_paper433.jpg,train,56.59304932735425,0.9526102755453794,0.03461072186453185,0.32297322322845173,recycle
trashnet_paper436.jpg,train,408.36266816143495,0.9284472276346096,0.04320144094585376,0.4233067999848284,recycle
trashnet_paper437.jpg,train,15.905989750160153,0.9894416231340916,0.044923610174749704,0.5412573833230161,recycle
trashnet_paper438.jpg,train,97.54920723894939,0.9538731365669232,0.08930570770041535,0.6077553085617515,recycle
trashnet_paper439.jpg,train,1084.4136771300448,0.8415619956216358,0.03259241277548576,0.25460793368579027,recycle
trashnet_paper44.jpg,train,236.6352098014094,0.949094340968308,0.08641606083379036,0.5070676145292706,recycle
trashnet_paper440.jpg,train,326.03723574631647,0.9352417285330896,0.033187994145240395,0.39851630796244675,recycle
trashnet_paper441.jpg,train,720.8108784433056,0.9089492198066922,0.05745072569668337,0.42047387126826963,recycle
trashnet_paper442.jpg,train,42.52246156310058,0.954687645815455,0.05851535365950823,0.5302981522277418,recycle
trashnet_paper445.jpg,train,368.1074031069827,0.9375541381894524,0.05423638384769098,0.4494432930600039,recycle
trashnet_paper446.jpg,train,181.77170083279947,0.9802843957714461,0.060398320470894516,0.6038110293285551,recycle
trashnet_paper447.jpg,train,188.24547565663033,0.955861608704183,0.06155810390182849,0.5087172577647108,recycle
trashnet_paper449.jpg,train,121.8993233504164,0.9514109479022682,0.04667884432767485,0.5033152921488918,recycle
trashnet_paper450.jpg,train,502.68752001921837,0.9648172718383363,0.05294733972800908,0.49176423811928144,recycle
trashnet_paper453.jpg,train,59.556714445868025,0.964625535565027,0.05448545586381513,0.5497450478075806,recycle
trashnet_paper454.jpg,train,152.7857743433696,0.9756956267783897,0.04872205231682998,0.527938555998399,recycle
trashnet_paper455.jpg,train,253.92288597053172,0.9537293720334016,0.0364617764262483,0.39783653516674555,recycle
trashnet_paper456.jpg,train,30.117873158231905,0.9824349985261914,0.09470208247309167,0.6211050946445275,recycle
trashnet_paper457.jpg,train,346.68741992312613,0.9224450334497091,0.025024523537596193,0.2938703180198994,recycle
trashnet_paper458.jpg,train,487.80439221652784,0.911763520185765,0.03127212744535504,0.28199343143999467,recycle
trashnet_paper459.jpg,train,86.85662235746318,0.9839521142080514,0.043997403301419304,0.5070323923922866,recycle
trashnet_paper46.jpg,train,388.93960201793715,0.9306302770468422,0.07640673897011918,0.45961769278655384,recycle
trashnet_paper460.jpg,train,517.7388893337603,0.8781337628034822,0.03573522176753307,0.40521042645094263,recycle
trashnet_paper461.jpg,train,400.1528267136451,0.7856343398915185,0.04175154753515063,0.4333153566150487,recycle
trashnet_paper462.jpg,train,195.9741952274183,0.9778590127795879,0.027327303787753585,0.27339085400589297,recycle
trashnet_paper465.jpg,train,322.1142897181294,0.9660276593555058,0.06452149694953774,0.6423879839985949,recycle
trashnet_paper466.jpg,train,66.27306213965406,0.9791453134823004,0.06809093454948816,0.5743031241281036,recycle
trashnet_paper467.jpg,train,94.42156470211404,0.9855500221896791,0.042596710305549235,0.4262878235814904,recycle
trashnet_paper468.jpg,train,34.81648382447149,0.9817628842496222,0.07143573601935288,0.6766548140377172,recycle
trashnet_paper469.jpg,train,103.48866912235745,0.983589961561097,0.058539758251076025,0.6086420540960036,recycle
trashnet_paper47.jpg,train,1044.605321108264,0.8645374280496945,0.03290570391249786,0.235905413766903,recycle
trashnet_paper470.jpg,train,552.013933376041,0.9137797655467099,0.03247892236800266,0.3289460748960432,recycle
trashnet_paper472.jpg,train,1004.3935778347212,0.8526298166860545,0.03189473983879322,0.20308732232561183,recycle
trashnet_paper473.jpg,train,460.96864990390776,0.8901083254879394,0.031338598273593414,0.3524533841043108,recycle
trashnet_paper474.jpg,train,300.8323790839205,0.9393168831573178,0.04551927216450949,0.4351069569059648,recycle
trashnet_paper475.jpg,train,50.437359865470846,0.9882539464950774,0.04820033133702815,0.6194118166542355,recycle
trashnet_paper476.jpg,train,344.98478539397814,0.9573589198974404,0.06556257671385882,0.47463932035158274,recycle
trashnet_paper477.jpg,train,2.3968409673286355,0.9991075598188076,0.058041081384054324,0.5770933363831537,recycle
trashnet_paper478.jpg,train,824.6941864189622,0.9087379864253482,0.03233923967718372,0.37930596352449597,recycle
trashnet_paper479.jpg,train,76.7085602178091,0.96113833806903,0.080390118676125,0.6246458476295621,recycle
trashnet_paper48.jpg,train,346.3434897501602,0.9391279674059789,0.06948951454455166,0.44247034502798605,recycle
trashnet_paper480.jpg,train,335.7262171684817,0.9581511376440616,0.029434926841337125,0.3241348594803051,recycle
trashnet_paper481.jpg,train,522.4422045163357,0.926058086527185,0.033846365403433,0.3933330040716617,recycle
trashnet_paper483.jpg,train,162.76961883408072,0.8996315265020802,0.05064095070055515,0.6004441599430643,recycle
trashnet_paper484.jpg,train,258.9873278347213,0.9644610179113322,0.03742616848979919,0.43368080359254635,recycle
trashnet_paper485.jpg,train,64.01441383728378,0.9599664580163287,0.04300623215996075,0.5145107040329497,recycle
trashnet_paper487.jpg,train,701.9424247277387,0.9250817727486276,0.04182931502364452,0.3812428791145889,recycle
trashnet_paper488.jpg,train,1550.0698070147341,0.7600237672989559,0.017858837228543634,0.1791171443656367,recycle
trashnet_paper489.jpg,train,83.90416800128123,0.9263053943236662,0.038134485687507956,0.3580548650291964,recycle
trashnet_paper49.jpg,train,689.2453555413197,0.9046729135253351,0.030002150225541445,0.31083497223295076,recycle
trashnet_paper491.jpg,train,216.2769058295964,0.8812507950897602,0.05701875998837823,0.43845731234757146,recycle
trashnet_paper492.jpg,train,890.5417400704675,0.8758434818451226,0.028091254518492547,0.2647724817800851,recycle
trashnet_paper493.jpg,train,91.86334881486228,0.9629884863744724,0.04658936457901214,0.5812442714166526,recycle
trashnet_paper494.jpg,train,328.9153787636131,0.9740106894338284,0.06844200284788082,0.6272665803219468,recycle
trashnet_paper496.jpg,train,1372.906370115311,0.8543194043604999,0.01969149899066266,0.22849121598010486,recycle
trashnet_paper497.jpg,train,5.2339445868033305,0.9980446419014225,0.0499915279851664,0.6578446584649051,recycle
trashnet_paper498.jpg,train,6.11454996796925,0.9963414758792685,0.06700490731978534,0.6232533925736441,recycle
trashnet_paper499.jpg,train,37.137592088404865,0.983094765055273,0.08384262356190558,0.647959249599682,recycle
trashnet_paper5.jpg,train,320.55575352338246,0.9586536166580225,0.07548323767425458,0.4478620779289171,recycle
trashnet_paper50.jpg,train,170.9717729019859,0.9292015115652961,0.05258043438432444,0.4327174658361821,recycle
trashnet_paper500.jpg,train,446.18818065342725,0.8741450668786921,0.03198368855219138,0.41633280575107634,recycle
trashnet_paper501.jpg,train,451.0935097693786,0.9547572634510588,0.041351216142232874,0.4315801065087583,recycle
trashnet_paper502.jpg,train,624.2418121396541,0.8730119086921485,0.06477112092573928,0.45471963390230163,recycle
trashnet_paper503.jpg,train,38.1178731582319,0.981135014998218,0.08279572897900607,0.6388702156989621,recycle
trashnet_paper504.jpg,train,675.4855461242795,0.930369164663205,0.054416188993253164,0.4294155995876637,recycle
trashnet_paper505.jpg,train,19.4515935297886,0.9920635857652085,0.08758664542781003,0.6379921833016253,recycle
trashnet_paper506.jpg,train,342.76463404868673,0.9300006207131278,0.07839974907500795,0.5375473929994503,recycle
trashnet_paper507.jpg,train,65.8132607303011,0.9601542349749386,0.040871924933991846,0.4523872941573276,recycle
trashnet_paper508.jpg,train,47.925888853299156,0.981101294475412,0.039633707211883536,0.536489706339796,recycle
trashnet_paper51.jpg,train,44.7702194106342,0.9930660093393302,0.05298301460440739,0.5214753170279229,recycle
trashnet_paper510.jpg,train,1212.7053171044204,0.8881932646341126,0.03266407422316776,0.3133780771518585,recycle
trashnet_paper511.jpg,train,106.11727258167842,0.9619096133689673,0.058357065655348324,0.6318695435866178,recycle
trashnet_paper513.jpg,train,766.5565542921206,0.910442937247501,0.021186401403915724,0.2464452292883845,recycle
trashnet_paper514.jpg,train,1048.7124639654069,0.8942074546521215,0.036860059450604006,0.38793718789887827,recycle
trashnet_paper515.jpg,train,93.18651905829597,0.9495556241153484,0.04428445924059591,0.5433919612941801,recycle
trashnet_paper516.jpg,train,23.09861467008328,0.9846589700732736,0.055007200731577256,0.5094160009560578,recycle
trashnet_paper517.jpg,train,56.13236707238949,0.9478992640023342,0.06828938502563471,0.6209596869925263,recycle
trashnet_paper518.jpg,train,392.0409793401665,0.9356023925321564,0.07588432697668782,0.5074126784472472,recycle
trashnet_paper519.jpg,train,62.72149263292761,0.96656192824555,0.04274981878305648,0.49884986428609673,recycle
trashnet_paper520.jpg,train,85.68125400384369,0.9608916791136614,0.07291092666375325,0.5943513099506742,recycle
trashnet_paper521.jpg,train,15.293561819346571,0.9943738781327803,0.07880624398312201,0.632305639444028,recycle
trashnet_paper522.jpg,train,233.09665278667524,0.9542173735237759,0.06415220321306545,0.4354698740341474,recycle
trashnet_paper523.jpg,train,132.06928651505444,0.9465306378402113,0.08100819106755743,0.6362761703634249,recycle
trashnet_paper524.jpg,train,134.62508007687381,0.9634942330990652,0.04591646147216144,0.5427092119685554,recycle
trashnet_paper525.jpg,train,56.58782431133887,0.9817921081523215,0.05549531370322699,0.5608971775374623,recycle
trashnet_paper526.jpg,train,605.4776585522102,0.9384884910881415,0.035319734127925176,0.3484803031587945,recycle
trashnet_paper528.jpg,train,76.00120115310699,0.974176966124868,0.03569086710884548,0.40836417702317296,recycle
trashnet_paper529.jpg,train,119.80629404228058,0.9333107768574457,0.06846778752458199,0.563941146789784,recycle
trashnet_paper53.jpg,train,183.06626361306854,0.9676331902145988,0.034315141999013976,0.4907775756291411,recycle
trashnet_paper531.jpg,train,461.5181774503523,0.8994377969424449,0.032778509984147705,0.3242243690496478,recycle
trashnet_paper532.jpg,train,242.41023382447145,0.9266735116715112,0.05786458389663696,0.5216324947555729,recycle
trashnet_paper533.jpg,train,361.9439662075593,0.9382989587163582,0.04510323918947554,0.34186024144688654,recycle
trashnet_paper534.jpg,train,309.4966768097374,0.9546249193588433,0.06473090692869554,0.3970283260936473,recycle
trashnet_paper535.jpg,train,35.70862027546445,0.9865480143237559,0.0555764314589033,0.486580053493212,recycle
trashnet_paper538.jpg,train,63.67588885329917,0.9446180103880181,0.07040827149379161,0.5318544992048093,recycle
trashnet_paper539.jpg,train,3.4410434016655986,0.9974152862897526,0.09655851499121393,0.6183542797507795,recycle
trashnet_paper54.jpg,train,11.56394138372838,0.9942581227320801,0.058204966184311126,0.6850557545452691,recycle
trashnet_paper540.jpg,train,691.3919562780268,0.9428814629315557,0.06392432531699618,0.49524294498968546,recycle
trashnet_paper541.jpg,train,836.4460682254966,0.9005624577888701,0.03664421284842661,0.3268437742553073,recycle
trashnet_paper542.jpg,train,644.3820467648943,0.8801420310260444,0.025595684464870865,0.2959388510437607,recycle
trashnet_paper543.jpg,train,332.04864670083276,0.944737214198932,0.07836090587526334,0.6363358403737144,recycle
trashnet_paper544.jpg,train,726.5518497757846,0.8896598877410812,0.023247933185321125,0.2570864233057712,recycle
trashnet_paper546.jpg,train,174.07060778347213,0.9563914911628063,0.04295794733168417,0.5136186160256421,recycle
trashnet_paper547.jpg,train,259.16978299167204,0.956571011675881,0.03847846374866559,0.42116664060660935,recycle
trashnet_paper548.jpg,train,76.20087283792441,0.9576947364789156,0.08692122417178885,0.6862249032555223,recycle
trashnet_paper549.jpg,train,237.0705076873799,0.9697116317756628,0.06177306073393705,0.5532587741248826,recycle
trashnet_paper55.jpg,train,364.29846652786676,0.9561266783213166,0.08223688433534782,0.5206767853701414,recycle
trashnet_paper550.jpg,train,59.99615631005766,0.9779388383959566,0.14171361886318018,0.7191009432742456,recycle
trashnet_paper551.jpg,train,59.87988468930172,0.9621681473086272,0.04556815866302163,0.5189588832178444,recycle
trashnet_paper552.jpg,train,21.446388532991673,0.9916569436509793,0.06209053629688796,0.6856921571890724,recycle
trashnet_paper553.jpg,train,715.0809377001922,0.888291005769843,0.03154666466633232,0.2586377008299601,recycle
trashnet_paper554.jpg,train,452.1358704356182,0.7947654055242024,0.057827414061232325,0.5992794326272808,recycle
trashnet_paper555.jpg,train,41.85097693786035,0.9791571049939503,0.06719055450695752,0.4856526824537973,recycle
trashnet_paper556.jpg,train,317.5828795643818,0.9754868056433914,0.052697696071480324,0.5923464887662029,recycle
trashnet_paper558.jpg,train,751.5440222613709,0.8858572535678119,0.03266812901340636,0.24854209814487102,recycle
trashnet_paper56.jpg,train,474.11689221652784,0.9351489174326819,0.054069448265635325,0.5141054514482721,recycle
trashnet_paper560.jpg,train,4.0555733504164,0.996213786485166,0.06777396049716282,0.6616337660989863,recycle
trashnet_paper561.jpg,train,355.0587964445868,0.9377004232149739,0.05861086830225338,0.4669838459135529,recycle
trashnet_paper562.jpg,train,129.98076153106985,0.9857173197969245,0.038821417384661175,0.49785788402918113,recycle
trashnet_paper564.jpg,train,8.172445547725818,0.995806870511867,0.08397162538985681,0.634124179464666,recycle
trashnet_paper566.jpg,train,752.863869314542,0.8442556667202131,0.033364335412821,0.3688606072499934,recycle
trashnet_paper567.jpg,train,68.77270179372196,0.9748998325495831,0.11719572274549575,0.6616121559632167,recycle
trashnet_paper568.jpg,train,69.69062299807814,0.9634494542394645,0.0253266177959787,0.2799149407550363,recycle
trashnet_paper569.jpg,train,675.9506526265216,0.942918663502156,0.0477457667536434,0.4517408814446253,recycle
trashnet_paper570.jpg,train,195.27122037155672,0.9700586370228513,0.03957821005324681,0.5024383877442036,recycle
trashnet_paper571.jpg,train,76.864049487508,0.9701233034974185,0.08456490263180577,0.6359572967442361,recycle
trashnet_paper574.jpg,train,17.818145419602818,0.9842293239098128,0.05374749688177498,0.5651813986106587,recycle
trashnet_paper575.jpg,train,640.4403827674568,0.8890489921095002,0.02418060976826615,0.26457893026538487,recycle
trashnet_paper576.jpg,train,26.611386931454195,0.9818655776601827,0.054666067477569864,0.5729415565896538,recycle
trashnet_paper577.jpg,train,318.55973734785397,0.905926733261026,0.07105155965771397,0.5901352405781713,recycle
trashnet_paper578.jpg,train,741.5037836322871,0.9297107382980444,0.03325141262254133,0.37494750261485355,recycle
trashnet_paper579.jpg,train,221.20653827674568,0.9130292379081795,0.04420339539406814,0.40300051840392953,recycle
trashnet_paper580.jpg,train,80.83844490711083,0.9664728015064485,0.04823094656575276,0.5699592570507832,recycle
trashnet_paper581.jpg,train,1122.5104900704678,0.8390619275046544,0.01572999181944941,0.18979743361162238,recycle
trashnet_paper583.jpg,train,83.64169602818706,0.9704259018918451,0.07275456079109646,0.6352841466423994,recycle
trashnet_paper585.jpg,train,403.9399023062139,0.9593401660850503,0.033403081326833964,0.35428992618813254,recycle
trashnet_paper586.jpg,train,401.91822149263294,0.9379554781770323,0.057135826208224584,0.44522798527409885,recycle
trashnet_paper587.jpg,train,72.1806934657271,0.9876190597091516,0.09373619435799739,0.6584124485335809,recycle
trashnet_paper589.jpg,train,50.07713404868672,0.9678400209080666,0.12079340529464196,0.7585740247877245,recycle
trashnet_paper59.jpg,train,67.86989509929532,0.9008652405643534,0.05268364765427322,0.47568869454259793,recycle
trashnet_paper591.jpg,train,97.4487307815503,0.9536662963664267,0.0943868265479465,0.5867599795606054,recycle
trashnet_paper592.jpg,train,268.28897741832145,0.9446825920470117,0.08596451939475619,0.4751203484626715,recycle
trashnet_paper593.jpg,train,67.61661194746958,0.9442696693049492,0.14429267526149367,0.6968293104336788,recycle
trashnet_paper594.jpg,train,36.90859224855862,0.9683400156073914,0.1168656732213437,0.7174866720685728,recycle
trashnet_paper6.jpg,train,85.57331037796286,0.9451886001152375,0.036093323998176406,0.3241439557377826,recycle
trashnet_paper60.jpg,train,47.20948110185779,0.9639763804819695,0.0560542495778858,0.5310634605364319,recycle
trashnet_paper61.jpg,train,286.5992152466368,0.9713574000982732,0.04242000351817279,0.4104610598079682,recycle
trashnet_paper62.jpg,train,116.89255685458039,0.8789733481028572,0.05033503558526429,0.49441144266293724,recycle
trashnet_paper64.jpg,train,193.06962684176807,0.9602318617641367,0.03871401641340335,0.4778311064138348,recycle
trashnet_paper65.jpg,train,408.4551369314542,0.9438107749281514,0.04133404106919394,0.49493586210074875,recycle
trashnet_paper68.jpg,train,444.24911915438827,0.9159612719693153,0.03631723216132006,0.3540655938018491,recycle
trashnet_paper69.jpg,train,633.0112307815502,0.9247488284645633,0.041863385763050716,0.3632858432315531,recycle
trashnet_paper7.jpg,train,349.3276545483664,0.958240322933736,0.07257084869478833,0.512195329969343,recycle
trashnet_paper71.jpg,train,28.467969250480465,0.9865982883206145,0.08671713096290123,0.6655432745166846,recycle
trashnet_paper72.jpg,train,390.62469971172334,0.9452776379270936,0.06874559827756427,0.43625359537553343,recycle
trashnet_paper75.jpg,train,30.522942024343372,0.9925977406200687,0.1099149733407259,0.7016834181954384,recycle
trashnet_paper76.jpg,train,838.387291800128,0.8770962123062898,0.032519191583229176,0.36494292281373025,recycle
trashnet_paper78.jpg,train,64.37419923126201,0.9549276310754655,0.0700557525776765,0.5581050417964262,recycle
trashnet_paper79.jpg,train,388.5835001601537,0.9278293524061901,0.04117805302394858,0.4867545969511883,recycle
trashnet_paper8.jpg,train,532.4520139333761,0.8888532021895864,0.06079266427963683,0.43826428691677555,recycle
trashnet_paper80.jpg,train,71.9579596412556,0.9740089214420545,0.04573331851474355,0.5119501784307163,recycle
trashnet_paper81.jpg,train,1178.2112427930813,0.8831710133146972,0.069370844076359,0.49903782008415587,recycle
trashnet_paper82.jpg,train,1630.3651105060858,0.8363518181334265,0.012830273217620392,0.1420938940801319,recycle
trashnet_paper83.jpg,train,1008.1085842408713,0.8678460931819257,0.017432860258309132,0.1933206604028294,recycle
trashnet_paper84.jpg,train,386.0689862267776,0.9318159813758947,0.03332939251141633,0.44810969598843775,recycle
trashnet_paper85.jpg,train,230.2570467648943,0.9513232942039819,0.06590223789004125,0.6112220149403338,recycle
trashnet_paper86.jpg,train,704.9902706598335,0.912139506547015,0.02719029234277593,0.30213050392596785,recycle
trashnet_paper88.jpg,train,460.00606582319034,0.9321916406113534,0.03529158546281936,0.37485667126226097,recycle
trashnet_paper89.jpg,train,442.12485986547085,0.9402239054043916,0.06580599389443992,0.4161834692633792,recycle
trashnet_paper9.jpg,train,179.5077274183216,0.9749566261937034,0.041364620198632435,0.4319006977900368,recycle
trashnet_paper90.jpg,train,629.1164918321589,0.8746000438681217,0.018258136353379396,0.19707333286845063,recycle
trashnet_paper91.jpg,train,51.24803811659193,0.9666198777807313,0.05245746173534102,0.5581216786628043,recycle
trashnet_paper92.jpg,train,751.0491672005124,0.8368808575548148,0.03179581636391578,0.3404146476839287,recycle
trashnet_paper93.jpg,train,338.3541800128124,0.9518307173916462,0.06822971401023964,0.4862915227598107,recycle
trashnet_paper94.jpg,train,113.20551729660474,0.9782227973297254,0.05745391881493657,0.5740873561596525,recycle
trashnet_paper95.jpg,train,7.053171044202435,0.9939984788405166,0.06122626040162916,0.6011214929537891,recycle
trashnet_paper96.jpg,train,25.712544042280587,0.9726788002861004,0.059741923116727755,0.5949391111255942,recycle
trashnet_paper97.jpg,train,572.0721292440743,0.957484462946111,0.061006243554158776,0.5302980884036483,recycle
trashnet_paper98.jpg,train,67.93437700192185,0.9726832302111286,0.08472266053956008,0.6373532767209135,recycle
trashnet_paper99.jpg,train,425.020299487508,0.9415076255254071,0.037583700783346545,0.3391204447394522,recycle
trashnet_plastic100.jpg,train,72.01519458680332,0.9810077991314615,0.10615324751461232,0.6705670964665549,recycle
trashnet_plastic101.jpg,train,218.85886450992953,0.9149069431245428,0.07480311768568905,0.5941948325213368,recycle
trashnet_plastic102.jpg,train,22.68884128763613,0.9900737757618618,0.07724337807860727,0.7304966541917403,recycle
trashnet_plastic104.jpg,train,77.90068465727099,0.9790353097457296,0.08408582104298533,0.6597172237424155,recycle
trashnet_plastic105.jpg,train,132.06165919282512,0.9772322238396675,0.10635431235212213,0.6200455907147031,recycle
trashnet_plastic106.jpg,train,139.7475376361307,0.966392306129046,0.060820894590384283,0.5558451242858108,recycle
trashnet_plastic107.jpg,train,32.504304131966684,0.9721422462475016,0.07528902559954878,0.6112607453614218,recycle
trashnet_plastic108.jpg,train,191.24079115951312,0.9300851169239411,0.07655149149779146,0.5169352723483995,recycle
trashnet_plastic109.jpg,train,285.2993273542601,0.8978064828780846,0.057875524183592264,0.5245850221598856,recycle
trashnet_plastic11.jpg,train,18.93501761691224,0.9802974782386797,0.14269024425975002,0.7453443776511841,recycle
trashnet_plastic110.jpg,train,487.90360746316463,0.8589124881504046,0.06666341880146248,0.610526834292849,recycle
trashnet_plastic111.jpg,train,17.019919122357464,0.9953010418222948,0.08995081739669306,0.541766689021661,recycle
trashnet_plastic112.jpg,train,389.9383808456118,0.8949292929446817,0.05463539786863366,0.5027965124429494,recycle
trashnet_plastic113.jpg,train,118.06133888532989,0.9747374618326724,0.03125924517727164,0.441844010720597,recycle
trashnet_plastic114.jpg,train,30.606642376681613,0.9941048620701332,0.11351877213092566,0.5965706718724374,recycle
trashnet_plastic115.jpg,train,117.06582319026265,0.959573712027532,0.027022856580846216,0.3415168808071418,recycle
trashnet_plastic117.jpg,train,102.98424487508007,0.9787065257382733,0.09720788181134335,0.5822970016042266,recycle
trashnet_plastic118.jpg,train,14.175328315182576,0.997292033837386,0.07955880973665741,0.7217058808057272,recycle
trashnet_plastic119.jpg,train,70.85053651505444,0.9828246682873737,0.03123921905442846,0.3649418336492089,recycle
trashnet_plastic12.jpg,train,9.998498558616271,0.9415085676651191,0.15800612515887538,0.7630548813290688,recycle
trashnet_plastic120.jpg,train,104.71784913516979,0.9721987518981512,0.05155169929265491,0.4936742125560223,recycle
trashnet_plastic121.jpg,train,38.18872117232544,0.9879761802826128,0.13618121651017667,0.6340242792794751,recycle
trashnet_plastic122.jpg,train,36.71654788597053,0.9859857111680652,0.12641307361873827,0.6937942319482834,recycle
trashnet_plastic123.jpg,train,153.45653827674568,0.9687529572338638,0.08948469164921279,0.4691167722362096,recycle
trashnet_plastic124.jpg,train,58.01119074311339,0.994729808517839,0.09204073591099222,0.5448358525327119,recycle
trashnet_plastic125.jpg,train,136.68930172966046,0.9792491537318974,0.087233269468092,0.5307521236600978,recycle
trashnet_plastic126.jpg,train,54.78743593850097,0.9912368783603774,0.10880574974017289,0.6281877430101301,recycle
trashnet_plastic127.jpg,train,45.97213324791801,0.9926207816159925,0.08735392336214186,0.6158373510230319,recycle
trashnet_plastic128.jpg,train,84.78405269058295,0.9853768957891739,0.07018754119166914,0.5820360248577531,recycle
trashnet_plastic13.jpg,train,1.801069026265215,0.9861985676781537,0.13455304305720223,0.7506862339801124,recycle
trashnet_plastic130.jpg,train,29.032851537475977,0.9838159866617019,0.0714484840722287,0.6681467392435347,recycle
trashnet_plastic131.jpg,train,17.887772261370916,0.9885422003816428,0.08901683082367806,0.7649199157477106,recycle
trashnet_plastic132.jpg,train,105.39738148622679,0.9817348892496837,0.08285926100508173,0.47521684399407166,recycle
trashnet_plastic133.jpg,train,179.42841127482382,0.9604077392614107,0.023085218849438708,0.3241015152912991,recycle
trashnet_plastic134.jpg,train,128.8005084881486,0.9650048131548321,0.11555388300666228,0.5791282677017507,recycle
trashnet_plastic135.jpg,train,40.87624119154388,0.945900496059151,0.10704516748562341,0.7761486876878709,recycle
trashnet_plastic136.jpg,train,34.57000720691864,0.9536678438665653,0.10531524331819114,0.7377801577349462,recycle
trashnet_plastic138.jpg,train,59.54238068545804,0.940249753414245,0.11043601721697062,0.7754909139489001,recycle
trashnet_plastic139.jpg,train,187.07178891736066,0.9678508059163735,0.04073509812588877,0.4748216685100795,recycle
trashnet_plastic14.jpg,train,105.20039237668162,0.9742820973817796,0.09794442265925915,0.6321893956341305,recycle
trashnet_plastic140.jpg,train,52.305253042921194,0.9944184632246115,0.11028061331859947,0.5859253076142013,recycle
trashnet_plastic141.jpg,train,24.898722773862907,0.9863760795133368,0.10920904958900393,0.5912445075692337,recycle
trashnet_plastic143.jpg,train,36.753042921204354,0.9883013503016443,0.059982910460067186,0.5375605077691915,recycle
trashnet_plastic144.jpg,train,6.84375,0.9972159092345629,0.06032563863622857,0.5805626883988124,recycle
trashnet_plastic145.jpg,train,49.005084881486226,0.9795824910908388,0.061292720522966075,0.6051607713952085,recycle
trashnet_plastic146.jpg,train,10.918401665598976,0.9955538753168643,0.04787496371812248,0.5853597557042854,recycle
trashnet_plastic148.jpg,train,17.889053491351703,0.9960451833497675,0.057160451694657506,0.591165107343717,recycle
trashnet_plastic149.jpg,train,5.854780589365791,0.9967419368423363,0.047577036232757344,0.5418630213233361,recycle
trashnet_plastic15.jpg,train,15.74161194746957,0.9920865478160459,0.06016675941526267,0.6274146177913166,recycle
trashnet_plastic150.jpg,train,1.8086963484945546,0.9838425297355444,0.15263241499002267,0.7903007619789341,recycle
trashnet_plastic151.jpg,train,155.68191463805255,0.9469384255262059,0.05165436704083408,0.5729862480036041,recycle
trashnet_plastic153.jpg,train,18.0902065983344,0.9729014353295217,0.11906575624869076,0.6698545598641478,recycle
trashnet_plastic154.jpg,train,6.7425128122998075,0.9881525120947935,0.12823769674146404,0.7512827831576596,recycle
trashnet_plastic158.jpg,train,29.01947869955157,0.9896523443594551,0.05246047176466629,0.5941044699908544,recycle
trashnet_plastic159.jpg,train,4.058916559897502,0.9990290399141892,0.06855064197376164,0.6347667639082355,recycle
trashnet_plastic16.jpg,train,44.994574791800126,0.9877322257338391,0.09014385207081309,0.6920397848046265,recycle
trashnet_plastic160.jpg,train,71.55921684817424,0.9769915463153837,0.04941139142225458,0.4427638746090826,recycle
trashnet_plastic161.jpg,train,32.154468289557975,0.9922608945074659,0.05439556339949387,0.6084721980685385,recycle
trashnet_plastic162.jpg,train,173.2745435618193,0.9269022804598674,0.05375001898936897,0.5341195476422828,recycle
trashnet_plastic163.jpg,train,27.8197069186419,0.9905429858084605,0.052845822670621614,0.6505919339772793,recycle
trashnet_plastic164.jpg,train,16.181394138372834,0.997602727384372,0.04571452202166851,0.6040334256037977,recycle
trashnet_plastic165.jpg,train,227.95241431774502,0.9393809116087329,0.06344660112897933,0.5980487668803623,recycle
trashnet_plastic168.jpg,train,68.45587764253683,0.9898691441652652,0.08858384274081309,0.640755775406394,recycle
trashnet_plastic169.jpg,train,83.56598334401025,0.9768861468702286,0.07026958555053978,0.6250851004741256,recycle
trashnet_plastic17.jpg,train,70.43187459961564,0.9458696008297682,0.06608338703729641,0.6089548611146621,recycle
trashnet_plastic170.jpg,train,74.08492152466368,0.982334769505034,0.12011959723693431,0.7609899635931391,recycle
trashnet_plastic171.jpg,train,36.00620595771941,0.9798730611783131,0.1176344539126983,0.6621754548194881,recycle
trashnet_plastic172.jpg,train,42.966848174247275,0.974717581993517,0.12573444396446493,0.7302130033876151,recycle
trashnet_plastic173.jpg,train,34.660614189622045,0.9764789179224364,0.12121808446041493,0.6924977603918385,recycle
trashnet_plastic174.jpg,train,14.871216367713007,0.9894401412743355,0.1230777862617675,0.7455238701571736,recycle
trashnet_plastic176.jpg,train,11.725816784112746,0.9856687420518154,0.08672590456569203,0.7685442229237899,recycle
trashnet_plastic179.jpg,train,15.601657591287635,0.9809633121645571,0.08306863188949988,0.7652547077876617,recycle
trashnet_plastic180.jpg,train,17.220751921844972,0.9797531511401689,0.08722535441105081,0.7610373437855765,recycle
trashnet_plastic182.jpg,train,17.115410794362585,0.9792377722816102,0.09575726866444506,0.7517633369870965,recycle
trashnet_plastic183.jpg,train,71.33708360025624,0.9586592228517061,0.08699776870325666,0.6907442736640305,recycle
trashnet_plastic184.jpg,train,141.47095211402944,0.9374358490303099,0.08798982160167734,0.6945781829332461,recycle
trashnet_plastic185.jpg,train,43.50066063420884,0.9786239888140686,0.07145554571082495,0.6734738708687186,recycle
trashnet_plastic186.jpg,train,443.90793161434976,0.881140059960604,0.019546893448258915,0.246717424913598,recycle
trashnet_plastic187.jpg,train,36.25700672645739,0.9829841503992562,0.07634818921404775,0.6323959106324997,recycle
trashnet_plastic188.jpg,train,126.65741111467007,0.9320847083495879,0.06717241351359653,0.6141776144745373,recycle
trashnet_plastic19.jpg,train,35.49481502242153,0.9901515546069222,0.09056980837663295,0.7689212183421577,recycle
trashnet_plastic190.jpg,train,372.3071748878924,0.8828774836813749,0.041845422471941514,0.4052988946830311,recycle
trashnet_plastic191.jpg,train,83.00408392056374,0.9799493264842517,0.08558728059532647,0.6466745386866638,recycle
trashnet_plastic192.jpg,train,249.9462083600256,0.9072770572452393,0.06090386688091851,0.41685013512997193,recycle
trashnet_plastic193.jpg,train,199.4275104099936,0.9508566543714438,0.0651792335265178,0.6109815951497024,recycle
trashnet_plastic194.jpg,train,27.265314702114026,0.9932236928516877,0.04519497407967611,0.6060381756820747,recycle
trashnet_plastic195.jpg,train,5.923146220371556,0.9932886428266866,0.09275958497211899,0.7300561390965548,recycle
trashnet_plastic196.jpg,train,36.724475496476614,0.9975149679778785,0.059491573294310485,0.5894835496829688,recycle
trashnet_plastic197.jpg,train,225.00674647661756,0.889524057396417,0.0718197448600367,0.6358979487964753,recycle
trashnet_plastic199.jpg,train,232.93191463805252,0.9835472663714503,0.06527768632125597,0.5742047530583532,recycle
trashnet_plastic2.jpg,train,1.6329676489429854,0.9888856105549266,0.1263164856057719,0.7730635172910538,recycle
trashnet_plastic20.jpg,train,92.39503923766816,0.9250788644753988,0.08438200553315514,0.5190604190405966,recycle
trashnet_plastic201.jpg,train,227.25408392056372,0.9705383709574387,0.050701515428386634,0.39159569883924705,recycle
trashnet_plastic202.jpg,train,87.02170083279948,0.9772131134418434,0.09099116772253513,0.6552236488666745,recycle
trashnet_plastic203.jpg,train,128.26117072389494,0.9114424019318784,0.040294206282592046,0.38530304631808154,recycle
trashnet_plastic204.jpg,train,217.42396700832802,0.9129839974063381,0.0328662923888704,0.2971544140727207,recycle
trashnet_plastic205.jpg,train,156.6629364189622,0.9348718236829701,0.047913754620048536,0.5031499133463737,recycle
trashnet_plastic206.jpg,train,81.46316463805252,0.9545632176623687,0.07661615663980523,0.6057919015616392,recycle
trashnet_plastic207.jpg,train,129.45467648942986,0.9443830816441606,0.026811021853702283,0.3103917628560952,recycle
trashnet_plastic208.jpg,train,184.52766655989748,0.9482833295126182,0.10075478139633956,0.6176520891894044,recycle
trashnet_plastic209.jpg,train,73.30048846893017,0.9861070139573881,0.0822466889307606,0.603335747965203,recycle
trashnet_plastic21.jpg,train,229.09312940422805,0.9415691665962604,0.07451501364398856,0.5936256041289851,recycle
trashnet_plastic211.jpg,train,102.20866031390135,0.9485902976564484,0.038423488378127146,0.41934983637262074,recycle
trashnet_plastic212.jpg,train,52.3293762011531,0.9489200076102465,0.06769043956720731,0.519321614388054,recycle
trashnet_plastic213.jpg,train,79.84889493914157,0.966028715402971,0.04582191603483524,0.5398276263754778,recycle
trashnet_plastic214.jpg,train,85.1963484945548,0.9533035143564157,0.05378982577195755,0.47591557623018604,recycle
trashnet_plastic215.jpg,train,119.48624679692507,0.9548270296738931,0.07522841263369537,0.5796637505457422,recycle
trashnet_plastic216.jpg,train,82.92899183215886,0.9942984949132858,0.06956124476169406,0.564164105672514,recycle
trashnet_plastic217.jpg,train,24.210942504804613,0.9876450815268484,0.07639953565104061,0.6763505077063948,recycle
trashnet_plastic219.jpg,train,24.118834080717487,0.9811284592553857,0.07961932486898553,0.6824936123237038,recycle
trashnet_plastic22.jpg,train,83.21796925048048,0.966714918146866,0.10612578182951117,0.6698668766641839,recycle
trashnet_plastic220.jpg,train,143.66866191543878,0.9393454533158859,0.060189953445332185,0.5698130166438554,recycle
trashnet_plastic222.jpg,train,41.280929692504806,0.9825592630608493,0.07700630935556374,0.6727311838283632,recycle
trashnet_plastic223.jpg,train,153.68557815502882,0.9573327678285956,0.06050006215820998,0.3964172854331168,recycle
trashnet_plastic225.jpg,train,65.59543161434978,0.9776007855390211,0.051704527692903984,0.4593842891532695,recycle
trashnet_plastic226.jpg,train,184.24717729019858,0.9087839503475166,0.03547148198771718,0.37054851848009723,recycle
trashnet_plastic227.jpg,train,119.45771941063423,0.9617618123222378,0.06606244114836576,0.5877110102807455,recycle
trashnet_plastic229.jpg,train,12.164377802690584,0.9920509561262364,0.08548478197512334,0.7177242249873749,recycle
trashnet_plastic23.jpg,train,23.75412395900064,0.9924337995371527,0.0762959323184149,0.710229865185603,recycle
trashnet_plastic230.jpg,train,171.82341047405512,0.9305338509970484,0.050183515008408196,0.5437002121039696,recycle
trashnet_plastic232.jpg,train,102.49513532991674,0.9624309082557962,0.07195918444754162,0.5161061443908246,recycle
trashnet_plastic235.jpg,train,151.606882607303,0.9371375410158039,0.06079363335361844,0.518400760368179,recycle
trashnet_plastic236.jpg,train,165.0445227418321,0.9674003723865198,0.06699580632054065,0.6303350076336238,recycle
trashnet_plastic237.jpg,train,13.621056213965407,0.9949896482266801,0.05399386967158206,0.6374885389877215,recycle
trashnet_plastic239.jpg,train,43.42999279308136,0.9725304041671147,0.0745352133979817,0.6195758838302357,recycle
trashnet_plastic240.jpg,train,68.6913236707239,0.9563745831758635,0.06687230919975826,0.5530021012621632,recycle
trashnet_plastic241.jpg,train,344.3677530429212,0.8909872796087842,0.04084892214382038,0.380632557373386,recycle
trashnet_plastic242.jpg,train,63.279508327994876,0.959481547153034,0.04887149036160526,0.4848207392480155,recycle
trashnet_plastic243.jpg,train,233.55170964125554,0.9176677027599658,0.05388693741289848,0.5754508766855939,recycle
trashnet_plastic245.jpg,train,49.09356982703395,0.9710448576106684,0.044521346585989455,0.5059539228379156,recycle
trashnet_plastic246.jpg,train,403.977518417681,0.8486903146532011,0.04506387659942787,0.3925562852553634,recycle
trashnet_plastic247.jpg,train,215.1098254324151,0.9269408025245054,0.056454249270764215,0.4681873341345631,recycle
trashnet_plastic248.jpg,train,131.4561378923767,0.9146890669352253,0.047053359873840996,0.4352545841706375,recycle
trashnet_plastic249.jpg,train,34.83021700832799,0.9916137887131884,0.10307219243128608,0.7196294834405081,recycle
trashnet_plastic25.jpg,train,23.699071108263936,0.9855947981897433,0.06393071981615825,0.6381872706513614,recycle
trashnet_plastic250.jpg,train,8.723094170403588,0.9937889141294278,0.06256804241164335,0.6803961725842941,recycle
trashnet_plastic252.jpg,train,102.8236507046765,0.9485782194898708,0.05744849511720402,0.5510395213081489,recycle
trashnet_plastic253.jpg,train,126.1213364830237,0.9239890910673159,0.05260246312330173,0.5352905049591286,recycle
trashnet_plastic254.jpg,train,162.394899103139,0.9072489709517287,0.0694266625718463,0.6508011690332213,recycle
trashnet_plastic255.jpg,train,214.25576553491348,0.9444024999556442,0.10375377189224431,0.5956412092677327,recycle
trashnet_plastic256.jpg,train,25.31722453555413,0.993323312533703,0.08890325410220462,0.7663602419886774,recycle
trashnet_plastic257.jpg,train,106.93445707879563,0.9639690360926684,0.05066402445201725,0.5183813189723359,recycle
trashnet_plastic258.jpg,train,189.8436499039078,0.9507744678771938,0.07136353546855224,0.49805684532526495,recycle
trashnet_plastic259.jpg,train,35.29636450992953,0.9739012781095336,0.09644724466535141,0.6148518110797042,recycle
trashnet_plastic26.jpg,train,28.48374439461883,0.9908652391221346,0.0919621047013849,0.7642578639407762,recycle
trashnet_plastic260.jpg,train,78.77720611787315,0.9843652701573963,0.07257752779443861,0.6414242864431584,recycle
trashnet_plastic261.jpg,train,54.73720771941063,0.975744044534425,0.08100573347566055,0.6804536429339823,recycle
trashnet_plastic262.jpg,train,78.68920163356825,0.9765520509351366,0.08904132039768785,0.6406180590223064,recycle
trashnet_plastic263.jpg,train,247.52546444586804,0.9257433833628453,0.04595796069264974,0.5061428703049583,recycle
trashnet_plastic264.jpg,train,33.666940262652155,0.9893620555735101,0.11028538931120974,0.6718304687545598,recycle
trashnet_plastic265.jpg,train,59.579536354900696,0.9673975553918126,0.08634220569538174,0.6668725163316125,recycle
trashnet_plastic266.jpg,train,76.16932254964767,0.9647497645502979,0.07052320738692529,0.7034255889299101,recycle
trashnet_plastic267.jpg,train,240.7401105060858,0.9374135026766093,0.05603436461984248,0.5835791619190923,recycle
trashnet_plastic269.jpg,train,217.18675928891733,0.9448670519722739,0.051490507859163495,0.5923604106167163,recycle
trashnet_plastic27.jpg,train,147.51911835361943,0.9531865778273402,0.059924436515728464,0.611712495591817,recycle
trashnet_plastic270.jpg,train,80.65631005765535,0.9601808149606619,0.08208629396344333,0.602920319235479,recycle
trashnet_plastic271.jpg,train,85.39467889173605,0.9566737521422268,0.06061222641356754,0.4631355778820482,recycle
trashnet_plastic272.jpg,train,20.881926649583598,0.9838897085047185,0.07165877915798065,0.7306022846952701,recycle
trashnet_plastic273.jpg,train,26.74543561819347,0.990262652642919,0.05604719956483322,0.5998267747813117,recycle
trashnet_plastic274.jpg,train,59.96728859705316,0.9826085281082255,0.08350117406749051,0.67720247233287,recycle
trashnet_plastic275.jpg,train,49.474375400384375,0.9751830716012816,0.07665128172231717,0.6447055520877918,recycle
trashnet_plastic276.jpg,train,35.91850176169121,0.9828224497855729,0.08927991144139415,0.6837629861478525,recycle
trashnet_plastic280.jpg,train,220.36438981422162,0.9536775987098013,0.061343613903971646,0.5673333692705147,recycle
trashnet_plastic281.jpg,train,148.95667841127482,0.9614009750753338,0.023363997508326805,0.30264079046621983,recycle
trashnet_plastic282.jpg,train,80.50318305573347,0.9466712688235,0.05125069674076339,0.4526153875536575,recycle
trashnet_plastic283.jpg,train,119.73760810377965,0.9203159009044495,0.05322921584685372,0.4838958671974183,recycle
trashnet_plastic284.jpg,train,85.85411995515695,0.947942154825401,0.04541637349314207,0.45039998268605563,recycle
trashnet_plastic285.jpg,train,431.91229580397186,0.9596211207520033,0.057499515180248546,0.4118140379334737,recycle
trashnet_plastic286.jpg,train,147.7667560858424,0.946696477670544,0.047901739765162966,0.5026640648429155,recycle
trashnet_plastic287.jpg,train,232.84759368994233,0.9373657208729705,0.053281824039208524,0.5923274493505595,recycle
trashnet_plastic288.jpg,train,81.66838164638051,0.9817954823043162,0.07396234840848605,0.6186312845894173,recycle
trashnet_plastic289.jpg,train,84.88096572709802,0.966289184641706,0.0906662900217178,0.5885935448148137,recycle
trashnet_plastic29.jpg,train,119.51199151185138,0.9800040842989669,0.10911986319593639,0.5762218128497064,recycle
trashnet_plastic290.jpg,train,79.35015614990388,0.9674050922554972,0.07202674012725757,0.6457951126213165,recycle
trashnet_plastic292.jpg,train,78.61108664317744,0.9789659350013525,0.08960065118284347,0.6479947338946188,recycle
trashnet_plastic293.jpg,train,96.25274263292759,0.9796867162813777,0.12054190259560953,0.5853689845528758,recycle
trashnet_plastic294.jpg,train,27.548686739269694,0.9944850110206245,0.10023516423816183,0.7598065144774788,recycle
trashnet_plastic295.jpg,train,54.18794042280589,0.9778838886980358,0.09352097406946674,0.6878108819880688,recycle
trashnet_plastic296.jpg,train,117.92733023702755,0.9752343829154694,0.06278545717931829,0.5839352473775032,recycle
trashnet_plastic297.jpg,train,372.3564221652787,0.9013668950152812,0.03552640310297093,0.36523631449737354,recycle
trashnet_plastic298.jpg,train,104.09441063420884,0.9699554282877942,0.07830418965619342,0.6623501928481386,recycle
trashnet_plastic299.jpg,train,75.60197789878285,0.9822798000670866,0.10046136806152019,0.5856866821774993,recycle
trashnet_plastic3.jpg,train,1.8796044202434334,0.9851556484661189,0.13445454751684646,0.7683089887730621,recycle
trashnet_plastic30.jpg,train,70.7496796925048,0.9579052521122582,0.04625729914779563,0.46625455859158155,recycle
trashnet_plastic300.jpg,train,23.30076873798847,0.9827637472063432,0.07945662353294823,0.7284819364522671,recycle
trashnet_plastic301.jpg,train,98.60173766816142,0.9518628753775507,0.05672530241069612,0.5179171927974999,recycle
trashnet_plastic302.jpg,train,181.78092969250486,0.9502942661681144,0.06289390423087829,0.5684743261128072,recycle
trashnet_plastic303.jpg,train,61.99233263933376,0.9810711763623465,0.10664045629251417,0.7172525488880399,recycle
trashnet_plastic305.jpg,train,299.07713404868673,0.8457199859048482,0.056163213597419125,0.5587503794392347,recycle
trashnet_plastic306.jpg,train,19.83442104420243,0.9866439814858973,0.08543850402168134,0.6913885091257475,recycle
trashnet_plastic307.jpg,train,208.94010249839846,0.9627060117384395,0.09483107688805822,0.6962566942136601,recycle
trashnet_plastic309.jpg,train,60.386531069827036,0.9770650212609038,0.0876483268529514,0.6270768451071745,recycle
trashnet_plastic31.jpg,train,25.287536034593213,0.9862685837467746,0.07690875675733155,0.6923969624386535,recycle
trashnet_plastic310.jpg,train,243.41820147341443,0.9272683183044809,0.04990012573619747,0.5067483995171222,recycle
trashnet_plastic312.jpg,train,191.13597053171043,0.9427601454247726,0.045941083733209244,0.3699867677162038,recycle
trashnet_plastic313.jpg,train,259.7016936258808,0.9455227845137139,0.04993530101833131,0.587246760130709,recycle
trashnet_plastic314.jpg,train,125.65368754003845,0.9212478130747264,0.0419755991256371,0.4762142743569696,recycle
trashnet_plastic315.jpg,train,69.71620755925689,0.9672851955709488,0.05298240001727842,0.5975705410251851,recycle
trashnet_plastic316.jpg,train,55.551089045483664,0.9602205661115293,0.0633953698950395,0.5251937025836941,recycle
trashnet_plastic317.jpg,train,11.941884208840488,0.9906709768164982,0.08167836098142868,0.6331495091693847,recycle
trashnet_plastic318.jpg,train,74.02382286995514,0.9501528523009662,0.046614203142654326,0.40555162980635917,recycle
trashnet_plastic319.jpg,train,171.52784673286354,0.9439731460624118,0.040643261151292485,0.4820811932884185,recycle
trashnet_plastic322.jpg,train,96.6457799487508,0.9487818096111542,0.057059004557750426,0.5139848817239133,recycle
trashnet_plastic323.jpg,train,152.52568465727094,0.9271706308677977,0.07222925000234069,0.5665892112195234,recycle
trashnet_plastic324.jpg,train,83.47759849455477,0.9816174564421752,0.11183825302152649,0.6115248868609585,recycle
trashnet_plastic325.jpg,train,151.5585562139654,0.9573685589799725,0.08631965252080298,0.6185751120152954,recycle
trashnet_plastic326.jpg,train,147.1806133888533,0.9431514354144135,0.06927676360328515,0.5355722395742976,recycle
trashnet_plastic327.jpg,train,11.547225336322871,0.9901266924160889,0.08450387776444049,0.7035794424809347,recycle
trashnet_plastic328.jpg,train,187.1024983984625,0.9432153862478122,0.07609872939083605,0.5590728951726115,recycle
trashnet_plastic329.jpg,train,55.620375560538115,0.9654246363462825,0.06107513481517144,0.49657416763206713,recycle
trashnet_plastic33.jpg,train,22.0905269058296,0.964630108577262,0.07588070918901468,0.641565713766419,recycle
trashnet_plastic330.jpg,train,122.39131566303654,0.947159492136693,0.06773136973323939,0.5049316412484562,recycle
trashnet_plastic331.jpg,train,45.92540839205637,0.9738536140694236,0.10076488715045091,0.7460196922971464,recycle
trashnet_plastic332.jpg,train,105.97049167200514,0.957440548289818,0.05148329023367701,0.5294193625426803,recycle
trashnet_plastic333.jpg,train,174.042600896861,0.9427706989239744,0.066055282267113,0.48372747638430136,recycle
trashnet_plastic334.jpg,train,182.54192024343368,0.9656409511068963,0.05448256138802832,0.6030512002453507,recycle
trashnet_plastic335.jpg,train,82.0406390134529,0.9666136773021524,0.06792811101302289,0.5569181163336606,recycle
trashnet_plastic336.jpg,train,48.91273622677772,0.9905675537668367,0.10162156864396142,0.7442794345907958,recycle
trashnet_plastic338.jpg,train,13.562980461242796,0.9903169028996881,0.0876516029645358,0.7160566227385914,recycle
trashnet_plastic34.jpg,train,40.25,0.9770391652117991,0.13274470981425002,0.7278999353395719,recycle
trashnet_plastic340.jpg,train,24.105140935297882,0.991870641485914,0.06537118611615123,0.6118266388235238,recycle
trashnet_plastic341.jpg,train,30.665979340166558,0.9862564870291164,0.11161944187956016,0.7381366286464771,recycle
trashnet_plastic342.jpg,train,88.45459641255607,0.9812659739966972,0.1070147100644907,0.6607744011558875,recycle
trashnet_plastic343.jpg,train,92.97459561178732,0.9773297010874916,0.050117538637674305,0.4528951184113,recycle
trashnet_plastic344.jpg,train,90.04858664317744,0.9455519173967551,0.04728367129393894,0.43498871463139804,recycle
trashnet_plastic345.jpg,train,187.75330317104417,0.9612856605706673,0.11214006852528761,0.5969607546687712,recycle
trashnet_plastic346.jpg,train,169.46212363869316,0.951818478886667,0.06316208090599847,0.5978337957994901,recycle
trashnet_plastic347.jpg,train,150.51887812299807,0.9363977586976238,0.0683588511011648,0.4104444081430073,recycle
trashnet_plastic348.jpg,train,82.37025544522741,0.953538247555779,0.07539482854416439,0.7000273638646276,recycle
trashnet_plastic349.jpg,train,46.223434497117225,0.9758392758789343,0.07084890643934005,0.574813293654582,recycle
trashnet_plastic35.jpg,train,38.391595932094816,0.9596597601793938,0.0855502591514792,0.6783039458608561,recycle
trashnet_plastic350.jpg,train,85.15304692504805,0.9789951035178998,0.10831297546147944,0.6247792083075898,recycle
trashnet_plastic351.jpg,train,94.11471012171685,0.9503868149337332,0.07126485799508647,0.60205126326647,recycle
trashnet_plastic352.jpg,train,230.5840807174888,0.932209196544926,0.04522579828836162,0.4516213316220063,recycle
trashnet_plastic353.jpg,train,31.34847453555413,0.9782881646778376,0.09745066537326788,0.7812545987325993,recycle
trashnet_plastic354.jpg,train,468.4871476617552,0.7749635266478042,0.08360988179115723,0.5051774205818017,recycle
trashnet_plastic355.jpg,train,16.373878923766814,0.9890862970730261,0.0884375740543962,0.7707919848509146,recycle
trashnet_plastic356.jpg,train,218.47871957078792,0.9382399181802445,0.07056611934238567,0.5657499677864738,recycle
trashnet_plastic357.jpg,train,50.49663677130045,0.9845967413253136,0.09467723270933381,0.5997121199385681,recycle
trashnet_plastic358.jpg,train,99.45567745035234,0.9736125279782823,0.07040393115341487,0.6444841003389077,recycle
trashnet_plastic359.jpg,train,73.64604019859065,0.9740970248131728,0.06388822828400778,0.6719395859116087,recycle
trashnet_plastic36.jpg,train,188.6802130044843,0.9565115270605007,0.07379663673038495,0.5335927446999382,recycle
trashnet_plastic360.jpg,train,163.64920323510572,0.9641211068401385,0.057643212944457324,0.63006200517286,recycle
trashnet_plastic361.jpg,train,31.699891896220368,0.9904032960493537,0.0691719185700545,0.644257840001506,recycle
trashnet_plastic362.jpg,train,85.75232222934017,0.9736818496398636,0.07365108693972576,0.6265883085935678,recycle
trashnet_plastic363.jpg,train,39.60403987828315,0.9895177652171552,0.09122019562303013,0.7512152700173206,recycle
trashnet_plastic364.jpg,train,602.5793762011531,0.8529983488783056,0.04725230237801671,0.48364527738765783,recycle
trashnet_plastic365.jpg,train,107.78681534272903,0.9408926857028486,0.05847410326538853,0.5035588017831485,recycle
trashnet_plastic367.jpg,train,43.347533632286996,0.9698941464592228,0.07920582085576466,0.5763792307644747,recycle
trashnet_plastic368.jpg,train,235.9300128122998,0.895598335573836,0.03147519671038149,0.24663962346082183,recycle
trashnet_plastic369.jpg,train,437.4695307495196,0.8893789743403153,0.07477436299587649,0.4573493650549615,recycle
trashnet_plastic370.jpg,train,237.40422805893655,0.8862467822166247,0.0659096991823282,0.6155592778268311,recycle
trashnet_plastic371.jpg,train,144.58041720051247,0.969218593407306,0.139403580075412,0.5876951779755901,recycle
trashnet_plastic372.jpg,train,72.23018097373478,0.9673499410341954,0.050581747571570156,0.5534534291384591,recycle
trashnet_plastic373.jpg,train,73.42498798846893,0.9564450322350043,0.06981517810214605,0.6328548985498015,recycle
trashnet_plastic375.jpg,train,222.12485986547085,0.925434269704257,0.04684831186722561,0.5675856356929695,recycle
trashnet_plastic376.jpg,train,105.81197950032029,0.9764687496609058,0.09024951659739378,0.6124928418058457,recycle
trashnet_plastic377.jpg,train,72.27878763613069,0.9565363354655995,0.05819817842700652,0.5639799557335938,recycle
trashnet_plastic378.jpg,train,35.35163757206918,0.9822140919286706,0.10883774225420156,0.6706836992650881,recycle
trashnet_plastic379.jpg,train,80.3516375720692,0.9693327048761738,0.09094776329649339,0.6904205959231594,recycle
trashnet_plastic380.jpg,train,192.68169442664956,0.9436677159476826,0.0515065526997166,0.5408590384023574,recycle
trashnet_plastic381.jpg,train,62.69424647661754,0.9597084240956932,0.07068664137989472,0.6495292652074214,recycle
trashnet_plastic382.jpg,train,78.29282110826392,0.9651232075093088,0.06678019250294709,0.6784669662975561,recycle
trashnet_plastic383.jpg,train,99.7785073670724,0.9652689290380532,0.07623137274760515,0.6668868677173395,recycle
trashnet_plastic385.jpg,train,28.32244955156951,0.9842892550157478,0.0771089621320176,0.6667378747901277,recycle
trashnet_plastic386.jpg,train,40.640214606021786,0.9752441645279284,0.09250503934231877,0.7672165489544571,recycle
trashnet_plastic387.jpg,train,228.30196989109544,0.9395274696462833,0.026731410599032408,0.32678176388772073,recycle
trashnet_plastic388.jpg,train,66.2902386290839,0.9620396220401134,0.0384129497066119,0.42052650917690937,recycle
trashnet_plastic390.jpg,train,494.4871877001923,0.8267574852044579,0.04053425829950836,0.3578709975783108,recycle
trashnet_plastic393.jpg,train,84.05331117873158,0.9741499182188504,0.08754235759198296,0.676587760828516,recycle
trashnet_plastic394.jpg,train,52.923967008328,0.9651011560723752,0.08063798346508202,0.6641435253545153,recycle
trashnet_plastic395.jpg,train,96.15164557975656,0.9774336774710715,0.08388222262061701,0.6413139721020771,recycle
trashnet_plastic396.jpg,train,31.555533311979502,0.9637116523598732,0.055381649102258526,0.4960684760667573,recycle
trashnet_plastic397.jpg,train,108.75440422805893,0.9699062608379133,0.05513841917417012,0.6261996386408588,recycle
trashnet_plastic399.jpg,train,50.32421124279307,0.951251687408517,0.08219547236486087,0.6678534562704762,recycle
trashnet_plastic4.jpg,train,169.88831278026902,0.9636410847845495,0.11288333508214402,0.6750725385071314,recycle
trashnet_plastic40.jpg,train,63.93515775144137,0.9948727607199138,0.0567051174028827,0.568760518174135,recycle
trashnet_plastic400.jpg,train,139.70243433696348,0.9397763424294329,0.04255791805866043,0.4530881200891343,recycle
trashnet_plastic402.jpg,train,147.28147021140296,0.9591631317200672,0.054059294564215925,0.6164652568265161,recycle
trashnet_plastic403.jpg,train,81.02031950672645,0.9517684971527529,0.06600228089477576,0.530789235964263,recycle
trashnet_plastic405.jpg,train,133.01563500960924,0.9150258141126036,0.02656644197419349,0.2827255752764422,recycle
trashnet_plastic406.jpg,train,32.31470211402947,0.9823559234594534,0.06010241665557654,0.6358500222341283,recycle
trashnet_plastic407.jpg,train,268.6228379244074,0.9401294117180413,0.09419633371484129,0.508083924712712,recycle
trashnet_plastic408.jpg,train,276.307114830237,0.9212527197555823,0.05307681535761951,0.32965304837670073,recycle
trashnet_plastic409.jpg,train,123.91461803331198,0.9522189725346826,0.07193617638406703,0.63263740362637,recycle
trashnet_plastic41.jpg,train,41.051169122357464,0.9891999250169538,0.09945266554175736,0.6935161004672724,recycle
trashnet_plastic412.jpg,train,26.371196348494557,0.9839639414913499,0.08512630250047189,0.6828842601154028,recycle
trashnet_plastic413.jpg,train,24.380305092889174,0.9924272747353612,0.0966048767060778,0.6614300301189533,recycle
trashnet_plastic414.jpg,train,120.86184737347857,0.9570791029129748,0.06851793569409528,0.6162816504852898,recycle
trashnet_plastic415.jpg,train,37.96358504163997,0.9835284907412085,0.09317431507079424,0.6581454746907311,recycle
trashnet_plastic416.jpg,train,83.37836322869951,0.9537966220230226,0.03882007015729179,0.43448657540718444,recycle
trashnet_plastic418.jpg,train,97.29362187700191,0.9336836016690441,0.043905557775758094,0.4127694452735554,recycle
trashnet_plastic419.jpg,train,79.59403026905831,0.977429243053821,0.1284372725203669,0.6643226888899207,recycle
trashnet_plastic42.jpg,train,50.37077594490712,0.9794822957795571,0.10601830224879434,0.6844447490059105,recycle
trashnet_plastic422.jpg,train,155.35458039718128,0.9265517533706017,0.05558280032828761,0.5103346987631613,recycle
trashnet_plastic423.jpg,train,50.41289638052531,0.9706104298170583,0.0666530130154229,0.5178240476611123,recycle
trashnet_plastic424.jpg,train,93.43926169122358,0.9444687914519914,0.03035055140398717,0.34951047290121284,recycle
trashnet_plastic427.jpg,train,97.91670003203075,0.915730220487643,0.08797420207627284,0.6551009586027113,recycle
trashnet_plastic428.jpg,train,139.77075992953235,0.9630666288000767,0.043183688550294815,0.5643288699494681,recycle
trashnet_plastic429.jpg,train,406.2715807174888,0.8937892559881038,0.04595041479776751,0.54877223717337,recycle
trashnet_plastic43.jpg,train,21.82224935938501,0.9936385085073128,0.0903062351062375,0.7601274010935628,recycle
trashnet_plastic430.jpg,train,45.42632927610505,0.9859768487256478,0.07819891623104806,0.5558002014429079,recycle
trashnet_plastic431.jpg,train,37.687800288276755,0.9727577734883381,0.07288704511065501,0.6627940556623267,recycle
trashnet_plastic432.jpg,train,136.0213004484305,0.9689699555637021,0.08414592982782523,0.6228382963766256,recycle
trashnet_plastic433.jpg,train,183.01073030108904,0.9368433919418585,0.04756457190918987,0.5649092097793409,recycle
trashnet_plastic434.jpg,train,223.89840246636774,0.8617929752291287,0.060571305700471235,0.5506644892497002,recycle
trashnet_plastic436.jpg,train,59.37293802049969,0.9804793967473137,0.05508720755447353,0.6180358816776184,recycle
trashnet_plastic438.jpg,train,8.729039878283151,0.9968082737162879,0.07587436576098672,0.6956465533568518,recycle
trashnet_plastic439.jpg,train,53.05761531069826,0.9720978955322893,0.1123780802491077,0.7020398551487029,recycle
trashnet_plastic44.jpg,train,137.31778507367076,0.9531346889666255,0.06763820846278855,0.5870377648716985,recycle
trashnet_plastic441.jpg,train,75.74121156310058,0.9860272517758545,0.05247610929633924,0.5959902924533649,recycle
trashnet_plastic442.jpg,train,119.65284673286355,0.9479686819548264,0.05848571071674197,0.6217342884641647,recycle
trashnet_plastic443.jpg,train,242.00068065342728,0.9082370157143589,0.07364318008055547,0.4371841732111401,recycle
trashnet_plastic445.jpg,train,68.97575672645742,0.9796802717569437,0.09854373707775174,0.6390717924344905,recycle
trashnet_plastic446.jpg,train,57.595491672005124,0.9641364878820987,0.06626952482478503,0.5565320873844507,recycle
trashnet_plastic447.jpg,train,87.75456438180653,0.9592278703009599,0.055646670393793576,0.6007740823927473,recycle
trashnet_plastic448.jpg,train,201.64225656630364,0.9429235640157887,0.123570953326183,0.6872064849966503,recycle
trashnet_plastic449.jpg,train,164.9014654067905,0.9697643715920661,0.12072589727594422,0.6806591149396429,recycle
trashnet_plastic45.jpg,train,8.151605541319666,0.993075911670957,0.07853306823416971,0.6884841981843711,recycle
trashnet_plastic453.jpg,train,106.40254644458678,0.986417742564572,0.13710188977127338,0.6898428602135896,recycle
trashnet_plastic454.jpg,train,108.03359224855862,0.987130949698545,0.1016838547417627,0.6873318708834144,recycle
trashnet_plastic455.jpg,train,63.05759529147983,0.9242215856721208,0.0863850965252531,0.503477646174422,recycle
trashnet_plastic456.jpg,train,343.66784112748235,0.9390264418288564,0.06965327529990405,0.39780415806827024,recycle
trashnet_plastic458.jpg,train,8.159332959641256,0.9921120164709969,0.08538912331735857,0.7343300129853464,recycle
trashnet_plastic459.jpg,train,301.7020940102499,0.869513543588482,0.09716830513718328,0.5995598415784805,recycle
trashnet_plastic460.jpg,train,238.07016736066626,0.9510298793046515,0.11374268804249624,0.5253486781834511,recycle
trashnet_plastic461.jpg,train,170.47817905188984,0.969733577663122,0.12050802466912215,0.6444510793126644,recycle
trashnet_plastic462.jpg,train,87.89067504804612,0.9572777913779369,0.1293253830119853,0.7337244056826776,recycle
trashnet_plastic463.jpg,train,92.69166399743752,0.9678038770303868,0.10136224937296934,0.6649802322430753,recycle
trashnet_plastic464.jpg,train,245.21160313901348,0.8976077165714977,0.06971540272112214,0.5143653144350485,recycle
trashnet_plastic465.jpg,train,364.2606902626522,0.9522119478868462,0.13866529472879555,0.5612921911881279,recycle
trashnet_plastic466.jpg,train,162.21818946188338,0.9554355953643421,0.1185728321094564,0.681502246645936,recycle
trashnet_plastic467.jpg,train,184.6082839525945,0.9509022631796339,0.10951621818909381,0.661282527116504,recycle
trashnet_plastic468.jpg,train,125.50280269058297,0.9778161246895466,0.08726436681604982,0.6242637866103464,recycle
trashnet_plastic469.jpg,train,66.47053171044202,0.9883903304757986,0.07408730177100807,0.5800822686712817,recycle
trashnet_plastic47.jpg,train,69.53647501601537,0.956199570100912,0.057638465874309874,0.6106431359178809,recycle
trashnet_plastic470.jpg,train,85.74151185137734,0.9853464081542326,0.10647912723058946,0.5953306294117291,recycle
trashnet_plastic471.jpg,train,127.37279788597053,0.9746601907904006,0.09028952157659897,0.570813152587937,recycle
trashnet_plastic472.jpg,train,216.57793481742473,0.964976973105704,0.04858896508735614,0.47487992439431925,recycle
trashnet_plastic473.jpg,train,35.391275624599615,0.9764195743019517,0.07592792096033503,0.6600228809334945,recycle
trashnet_plastic474.jpg,train,16.641575912876363,0.9778562623948769,0.10358140275884554,0.7421427481547005,recycle
trashnet_plastic476.jpg,train,22.16291639974375,0.9742828879536114,0.08402080292994762,0.7595128845635974,recycle
trashnet_plastic477.jpg,train,228.5583960602178,0.9613259319372432,0.1560775857005852,0.6715319138384834,recycle
trashnet_plastic478.jpg,train,235.78605461242793,0.9484872637086951,0.11533495772525074,0.5981516268758589,recycle
trashnet_plastic479.jpg,train,13.660053651505445,0.9630242307552177,0.09432911599978158,0.7387873728958069,recycle
trashnet_plastic48.jpg,train,27.80012812299808,0.975906397196901,0.052843348416733105,0.5025977931342894,recycle
trashnet_plastic480.jpg,train,29.623338404868672,0.9466226792661869,0.10291387792872268,0.7511859059643328,recycle
trashnet_plastic481.jpg,train,25.801429372197305,0.9397050746445902,0.10703906564950855,0.7982276418904737,recycle
trashnet_plastic482.jpg,train,33.419122357463166,0.941039345179429,0.10257817743085383,0.7682453491873515,recycle
trashnet_plastic49.jpg,train,54.11238789237668,0.9800218439476152,0.08208852880135324,0.6663085358225297,recycle
trashnet_plastic5.jpg,train,22.834040679051895,0.9789049297243592,0.10815089052537966,0.7642976268075238,recycle
trashnet_plastic50.jpg,train,146.74659673286354,0.912593528422617,0.04212118252632792,0.4218254047028757,recycle
trashnet_plastic51.jpg,train,95.93585842408712,0.9745132922992635,0.0872270934649761,0.649596920144589,recycle
trashnet_plastic52.jpg,train,9.271740871236387,0.9929549954322046,0.07842770600405496,0.7011888847065147,recycle
trashnet_plastic53.jpg,train,383.01139093529787,0.8868959395040921,0.05244891200446914,0.4879594940671214,recycle
trashnet_plastic55.jpg,train,84.94566784112747,0.9519871854133892,0.044938985331562833,0.4694845891286259,recycle
trashnet_plastic56.jpg,train,112.0519098334401,0.9486976918203555,0.06485091020136295,0.5183671683559288,recycle
trashnet_plastic58.jpg,train,101.2527826713645,0.9594128109375024,0.0797092478185299,0.6271873500556572,recycle
trashnet_plastic59.jpg,train,7.7438540999359375,0.9936699406265657,0.06603161451885142,0.672270663595995,recycle
trashnet_plastic6.jpg,train,68.01755685458039,0.9859058670915696,0.11539192735485365,0.6777768714869185,recycle
trashnet_plastic60.jpg,train,49.242813100576555,0.9736645556058018,0.08616799527746975,0.6919044023205146,recycle
trashnet_plastic61.jpg,train,166.4405629404228,0.9325087515323197,0.06851710072821258,0.5703227431230949,recycle
trashnet_plastic63.jpg,train,93.2606302049968,0.9797789217753441,0.09342207077837347,0.6514472225472728,recycle
trashnet_plastic64.jpg,train,101.26209160794362,0.970577178423344,0.09096618426385703,0.6550412103388322,recycle
trashnet_plastic65.jpg,train,57.414918321588715,0.9823307557582209,0.09929104612675697,0.6878890295086239,recycle
trashnet_plastic66.jpg,train,96.09078715566943,0.9441934095998719,0.05563279214780055,0.4580019154931905,recycle
trashnet_plastic67.jpg,train,49.95165358744395,0.9719068295409375,0.05046264650466091,0.4695647763829248,recycle
trashnet_plastic69.jpg,train,295.510369955157,0.9276592036873103,0.04385212428902428,0.5376417326417495,recycle
trashnet_plastic7.jpg,train,43.586703235105695,0.9772305267533713,0.08820437320183817,0.6722004113325298,recycle
trashnet_plastic72.jpg,train,80.82909593209482,0.9469240941812536,0.0758170012621769,0.602175866897104,recycle
trashnet_plastic73.jpg,train,59.20177370275464,0.983061593901519,0.10811183521009862,0.6659976906167558,recycle
trashnet_plastic75.jpg,train,58.58804452274184,0.9756095058566934,0.11674841844485924,0.6679498619562956,recycle
trashnet_plastic76.jpg,train,18.35265855221012,0.9950903380599773,0.09116531511854487,0.7215653277970632,recycle
trashnet_plastic77.jpg,train,50.39575992953236,0.971569180407355,0.07659221251688164,0.6025523707220873,recycle
trashnet_plastic78.jpg,train,4.343830076873799,0.9983615232659444,0.07191165206482374,0.7032774617697136,recycle
trashnet_plastic79.jpg,train,278.53379244074307,0.8292096703893168,0.03810444335247946,0.33980672047564503,recycle
trashnet_plastic8.jpg,train,34.778587443946186,0.9750327412743686,0.09812006940197857,0.6721095997088862,recycle
trashnet_plastic80.jpg,train,162.7547445547726,0.9431129316031145,0.05395798298246251,0.5410628279892274,recycle
trashnet_plastic82.jpg,train,22.781630365150544,0.9925702038918554,0.04958871334781683,0.6467964812363817,recycle
trashnet_plastic83.jpg,train,172.48648702754647,0.9478147254743523,0.09143003249231554,0.5407066879676535,recycle
trashnet_plastic84.jpg,train,248.11757286995518,0.9463114792165173,0.06729013385548845,0.5057245227324447,recycle
trashnet_plastic85.jpg,train,78.06201953875721,0.9693256636952959,0.06852647779028707,0.5679239213066692,recycle
trashnet_plastic86.jpg,train,117.92548846893018,0.9460063733151791,0.02515252878703147,0.2871317726256216,recycle
trashnet_plastic87.jpg,train,51.031209961563086,0.9835055166737185,0.05369632081347606,0.5886869547725537,recycle
trashnet_plastic88.jpg,train,161.4223854900705,0.962563491945749,0.09434690650444642,0.5538538259445077,recycle
trashnet_plastic89.jpg,train,69.39734144778988,0.9653851861375297,0.06666536961158952,0.4364471875510711,recycle
trashnet_plastic9.jpg,train,13.431394138372838,0.9831857010618141,0.137427196596693,0.7398096808134897,recycle
trashnet_plastic91.jpg,train,83.34671284433055,0.9509720373544259,0.06825814765703792,0.5843195580552458,recycle
trashnet_plastic93.jpg,train,83.1846372517617,0.9820520994667905,0.11617475104900642,0.6372121038247524,recycle
trashnet_plastic94.jpg,train,36.11909433055733,0.983876062360741,0.06565113224061109,0.6390930586298508,recycle
trashnet_plastic95.jpg,train,51.87065582959641,0.9961976613502319,0.0512596730606443,0.5775321041910585,recycle
trashnet_plastic96.jpg,train,143.97773862908394,0.9361787450590033,0.052356682671390466,0.529803035216986,recycle
trashnet_plastic97.jpg,train,34.23836883408072,0.9861854074916483,0.04934098153315867,0.6081539724923686,recycle
trashnet_plastic98.jpg,train,37.28387251761691,0.9919479708152843,0.051913959875499065,0.6158424993764609,recycle
trashnet_plastic99.jpg,train,19.76097053171044,0.9860883357528126,0.07728918191172619,0.6917157403745976,recycle
wc_220px-Botella_de_plastico_-_PET_jpg.rf.6f0b490bca70c2378732c6ab5f195abc.jpg,train,178.5903467328636,0.9664184611203739,0.053255898004422125,0.503467011314791,recycle
wc_3_341_Original_Plastic_Drinking_Bottles_f57e0d_jpg.rf.34e162d162b979dfceacb06bc7c5ebd7.jpg,train,171.69182415118516,0.9793710473215127,0.14766242566681617,0.6530766094798679,recycle
wc_3_341_Original_Plastic_Drinking_Bottles_f57e0d_jpg.rf.72abc1a13a381bb66a02d7e4d5a74ae7.jpg,train,183.88322789878282,0.9733287639409586,0.13028921095119386,0.6669400566817864,recycle
wc_alcan_jpeg.rf.6c440b821aa8a39d443c3334179e31b2.jpg,train,111.9377001921845,0.9581888391050495,0.8224554754981928,0.8528556078336467,recycle
wc_bottles_jpeg.rf.61dbea9101261b01e3c364b00df4c3e9.jpg,train,170.74061098654707,0.9785161746405594,0.028055804402139985,0.3964954921241151,recycle
wc_bottle_jpeg.rf.335e7cbb2fb78c719ce3afa62cf0bdef.jpg,train,248.24711723254325,0.9719176769571144,0.10194025460376038,0.42884726175259036,recycle
wc_bottle_jpeg.rf.3d2e82fd01c5b356f73c9b3ded6cea52.jpg,train,247.70815983344013,0.9632735170591602,0.06838384958432987,0.42419022312734905,recycle
wc_bottle_jpeg.rf.4063e4850a422d44d6d801b2a0b5f426.jpg,train,117.34907511210761,0.9417488664950378,0.03871814148220201,0.4182664215009926,recycle
wc_can-6_jpg.rf.686e4a8532783af322fcf285078f7d4a.jpg,train,237.10858424087124,0.9730934764725798,0.4871328091839873,0.6043927011747914,recycle
wc_can-6_jpg.rf.6b7cca736c788391770d89abfe54d055.jpg,train,532.4252482383088,0.9659421052050794,0.37356016035525447,0.571426760613228,recycle
wc_can-_jpeg.rf.02c8af291e9855ee57709a0545a4ca6c.jpg,train,819.4425848814864,0.8902344958121998,0.010483057576577921,0.1043059277736481,recycle
wc_can-_jpeg.rf.9bd73e24ff8f1264143b4e0cfa49511c.jpg,train,810.8189461883408,0.9003722369660762,0.04937536605039093,0.14957316728533193,recycle
wc_cannnm_jpg.rf.2865a94e81b6ecb86e9f684913944b0a.jpg,train,365.3773622677771,0.9350656272501846,0.21157294420340572,0.5292517458732796,recycle
wc_cannnm_jpg.rf.b6742830e45e4ec9879b3758d57a8854.jpg,train,336.9951353299167,0.9326027753680709,0.21865706411617386,0.5301531820540245,recycle
wc_cannnm_jpg.rf.e644e443981bce7aa0446aef88bd55fc.jpg,train,181.6627362267777,0.9594350861567539,0.24383591950371158,0.4933168804954349,recycle
wc_crumpled-empty-soda-or-beer-can-isolated-on-white_jpg.rf.6a2561cce3e22344ddf2728c7919c06a.jpg,train,331.5719690903267,0.9239032664722527,0.3347462136948617,0.5354846436310523,recycle
wc_crumpled-empty-soda-or-beer-can-isolated-on-white_jpg.rf.cd2692aee06d6ae717da7e3562d9ea60.jpg,train,333.66802130044834,0.9341471426061518,0.3310633883211975,0.5379189528476832,recycle
wc_Dataset2_original_can-6-jpg_12d41fa9-339a-4520-b16e-6e5a252ca05c_jpg.rf.30cc11f70f0cf646477f31a0da59d358.jpg,train,818.764914317745,0.9450788849610703,0.3805857539389603,0.5776743158213681,recycle
wc_Dataset2_original_can-6-jpg_12d41fa9-339a-4520-b16e-6e5a252ca05c_jpg.rf.438df8361c18610d9bcbe09bdf397ff1.jpg,train,768.2766856181935,0.9176295014352271,0.4553056755687009,0.5898143761449718,recycle
wc_Dataset2_original_can-6-jpg_12d41fa9-339a-4520-b16e-6e5a252ca05c_jpg.rf.709b9e7ff08cabe410e52173b3e3ed66.jpg,train,241.8261130685458,0.9728711194438132,0.48378965653088335,0.6001612865447773,recycle
wc_Dataset2_original_can-6-jpg_52bc9882-389c-4908-9e4d-3be1182014bd_jpg.rf.34f61cd31dc03eaaa2e8fde666f0da24.jpg,train,458.4479900704676,0.9600498732246138,0.43081112235074487,0.5765230896243446,recycle
wc_Dataset2_original_can-6-jpg_6f2c6191-0391-44ee-b905-c08368f319e3_jpg.rf.739154b607b8acabfa26f4ee2e59390d.jpg,train,803.7560257847534,0.9392865196960439,0.40525142959833993,0.5801054196483278,recycle
wc_Dataset2_original_can-6-jpg_6f2c6191-0391-44ee-b905-c08368f319e3_jpg.rf.8b6af299042e5325a78b4ef2c1f4a1d5.jpg,train,459.1489830237027,0.9598998542523867,0.42972038521331785,0.5755036086060284,recycle
wc_Dataset2_original_can-6-jpg_ba1575d4-e991-4fe0-8144-970afaa94fbf_jpg.rf.4c9f31e8b83dcf10d93e9d4f30e92a41.jpg,train,59.978058936579124,0.9693751634964349,0.32622761759161306,0.6107651958636656,recycle
wc_Dataset2_original_can-6-jpg_ba1575d4-e991-4fe0-8144-970afaa94fbf_jpg.rf.84fb29024e381459e2672cf40843f44c.jpg,train,118.72099215246637,0.9465838978076175,0.29548713510901475,0.5964072711118865,recycle
wc_Dataset2_original_can-6-jpg_ba1575d4-e991-4fe0-8144-970afaa94fbf_jpg.rf.9e27440b83ddf85989a18c58a0a28593.jpg,train,36.10950512491992,0.9719420946072667,0.42115100715239734,0.6321556459300255,recycle
wc_Dataset2_original_can-6-jpg_e11102b8-9fdd-4b44-a354-2585d418d8b3_jpg.rf.0b57987acd965769562b34036da42465.jpg,train,245.77390294682897,0.9722292801812085,0.48785368667225165,0.6000779874520472,recycle
wc_Dataset2_original_can-6-jpg_e11102b8-9fdd-4b44-a354-2585d418d8b3_jpg.rf.0d1e93e5dfb1e0713b05ba6eafe8a9fa.jpg,train,740.6264614029469,0.9493063903253147,0.3898436926487318,0.5829701446650302,recycle
wc_Dataset2_original_can-6-jpg_e2c4c417-3b24-4a35-953f-73bfe826fd7a_jpg.rf.25923c4a1d894ac2e37ba8f83a274e58.jpg,train,173.3433095771941,0.9327681641205647,0.43959745367029124,0.6373529089672292,recycle
wc_Dataset2_original_can-6-jpg_e2c4c417-3b24-4a35-953f-73bfe826fd7a_jpg.rf.52e16dfe68a317347395e9abe4c0fb9e.jpg,train,174.3640895259449,0.9214875768624844,0.46177917025566617,0.6395568447341962,recycle
wc_Dataset2_original_can-6-jpg_e2c4c417-3b24-4a35-953f-73bfe826fd7a_jpg.rf.65bcb87ac822f2779fd554efc3747273.jpg,train,55.73466527866753,0.9721136005820556,0.49477126221040196,0.6542660536995822,recycle
wc_Dataset2_original_can-6-jpg_f5736bd7-77e6-4c9b-96ee-6decbe7583b9_jpg.rf.114b1024f48c6c7202a2cc4b5ab5dffc.jpg,train,799.67833119795,0.9427914325534377,0.39493906521508904,0.5797496871797659,recycle
wc_Dataset2_original_can-6-jpg_f5736bd7-77e6-4c9b-96ee-6decbe7583b9_jpg.rf.25ac7c1fb6042eca3efa88a91e55c60a.jpg,train,809.0896060217808,0.9351253526477366,0.4168425747335873,0.5811212457756774,recycle
wc_Dataset2_original_crumpled-empty-soda-or-beer-can-isolated-on-white-jpg_00ca0969-3b5c-4982-9624-7afdacc921d1_jpg.rf.52655d94bdddcfc5fb4522edf333ba97.jpg,train,240.51555493273543,0.9776399678045371,0.12570877619859566,0.385628249960073,recycle
wc_Dataset2_original_crumpled-empty-soda-or-beer-can-isolated-on-white-jpg_00ca0969-3b5c-4982-9624-7afdacc921d1_jpg.rf.ae6555af1995fb4411cd9f0d23780e1d.jpg,train,232.83866511851375,0.9454362017376731,0.07580263385863319,0.34695656130632435,recycle
wc_Dataset2_original_crumpled-empty-soda-or-beer-can-isolated-on-white-jpg_00ca0969-3b5c-4982-9624-7afdacc921d1_jpg.rf.ffca551822aadc2e4135f2e36dfa16ef.jpg,train,109.41129484304932,0.9561883029405465,0.08335990783612734,0.3542186031566287,recycle
wc_Dataset2_original_crumpled-empty-soda-or-beer-can-isolated-on-white-jpg_03076973-bc66-4f92-82da-9d7f0e85b160_jpg.rf.081457a13ee3543c0e839185e6ee00a7.jpg,train,140.30237027546445,0.9525581139597706,0.3654548185268327,0.5463804617487223,recycle
wc_Dataset2_original_crumpled-empty-soda-or-beer-can-isolated-on-white-jpg_03076973-bc66-4f92-82da-9d7f0e85b160_jpg.rf.5ac045a2b1ccfb43f8c1b63d2d2a6385.jpg,train,342.74885890454834,0.9505361264153437,0.30778250279914326,0.5326999370746107,recycle
wc_Dataset2_original_crumpled-empty-soda-or-beer-can-isolated-on-white-jpg_03076973-bc66-4f92-82da-9d7f0e85b160_jpg.rf.e92f3223544771a282d43b602a1b3211.jpg,train,346.27450352338246,0.9640733590979679,0.2787526369588263,0.5193097297585154,recycle
wc_Dataset2_original_crumpled-empty-soda-or-beer-can-isolated-on-white-jpg_0df5b24f-4001-4012-a2f3-4de08960cebb_jpg.rf.c22ea822f9d988dd34b48e7b837a50e6.jpg,train,111.05605381165918,0.9565787874306165,0.08773807844223193,0.35287675801870594,recycle
wc_Dataset2_original_crumpled-empty-soda-or-beer-can-isolated-on-white-jpg_16c9b312-81c1-4f23-9794-d2a42e93b519_jpg.rf.16e0e62f02c6655722f050d2025c2ccf.jpg,train,142.45659833440104,0.9518426566755808,0.36274554365893363,0.5476099071705899,recycle
wc_Dataset2_original_crumpled-empty-soda-or-beer-can-isolated-on-white-jpg_16c9b312-81c1-4f23-9794-d2a42e93b519_jpg.rf.dcb396e6041deb3f0d31ef1f62affc69.jpg,train,308.95898062139656,0.9769500826355286,0.2435844848276158,0.5194436313080305,recycle
wc_Dataset2_original_crumpled-empty-soda-or-beer-can-isolated-on-white-jpg_338418e5-e30c-4f2c-a276-27f985e1fda5_jpg.rf.5d2c66aa5ecca72a883c018d10cdff3f.jpg,train,111.38028507367072,0.9528040941122873,0.35858023801108313,0.5530742559917761,recycle
wc_Dataset2_original_crumpled-empty-soda-or-beer-can-isolated-on-white-jpg_338418e5-e30c-4f2c-a276-27f985e1fda5_jpg.rf.d3dd6a968a1038d3c17fbe3b596b08dd.jpg,train,239.00626601537473,0.9751804465914119,0.2493888126172051,0.532024083689688,recycle
wc_Dataset2_original_crumpled-empty-soda-or-beer-can-isolated-on-white-jpg_338418e5-e30c-4f2c-a276-27f985e1fda5_jpg.rf.e816e321782b4933382bef1c40722833.jpg,train,274.4396020179372,0.9728314516327436,0.2454129110058485,0.5490960277226555,recycle
wc_Dataset2_original_crumpled-empty-soda-or-beer-can-isolated-on-white-jpg_36eb67e0-d932-4be9-a719-6ff1d7a3f4ca_jpg.rf.1558504b1b0dfaed48b584d1dc3eae2f.jpg,train,288.5828595451634,0.9762080286352166,0.25505499152264305,0.5314182326781872,recycle
wc_Dataset2_original_crumpled-empty-soda-or-beer-can-isolated-on-white-jpg_36eb67e0-d932-4be9-a719-6ff1d7a3f4ca_jpg.rf.242bcfc1de9628b2ba15f272e90a0543.jpg,train,347.0209801409353,0.9507621045765382,0.3035728414914157,0.5238761735795974,recycle
wc_Dataset2_original_crumpled-empty-soda-or-beer-can-isolated-on-white-jpg_36eb67e0-d932-4be9-a719-6ff1d7a3f4ca_jpg.rf.89e4013a787531b39e7638c351a773bb.jpg,train,139.6656390134529,0.952840291166206,0.36287708389716566,0.5447309499503088,recycle
wc_Dataset2_original_crumpled-empty-soda-or-beer-can-isolated-on-white-jpg_ab34785f-2438-40b8-b3c3-0fc7c0886a8c_jpg.rf.fe687222081dd6efaf30e1c688456ba1.jpg,train,140.68293561819345,0.9526528879784687,0.3580935306558767,0.5428475581113487,recycle
wc_Dataset2_original_crushed-can-4336229-jpg_16cf1655-978f-4f39-8a4f-473741ef061e_jpg.rf.d44b3a2bb14724dec579f73ab25427d5.jpg,train,311.0490871236387,0.9745178462844417,0.436522677210306,0.6001278503536317,recycle
wc_Dataset2_original_crushed-can-4336229-jpg_17ed36ea-1d45-4c61-bd1c-4e9a15e489f6_jpg.rf.7569688cc6b9aec0b5d98d513164cb2e.jpg,train,473.5354540358744,0.974292336201285,0.36808327088012605,0.5882573998138088,recycle
wc_Dataset2_original_crushed-can-4336229-jpg_17ed36ea-1d45-4c61-bd1c-4e9a15e489f6_jpg.rf.d348de2b29635de2203790adc5cd9bde.jpg,train,526.3194867072391,0.9635005042442318,0.41266597074186745,0.571258972592595,recycle
wc_Dataset2_original_crushed-can-4336229-jpg_27e455c8-43fc-4f8a-a676-607958947f7d_jpg.rf.1a74473d9e10de9be3218c35124ea725.jpg,train,60.31205957719411,0.9768636468120514,0.40150396768939306,0.7132960493792662,recycle
wc_Dataset2_original_crushed-can-4336229-jpg_27e455c8-43fc-4f8a-a676-607958947f7d_jpg.rf.34547b6c34ecca0aca46cad04679f7a4.jpg,train,67.47185297885972,0.9739744525850466,0.4062252090230478,0.7440254748333115,recycle
wc_Dataset2_original_crushed-can-4336229-jpg_27e455c8-43fc-4f8a-a676-607958947f7d_jpg.rf.60be3cd6100fb32e98dff5202af6efb0.jpg,train,63.49503523382449,0.9754329222472621,0.39823335177301467,0.7104767764283273,recycle
wc_Dataset2_original_crushed-can-4336229-jpg_30565cbe-af9d-4258-8058-b1dabf505790_jpg.rf.178fe638aabf76662c4d88f65ccae853.jpg,train,126.71758888532993,0.9698987135994604,0.3948228089069441,0.6292700175758372,recycle
wc_Dataset2_original_crushed-can-4336229-jpg_30565cbe-af9d-4258-8058-b1dabf505790_jpg.rf.40c38ea9bd972c32017ff8c510d0f487.jpg,train,78.87764253683537,0.9740766105279273,0.45061878306912684,0.6552634114513708,recycle
wc_Dataset2_original_crushed-can-4336229-jpg_30565cbe-af9d-4258-8058-b1dabf505790_jpg.rf.baddb295a39ed757548b72b546108284.jpg,train,121.61134689301728,0.9747392511074523,0.36624968961231963,0.6336353691549148,recycle
wc_Dataset2_original_crushed-can-4336229-jpg_a3372c1f-2131-4b8a-bb25-1b31f81d7271_jpg.rf.b6167915e98d7f3bdd5428602df18ccc.jpg,train,322.90390775144135,0.9737338840225326,0.4344607045080108,0.583023768232825,recycle
wc_Dataset2_original_crushed-can-4336229-jpg_a75c1c2f-4fa1-4320-8db1-2658a596c843_jpg.rf.8d5813124d3b5e493f2847d7f189e2b3.jpg,train,509.33089766175533,0.9691600745079231,0.39581776473636193,0.5807037244463427,recycle
wc_Dataset2_original_crushed-can-4336229-jpg_a75c1c2f-4fa1-4320-8db1-2658a596c843_jpg.rf.b01e52608a9d113dea971c6d0d6371c5.jpg,train,521.2329636450994,0.9611634142807284,0.4187054843837742,0.5699597731036129,recycle
wc_Dataset2_original_crushed-can-4336229-jpg_a75c1c2f-4fa1-4320-8db1-2658a596c843_jpg.rf.ddf6ca9813c34235f2478210d8e3b7d6.jpg,train,310.07441143497755,0.9743704192836745,0.4423645509482127,0.6042966954178697,recycle
wc_Dataset2_original_crushed-can-4336229-jpg_eb38d6e4-d2ca-43ef-b9b6-4704f29edcf2_jpg.rf.28e059ab327cb1797da04606b5afd7ad.jpg,train,477.6465606982703,0.9743539746343629,0.3691720899775944,0.5891113288475827,recycle
wc_Dataset2_original_crushed-can-4336229-jpg_eb38d6e4-d2ca-43ef-b9b6-4704f29edcf2_jpg.rf.3c92ba049279bc8a34a331ab09d525a5.jpg,train,506.79868673926967,0.9722981368167515,0.37423849116104047,0.5831588487615983,recycle
wc_Dataset2_original_crushed-can-4336229-jpg_eb38d6e4-d2ca-43ef-b9b6-4704f29edcf2_jpg.rf.c0830acb393123a3e769b5c34bb4a645.jpg,train,314.92260570147346,0.9741284458611588,0.4394770209030042,0.6025300964434082,recycle
wc_Dataset2_original_crushed-tin-can-8753110-jpg_048c4fb6-f114-4564-95a5-0c1eb5942408_jpg.rf.85b7d61cd050523d23a5df157e5c9f93.jpg,train,1026.1645379564382,0.9486042321032362,0.2550695472812301,0.4620465990674648,recycle
wc_Dataset2_original_crushed-tin-can-8753110-jpg_048c4fb6-f114-4564-95a5-0c1eb5942408_jpg.rf.dbec29222b89a3d5a35062ff2a32227d.jpg,train,384.4441663997438,0.9732247113886094,0.3264832815398477,0.5018817837902994,recycle
wc_Dataset2_original_crushed-tin-can-8753110-jpg_8d4e11b1-cd09-4639-9423-6b1a41198453_jpg.rf.27bb9df2dc747a96dec6e73f13d71d14.jpg,train,1182.4278106982704,0.9284554409988283,0.2869882632449621,0.4433832223218612,recycle
wc_Dataset2_original_crushed-tin-can-8753110-jpg_8d4e11b1-cd09-4639-9423-6b1a41198453_jpg.rf.ae731f1bf49b50e836f563bb0781959d.jpg,train,380.778847693786,0.9734715791268207,0.32547903410816553,0.4996845885892872,recycle
wc_Dataset2_original_crushed-tin-can-8753110-jpg_a62839bc-e4ba-434d-8df9-f8c94d62eaf2_jpg.rf.670b89f2303bd5c013b05ca68189bb2b.jpg,train,1205.9666479820628,0.9408828096807776,0.2820454630055173,0.49338018205167333,recycle
wc_Dataset2_original_crushed-tin-can-8753110-jpg_a62839bc-e4ba-434d-8df9-f8c94d62eaf2_jpg.rf.b5c2ecd03ad4921935b2b868b29ce8b7.jpg,train,826.9133968609866,0.9601321845387111,0.2862893793925773,0.5460359253795358,recycle
wc_Dataset2_original_crushed-tin-can-8753110-jpg_a62839bc-e4ba-434d-8df9-f8c94d62eaf2_jpg.rf.e47999f7caa5127c840265993d44d152.jpg,train,1049.6994915118512,0.9512306463077899,0.2856933736185005,0.5079786745909765,recycle
wc_Dataset2_original_crushed-tin-can-8753110-jpg_a89547b3-bcea-46bf-8b1a-3024870455c0_jpg.rf.6c54c6f19954c0f71b60b35c23dd959c.jpg,train,261.70027226137097,0.9644160730496255,0.31368340327446337,0.5085310678019532,recycle
wc_Dataset2_original_crushed-tin-can-8753110-jpg_a89547b3-bcea-46bf-8b1a-3024870455c0_jpg.rf.a40b253439b67afd493f646eaf83bf09.jpg,train,186.9302530429212,0.9728462701139268,0.3415767560281458,0.5283672146049776,recycle
wc_Dataset2_original_crushed-tin-can-8753110-jpg_a89547b3-bcea-46bf-8b1a-3024870455c0_jpg.rf.e84a5050572ecf4c85679dbb34367064.jpg,train,233.64423846893015,0.9728009121914832,0.28324500084678034,0.5230014698035413,recycle
wc_Dataset2_original_crushed-tin-can-8753110-jpg_c62a2747-246a-4362-bff8-1190cbc6b953_jpg.rf.6ac80abd54fc60d1ba5d139ccd9cbb95.jpg,train,1178.0820387572069,0.9288498465861018,0.11957884635210021,0.2726295026116372,recycle
wc_Dataset2_original_crushed-tin-can-8753110-jpg_c62a2747-246a-4362-bff8-1190cbc6b953_jpg.rf.6cb6beece11ab89617a6fd17cf98fa75.jpg,train,375.5484064702114,0.9750229061942103,0.05989061123523138,0.258019646430247,recycle
wc_Dataset2_original_discarded-empty-red-potato-crispschips-packet-on-soil-background-EW6TH5-jpg_2382db91-9505-4e5e-b5fb-6620739f2311_jpg.rf.d8480a1ae35ae28bfb416396acf6134b.jpg,train,309.8957599295323,0.8424863685354745,0.07244530171715202,0.2385888162259032,recycle
wc_Dataset2_original_IMG-0275-1-scaled-e1625354416593-945x1024-jpg_4ad209de-dd83-4eaf-8ae9-2ccdf66a26b5_jpg.rf.37648ee4582833e3b0d552ca6640c770.jpg,train,254.24475496476614,0.9529253937637128,0.0909061897772073,0.4127062843973742,recycle
wc_Dataset2_original_IMG-0275-1-scaled-e1625354416593-945x1024-jpg_4ad209de-dd83-4eaf-8ae9-2ccdf66a26b5_jpg.rf.a0815b6d2b0fc003e8f53c445d020e8a.jpg,train,284.9048886931453,0.943479862913409,0.041112020418623156,0.35981578320987545,recycle
wc_Dataset2_original_IMG-0275-1-scaled-e1625354416593-945x1024-jpg_4ad209de-dd83-4eaf-8ae9-2ccdf66a26b5_jpg.rf.b31a3bfdca2a45acbec9e2a8ad148ae4.jpg,train,258.90795163356825,0.9487973619124889,0.03799680886340329,0.33311765610664557,recycle
wc_Dataset2_original_IMG-0275-1-scaled-e1625354416593-945x1024-jpg_7126f93b-adc7-4075-a713-240f20cace82_jpg.rf.0578b19c44ebea122d4434f54b237442.jpg,train,259.4329556374119,0.9523692392514368,0.09845368592946294,0.38318450077654365,recycle
wc_Dataset2_original_IMG-0275-1-scaled-e1625354416593-945x1024-jpg_7126f93b-adc7-4075-a713-240f20cace82_jpg.rf.17d74db291073d44d2a6d448be7684ee.jpg,train,282.4901505445227,0.9440040428660759,0.041308348749122585,0.36118098165893897,recycle
wc_Dataset2_original_IMG-0275-1-scaled-e1625354416593-945x1024-jpg_7126f93b-adc7-4075-a713-240f20cace82_jpg.rf.567d10c1c1f2bf306be5802f1ba605ca.jpg,train,248.11677210121718,0.9552057645353338,0.12061496879047458,0.4251600499131658,recycle
wc_Dataset2_original_IMG-0275-1-scaled-e1625354416593-945x1024-jpg_be65aca3-3e84-4804-83cf-9607ca319be9_jpg.rf.af4938de9fa5fb76c52d760c014e0fa6.jpg,train,141.0983744394619,0.9530887716863012,0.09565955366332303,0.4317693192325639,recycle
wc_Dataset2_original_IMG-0275-1-scaled-e1625354416593-945x1024-jpg_be65aca3-3e84-4804-83cf-9607ca319be9_jpg.rf.b7acec6fe50e127620b07a2c902c218a.jpg,train,159.46598734785397,0.9432965501569676,0.054839379600107936,0.4249351444371344,recycle
wc_Dataset2_original_IMG-0275-1-scaled-e1625354416593-945x1024-jpg_be65aca3-3e84-4804-83cf-9607ca319be9_jpg.rf.d15ee8fa55222b3a3aa88471a79f2358.jpg,train,160.00352338244713,0.9476512269778903,0.11973717555610035,0.4633070252176142,recycle
wc_Dataset2_original_lays-classic-potato-chips-open-bag-jpg_1230b094-52b3-44bf-ad48-40c7cd7d8805_jpg.rf.8837b8d6c24577a10c289269bf0381db.jpg,train,98.44586803331198,0.914497855339118,0.1476226880784212,0.47585799502039816,recycle
wc_Dataset2_original_lays-classic-potato-chips-open-bag-jpg_1230b094-52b3-44bf-ad48-40c7cd7d8805_jpg.rf.9e26b9927bc6c8dc63622e3b01887e17.jpg,train,123.22895980140936,0.9333067048847912,0.132453621461303,0.46577119278138474,recycle
wc_Dataset2_original_lays-classic-potato-chips-open-bag-jpg_1230b094-52b3-44bf-ad48-40c7cd7d8805_jpg.rf.c8d1a307e14f00fd4a2b72598241384c.jpg,train,122.96218369634849,0.9387284780033149,0.14600373408812342,0.49653382449729627,recycle
wc_Dataset2_original_lays-classic-potato-chips-open-bag-jpg_5f4b50a4-cea0-48be-bcb4-ea4b39bb4191_jpg.rf.d4605ebc24731e2ffbc24d018af56e6c.jpg,train,484.3816463805253,0.9322606882453829,0.2702828564554302,0.46059892845768735,recycle
wc_Dataset2_original_lays-classic-potato-chips-open-bag-jpg_c58f873f-b70b-4cc9-9e6c-73f7b5973034_jpg.rf.09afe22428a7a065eda7d7a195e0a47f.jpg,train,477.6252402306214,0.9332512792174329,0.25596344153688466,0.45174248344727663,recycle
wc_Dataset2_original_lays-classic-potato-chips-open-bag-jpg_c58f873f-b70b-4cc9-9e6c-73f7b5973034_jpg.rf.0d5256eb3ef911351542d4ac091606f0.jpg,train,699.940482863549,0.9455107331263298,0.19428298922656734,0.421069490217219,recycle
wc_Dataset2_original_lays-classic-potato-chips-open-bag-jpg_c58f873f-b70b-4cc9-9e6c-73f7b5973034_jpg.rf.e95d276a6eaa8cca9deae37df61da73a.jpg,train,486.7255965727098,0.9317434049089997,0.2462808597594406,0.44466808403035424,recycle
wc_Dataset2_original_lays-classic-potato-chips-open-bag-jpg_ecfa5681-f9c9-4b28-82bc-15eba5431a4d_jpg.rf.890bc29a6560ee81f4a9d77a01652167.jpg,train,751.3702754644459,0.9372178638468361,0.22478872029446292,0.43781594860317996,recycle
wc_Dataset2_original_lays-classic-potato-chips-open-bag-jpg_ecfa5681-f9c9-4b28-82bc-15eba5431a4d_jpg.rf.97519129c0fa20b6f54ff371b18cb129.jpg,train,516.1123478539397,0.9176819158437705,0.28707973668469855,0.46915351697884605,recycle
wc_Dataset2_original_lays-classic-potato-chips-open-bag-jpg_ecfa5681-f9c9-4b28-82bc-15eba5431a4d_jpg.rf.d62da85bf81eb022d282cc6939c28837.jpg,train,686.7382887572069,0.9170584542593988,0.2507036779883176,0.46038274745347596,recycle
wc_Dataset2_original_lays-classic-potato-chips-open-bag-jpg_ffbd6c3f-f2cd-40a6-a7e0-f970c2bb529a_jpg.rf.c514a8b395fd387195cc1069a02f76d7.jpg,train,369.84409032671374,0.9685271354859222,0.3271791424180312,0.5745069229916825,recycle
wc_Dataset2_original_lays-classic-potato-chips-open-bag-jpg_ffbd6c3f-f2cd-40a6-a7e0-f970c2bb529a_jpg.rf.cdf0a1e39efd998cde60a1e4fc78aa63.jpg,train,422.34284913516973,0.9641193565265045,0.3152977832941286,0.5882540615494272,recycle
wc_Dataset2_original_maxresdefault-jpg_1b0782c5-9dc4-4f4e-852f-88c5c0e7091f_jpg.rf.362002541aafa35a38c70c5ba4d18db1.jpg,train,427.20383568225503,0.9248063592866586,0.01415442273322244,0.14891546019841542,recycle
wc_Dataset2_original_maxresdefault-jpg_1b0782c5-9dc4-4f4e-852f-88c5c0e7091f_jpg.rf.740a3d45bc1732c5ffc14224d77017a8.jpg,train,294.45723894939135,0.9597679316959182,0.09601998433028498,0.29356773539901937,recycle
wc_Dataset2_original_maxresdefault-jpg_1b0782c5-9dc4-4f4e-852f-88c5c0e7091f_jpg.rf.ea8ac031d1861d603d17aadae068adce.jpg,train,413.3860105701474,0.9336727436050642,0.026896093787907197,0.17488158666331458,recycle
wc_Dataset2_original_maxresdefault-jpg_57c777d2-e229-4c7a-b7e9-488a99b6643f_jpg.rf.25185810482d7a3dc6d7e2e5346e312d.jpg,train,416.4661875400384,0.9267435213859524,0.014153240572049267,0.1481333981391484,recycle
wc_Dataset2_original_maxresdefault-jpg_5d9834af-8a64-470f-a7a2-2f8036451685_jpg.rf.646fd360f3e7d38189d5ebff7b575cd1.jpg,train,417.450052049968,0.9264698671003777,0.014121001004024568,0.15007659094163245,recycle
wc_Dataset2_original_maxresdefault-jpg_5d9834af-8a64-470f-a7a2-2f8036451685_jpg.rf.d61f860e60339a1ff6f0c4aa5d930917.jpg,train,453.15408792440735,0.9400535158101482,0.11052596364625616,0.24426573797977477,recycle
wc_Dataset2_original_sweet-crisp-wrappers-600px_original-jpg_00cc7a3f-532c-4fa4-834b-f7e7e7313a40_jpg.rf.732876bd6d35e118aa880c48c1664970.jpg,train,814.8299567584882,0.9443249518470817,0.25591912877525297,0.4316651747263426,recycle
wc_Dataset2_original_sweet-crisp-wrappers-600px_original-jpg_00cc7a3f-532c-4fa4-834b-f7e7e7313a40_jpg.rf.9ed006932c1a8703449288b8ef13dd3c.jpg,train,786.7273983023703,0.9261783992415586,0.33048470920348105,0.43651054256073996,recycle
wc_Dataset2_original_sweet-crisp-wrappers-600px_original-jpg_1a189e27-b989-4ae2-98cd-aef664f8e601_jpg.rf.f64c185d77a1c644caf39c3aee28c917.jpg,train,774.166439782191,0.927558706521515,0.32920800675165635,0.43423624355701007,recycle
wc_Dataset2_original_sweet-crisp-wrappers-600px_original-jpg_593204b0-4981-4f6a-8ffd-bff860e9fa66_jpg.rf.259b927b881334d18951c426c2683f03.jpg,train,1251.1706638372839,0.8907538346621403,0.29743151689775105,0.4256924394306241,recycle
wc_Dataset2_original_sweet-crisp-wrappers-600px_original-jpg_593204b0-4981-4f6a-8ffd-bff860e9fa66_jpg.rf.4216c0f63b567c9cdc9e7f655b16eadb.jpg,train,895.8859304932736,0.9299563508223269,0.2877186754759121,0.42999050483718654,recycle
wc_Dataset2_original_sweet-crisp-wrappers-600px_original-jpg_593204b0-4981-4f6a-8ffd-bff860e9fa66_jpg.rf.bf4a8c38e5cf2e857611164ee9d607a4.jpg,train,779.3952994875078,0.9484614082127552,0.26119422539386755,0.44231337977791785,recycle
wc_Dataset2_original_sweet-crisp-wrappers-600px_original-jpg_8d258883-3fe7-48c3-a6ec-82e184557be6_jpg.rf.ce096544afefcb0e5a6166d488ebecb3.jpg,train,825.2336442985265,0.9130849642470396,0.09071814259404364,0.23737095491951243,recycle
wc_Dataset2_original_sweet-crisp-wrappers-600px_original-jpg_9377c4be-5478-4008-9ddf-d24f2bb0d1f6_jpg.rf.21b163f6688cafc8bc5350faf822a012.jpg,train,761.531209961563,0.9361901524174124,0.09502840017341209,0.27826432002731066,recycle
wc_Dataset2_original_sweet-crisp-wrappers-600px_original-jpg_9377c4be-5478-4008-9ddf-d24f2bb0d1f6_jpg.rf.38487f896153ae927c7f3f61cac1ca95.jpg,train,802.0054051889815,0.9152882405269548,0.09159583001660437,0.24049161009483774,recycle
wc_Dataset2_original_sweet-crisp-wrappers-600px_original-jpg_9377c4be-5478-4008-9ddf-d24f2bb0d1f6_jpg.rf.73ecf87c315f5ab49b36cc9d636ad91b.jpg,train,720.7648742793083,0.9277406832388749,0.07716933014068694,0.2601003077154857,recycle
wc_Dataset2_original_sweet-crisp-wrappers-600px_original-jpg_abbd3820-392f-4510-87a2-143fde026986_jpg.rf.ad8e275b25177c26279cf075f5e36352.jpg,train,789.1752882767456,0.9270646628728594,0.3322630461270502,0.4402457428407987,recycle
wc_Dataset2_original_sweet-crisp-wrappers-600px_original-jpg_abbd3820-392f-4510-87a2-143fde026986_jpg.rf.faf371639a6e46b67f7fd189b0fa6f09.jpg,train,885.4060297885972,0.9406477874956448,0.25288481620120257,0.431545972902168,recycle
wc_Dataset2_original_sweet-crisp-wrappers-600px_original-jpg_ec6060ab-8fdf-454b-8507-bc943e6f0829_jpg.rf.6c1d7ba3175d1997610dfcb0348c88a5.jpg,train,768.3857703395261,0.9299327325828666,0.3056083046691297,0.43200194755563115,recycle
wc_Dataset2_original_sweet-crisp-wrappers-600px_original-jpg_ec6060ab-8fdf-454b-8507-bc943e6f0829_jpg.rf.dc88536d4724414643213ace3e5cf5db.jpg,train,818.7063581037796,0.9497663575193619,0.2335100582132512,0.44301030975804634,recycle
wc_Dataset2_original_sweet-crisp-wrappers-600px_original-jpg_ec6060ab-8fdf-454b-8507-bc943e6f0829_jpg.rf.f3189dae2a8181d870cd59526c5c7b32.jpg,train,784.0066663997438,0.9267179480790733,0.32574851316198306,0.4332142218797932,recycle
wc_hindustan-tin-works-ltd-jasola-vihar-delhi-plastic-bottle-cap-manufacturers-5fg8hd9s1m_jpg.rf.3e142596faf379e17d6ac215c591710b.jpg,train,234.76749679692506,0.8528701306839497,0.17639703477728857,0.4976547314344687,recycle
wc_hindustan-tin-works-ltd-jasola-vihar-delhi-plastic-bottle-cap-manufacturers-5fg8hd9s1m_jpg.rf.7ad9f8a588920aa4d276e6dd2ba86f5c.jpg,train,326.931934657271,0.970565859107539,0.170243070576906,0.4970637772172225,recycle
wc_hindustan-tin-works-ltd-jasola-vihar-delhi-plastic-bottle-cap-manufacturers-5fg8hd9s1m_jpg.rf.bcdb9aa030e5a046ab4bb65e878277ca.jpg,train,153.96923046124277,0.9037639877849897,0.17344976486007313,0.4772863436495782,recycle
wc_hmmcann_jpeg.rf.47e569149694161ec35f11d419b34291.jpg,train,233.6971893017297,0.9699346646860234,0.09291455657852442,0.4878309331865883,recycle
wc_hmmcann_jpeg.rf.dc3e3b10646b4651e389e9b86a055deb.jpg,train,148.5170363549007,0.9663598171978314,0.044729136945477435,0.47923016622352677,recycle
wc_hmmcann_jpeg.rf.e088a3019cbc3906bcc6ecc319bf9a8b.jpg,train,232.09016655989748,0.9497519514231514,0.043714350643945965,0.4477872703588873,recycle
wc_Ly-project-dataset_original_20231004_221118-jpg_1c3b46af-9a36-45a9-945d-008b3861c9b5_jpg.rf.3896f54be1dddad9d3012b2818e1e943.jpg,train,131.03541399743753,0.9198129651031876,0.0827635917931068,0.49452917448539774,recycle
wc_Ly-project-dataset_original_20231004_221118-jpg_1c3b46af-9a36-45a9-945d-008b3861c9b5_jpg.rf.751bca7bbb31020a436b31155d140cdf.jpg,train,133.72665759128762,0.9182007279891339,0.08255926780883192,0.49395585573976497,recycle
wc_Ly-project-dataset_original_20231004_221118-jpg_d7182dd7-95ed-4af1-920d-3d3050db5de4_jpg.rf.758d7e7b6c3abe710aad4f030edfa701.jpg,train,543.7542040358744,0.9443200786654011,0.097269587826893,0.4090858925349189,recycle
wc_Ly-project-dataset_original_20231004_221118-jpg_d7182dd7-95ed-4af1-920d-3d3050db5de4_jpg.rf.df894b3393cbb5baf17a9d4035875632.jpg,train,694.9652866752083,0.9265429878260423,0.092303630869681,0.3722456874138221,recycle
wc_Ly-project-dataset_original_20231004_221311-jpg_08cfac52-f653-4da3-b94f-2ba2faaa15a3_jpg.rf.6968b72368f7d0be28e8b65d8b8e7ac7.jpg,train,654.0733504163998,0.9240506867276298,0.11669953688939032,0.27058919194007375,recycle
wc_Ly-project-dataset_original_20231004_221311-jpg_08cfac52-f653-4da3-b94f-2ba2faaa15a3_jpg.rf.6ac16b25e7508d36b17ceeb0ebb192b2.jpg,train,601.8102578475336,0.9299532800222852,0.11599641426575341,0.26890927689668703,recycle
wc_Ly-project-dataset_original_20231004_221311-jpg_52b29e7e-0f0a-4ea9-9480-8faeb07853f6_jpg.rf.2b620177d7e814cbf1e7c37372437a4d.jpg,train,606.2001121076232,0.9258365429157517,0.08548773314131397,0.2480467575376207,recycle
wc_Ly-project-dataset_original_20231004_221311-jpg_52b29e7e-0f0a-4ea9-9480-8faeb07853f6_jpg.rf.5b9875882b24139ae2492be95361c432.jpg,train,726.6492432735425,0.8859763232859454,0.01607556953246832,0.1867753277058644,recycle
wc_Ly-project-dataset_original_20231004_221311-jpg_52b29e7e-0f0a-4ea9-9480-8faeb07853f6_jpg.rf.8d8ee3de4d9b5f960b1abe98ac47396a.jpg,train,617.3279748558617,0.9198896857652369,0.06242734963468085,0.23576767236943483,recycle
wc_Ly-project-dataset_original_20231004_221311-jpg_8d7ffc79-359b-4e3a-8e28-751076dc02fa_jpg.rf.21d7b34f99ffea9d605f126bb36a30f9.jpg,train,545.9713725176169,0.9454186170404357,0.25707530044123755,0.3853617514157141,recycle
wc_Ly-project-dataset_original_20231004_221311-jpg_8d7ffc79-359b-4e3a-8e28-751076dc02fa_jpg.rf.e2ade7d26cca54ea1ceab9d44eddf524.jpg,train,655.1596732863551,0.9344282370374326,0.24543961302375558,0.385553960053072,recycle
wc_Ly-project-dataset_original_20231004_221311-jpg_8d7ffc79-359b-4e3a-8e28-751076dc02fa_jpg.rf.efe984c97e025d896c9d8346e5840f8d.jpg,train,655.0170964125562,0.9344438558689531,0.245632298423948,0.38524189805847203,recycle
wc_Ly-project-dataset_original_20231004_221311-jpg_d823161d-9ee0-4a2c-bddf-3053bb3a1327_jpg.rf.157e9e4592f96c659d720247b906d428.jpg,train,720.7644338565021,0.8869860930069664,0.016160035925345997,0.18584412869237446,recycle
wc_Ly-project-dataset_original_a-crumpled-walkers-crisp-packet-BJ7JP4-jpg_66bd668e-d344-41cb-8147-d19acaddfc38_jpg.rf.2d4b53ce1c419250b394e7e826b824ca.jpg,train,156.09340967328635,0.9674476195046057,0.07144847145151906,0.4023240449597483,recycle
wc_Ly-project-dataset_original_a-crumpled-walkers-crisp-packet-BJ7JP4-jpg_66bd668e-d344-41cb-8147-d19acaddfc38_jpg.rf.644dd297ffa807d71f28f6cde97b9483.jpg,train,621.2838925368353,0.9003930280533841,0.054863419653131046,0.29276579660052154,recycle
wc_Ly-project-dataset_original_a-crumpled-walkers-crisp-packet-BJ7JP4-jpg_66bd668e-d344-41cb-8147-d19acaddfc38_jpg.rf.c059671f8b5fedd12a49d90197dc945d.jpg,train,564.4856061819346,0.9536029911492006,0.11652874351818972,0.33604925328369356,recycle
wc_Ly-project-dataset_original_a-crumpled-walkers-crisp-packet-BJ7JP4-jpg_77d58459-7b1a-43bb-880d-bfbbe7abf221_jpg.rf.411c729670b8f693d0ff782e931ba225.jpg,train,105.89069506726459,0.9660960911112044,0.19901116740914052,0.664037361233106,recycle
wc_Ly-project-dataset_original_a-crumpled-walkers-crisp-packet-BJ7JP4-jpg_77d58459-7b1a-43bb-880d-bfbbe7abf221_jpg.rf.ce46cb0a1db501c5ffaf73d63fb18d12.jpg,train,110.1638573030109,0.974605448357178,0.20952659262028092,0.6473971012776595,recycle
wc_Ly-project-dataset_original_a-crumpled-walkers-crisp-packet-BJ7JP4-jpg_77d58459-7b1a-43bb-880d-bfbbe7abf221_jpg.rf.d135e6654ec4aa1b19cf16ef517deef1.jpg,train,59.33524183215887,0.9776542943167242,0.20552513370827832,0.6783873236068598,recycle
wc_Ly-project-dataset_original_a-crumpled-walkers-crisp-packet-BJ7JP4-jpg_82604348-bf94-43c0-bfcc-7b995c45cecd_jpg.rf.14eeb29e060f499e06ec5d81321e7810.jpg,train,362.67378683536197,0.9683023172536551,0.14247959195842477,0.5982010731356155,recycle
wc_Ly-project-dataset_original_a-crumpled-walkers-crisp-packet-BJ7JP4-jpg_82604348-bf94-43c0-bfcc-7b995c45cecd_jpg.rf.449e5fdd17bd3ff243386a796ec7d3b7.jpg,train,359.7977258167841,0.9772727564454373,0.15992215924086883,0.5893890742672406,recycle
wc_Ly-project-dataset_original_a-crumpled-walkers-crisp-packet-BJ7JP4-jpg_82604348-bf94-43c0-bfcc-7b995c45cecd_jpg.rf.4a57c7d39cc77247f8051f1231b01bd2.jpg,train,194.86016575912873,0.9790212329637423,0.15128078990066748,0.6149372957838368,recycle
wc_Ly-project-dataset_original_a-crumpled-walkers-crisp-packet-BJ7JP4-jpg_82bd73aa-21da-4ece-9ebc-ad28dd9da4b3_jpg.rf.fd087cb8f70b07c4043ab928aebdaddb.jpg,train,23.160674247277385,0.9776851748797962,0.2530206983417137,0.72372552678445,recycle
wc_Ly-project-dataset_original_a-crumpled-walkers-crisp-packet-BJ7JP4-jpg_82bd73aa-21da-4ece-9ebc-ad28dd9da4b3_jpg.rf.ff6133da492190c4991058d5c8261795.jpg,train,41.60808376040999,0.9769769422690331,0.23734304917740973,0.6920120966178349,recycle
wc_Ly-project-dataset_original_a-crumpled-walkers-crisp-packet-BJ7JP4-jpg_93ba78bc-2f49-47b8-810d-c3a83a60380e_jpg.rf.19c70fcc0f7794fff8baaa7818f46495.jpg,train,469.14067504804615,0.9629663378888281,0.14509825403316334,0.6131162182726307,recycle
wc_Ly-project-dataset_original_a-crumpled-walkers-crisp-packet-BJ7JP4-jpg_93ba78bc-2f49-47b8-810d-c3a83a60380e_jpg.rf.b12e09f6270122131793775bb5b8a0e4.jpg,train,595.7605901665598,0.9614191250106816,0.1515095684478389,0.5519327705915669,recycle
wc_Ly-project-dataset_original_a-crumpled-walkers-crisp-packet-BJ7JP4-jpg_93ba78bc-2f49-47b8-810d-c3a83a60380e_jpg.rf.f38439ef3f59ec0b5f8a9527792b826d.jpg,train,560.9968369634848,0.9653235225467179,0.1580836348430048,0.5547991248279595,recycle
wc_Ly-project-dataset_original_a-crumpled-walkers-crisp-packet-BJ7JP4-jpg_af0d62f7-3442-4b6e-84c2-9d24c2a50020_jpg.rf.28c1951c8163d2c55332120453d0a283.jpg,train,196.68179452274182,0.9787586436215877,0.1530228850408856,0.6175828882242607,recycle
wc_Ly-project-dataset_original_a-crumpled-walkers-crisp-packet-BJ7JP4-jpg_c6556706-e40b-4c8d-b835-73e7dbdb4655_jpg.rf.11c484642b6c9196511db9bb0b55a5ec.jpg,train,74.94612828315181,0.9656332266772994,0.1421866797826984,0.5532002983226852,recycle
wc_Ly-project-dataset_original_a-crumpled-walkers-crisp-packet-BJ7JP4-jpg_c6556706-e40b-4c8d-b835-73e7dbdb4655_jpg.rf.75054bd466ef9ace3589e6513b7a7368.jpg,train,146.09695307495195,0.9543783682654444,0.13059290768275653,0.5396358922257782,recycle
wc_Ly-project-dataset_original_a-crumpled-walkers-crisp-packet-BJ7JP4-jpg_c6556706-e40b-4c8d-b835-73e7dbdb4655_jpg.rf.e132a4b0140d23d73346c0dfbf6323aa.jpg,train,164.48995035233827,0.9703483955057368,0.13709896586136294,0.5324647626314265,recycle
wc_Ly-project-dataset_original_istockphoto-1147277988-612x612-jpg_09717488-1eeb-4745-a6e4-792c612f8d15_jpg.rf.0f526752d7a9119eb9b9a7704ed1c602.jpg,train,360.9599615631006,0.9779532380919539,0.23942275920539968,0.5131236644417072,recycle
wc_Ly-project-dataset_original_istockphoto-1147277988-612x612-jpg_09717488-1eeb-4745-a6e4-792c612f8d15_jpg.rf.1b8e983f1660cc8c09ac4f3c063296e0.jpg,train,304.5371756886611,0.9715470642427912,0.3199839134565991,0.5238259359962425,recycle
wc_Ly-project-dataset_original_istockphoto-1147277988-612x612-jpg_09717488-1eeb-4745-a6e4-792c612f8d15_jpg.rf.248ae3985cc51971a6d647c69a2ce67e.jpg,train,493.44606822549656,0.9576904836483925,0.2910737915141969,0.5103749291960511,recycle
wc_Ly-project-dataset_original_istockphoto-1147277988-612x612-jpg_0b2e46f4-f0e4-46f5-86da-25848c303af1_jpg.rf.3298c4938ebce1524a136b31d0374657.jpg,train,366.8615470852018,0.9726371621963035,0.45067487224108216,0.6413350117287493,recycle
wc_Ly-project-dataset_original_istockphoto-1147277988-612x612-jpg_0b2e46f4-f0e4-46f5-86da-25848c303af1_jpg.rf.b95bdcce071a7fef43feb1368a295cf1.jpg,train,448.97261370916084,0.9650675304898558,0.45757151932568735,0.6473111213730767,recycle
wc_Ly-project-dataset_original_istockphoto-1147277988-612x612-jpg_0b2e46f4-f0e4-46f5-86da-25848c303af1_jpg.rf.c0348dbc37ff7964c2dcebda009928f8.jpg,train,263.4930733504164,0.9697287009598066,0.5207377890589715,0.6674930928157861,recycle
wc_Ly-project-dataset_original_istockphoto-1147277988-612x612-jpg_3c321e5c-f082-4b84-9581-fe8923b7d0f6_jpg.rf.1188ff4efa4689671fc787cf3b604655.jpg,train,456.16157511210764,0.9690928982395313,0.4246662653852879,0.6323058868939427,recycle
wc_Ly-project-dataset_original_istockphoto-1147277988-612x612-jpg_6d43baaa-39c7-4368-82b7-d5e0a6b4255c_jpg.rf.391cdc20831509fb969855dd16ac01d2.jpg,train,277.2701793721973,0.9691740380154062,0.5083657904671292,0.6548521114938319,recycle
wc_Ly-project-dataset_original_istockphoto-1147277988-612x612-jpg_6d43baaa-39c7-4368-82b7-d5e0a6b4255c_jpg.rf.4358b589e4c2d32cc99c7b324a3534e0.jpg,train,413.413236707239,0.9775116244504993,0.38442876415839944,0.6280996953508444,recycle
wc_Ly-project-dataset_original_istockphoto-1147277988-612x612-jpg_c3407ed2-7a77-4979-827b-ebcfee321983_jpg.rf.8a67f649597b2b5b6f19119344dad2df.jpg,train,342.7306614349776,0.970832432753595,0.4308448213280999,0.6213707960840451,recycle
wc_Ly-project-dataset_original_istockphoto-1147277988-612x612-jpg_c3407ed2-7a77-4979-827b-ebcfee321983_jpg.rf.eceac061d0f427845a59ebf4339a2f97.jpg,train,276.54083920563744,0.9704669159472064,0.47487321122920606,0.6375943376156524,recycle
wc_Ly-project-dataset_original_istockphoto-1147277988-612x612-jpg_c3407ed2-7a77-4979-827b-ebcfee321983_jpg.rf.f79a5dac5074b90621afaab1ccb31ff7.jpg,train,347.3886130685458,0.9787924618412722,0.3739098147516464,0.6210200474897031,recycle
wc_Ly-project-dataset_original_istockphoto-1327043019-612x612-jpg_41639e4c-c663-4e9d-9254-bb05a391de71_jpg.rf.4f613242baeca6aa22a4669aa9e81f33.jpg,train,259.9097533632287,0.9556315465334767,0.182979697664302,0.7078269221687888,recycle
wc_Ly-project-dataset_original_istockphoto-1327043019-612x612-jpg_41639e4c-c663-4e9d-9254-bb05a391de71_jpg.rf.fdeb34dfe289b9c32cdf98f58fabb4ef.jpg,train,244.72625720691866,0.9581559230147688,0.17868599118773437,0.7037505789654949,recycle
wc_Ly-project-dataset_original_istockphoto-1327043019-612x612-jpg_41639e4c-c663-4e9d-9254-bb05a391de71_jpg.rf.ff3d8837d08563d6e621bdd476bc736c.jpg,train,128.1127081998719,0.9785092932201351,0.16151119844870043,0.6103777464146564,recycle
wc_Ly-project-dataset_original_istockphoto-1327043019-612x612-jpg_5c6a45c5-b2c9-4731-87df-2032d719db41_jpg.rf.1e872e3f3180ff939044d0aa67d65251.jpg,train,216.31388132607296,0.9650667891484387,0.1965981744482916,0.6820579327001334,recycle
wc_Ly-project-dataset_original_istockphoto-1327043019-612x612-jpg_5c6a45c5-b2c9-4731-87df-2032d719db41_jpg.rf.5f76c8f7a56111abbde94550c835b59f.jpg,train,153.3312980461243,0.9751535739868581,0.18371801470463356,0.6326925704810202,recycle
wc_Ly-project-dataset_original_istockphoto-1327043019-612x612-jpg_5c6a45c5-b2c9-4731-87df-2032d719db41_jpg.rf.69fc9a56fba2d627472efee537aa078f.jpg,train,253.94332559256893,0.9571650352452732,0.1872894405861533,0.7123296595448652,recycle
wc_Ly-project-dataset_original_istockphoto-1327043019-612x612-jpg_94bbb1fb-b69d-41bb-8cdd-8a22ed16bc2b_jpg.rf.0912613681dfc4718a69716b3a7cfe85.jpg,train,274.5707879564382,0.9719182347281856,0.18892408671793978,0.5359975468808149,recycle
wc_Ly-project-dataset_original_istockphoto-1327043019-612x612-jpg_94bbb1fb-b69d-41bb-8cdd-8a22ed16bc2b_jpg.rf.fab0b80c6dc84d26f4fb383cf7491d67.jpg,train,167.00972934016656,0.9834745074017281,0.18641201006080227,0.5361456144481466,recycle
wc_Ly-project-dataset_original_istockphoto-1327043019-612x612-jpg_c11094d4-d58c-457e-915c-5ff18e627e00_jpg.rf.e4287155dccda6beb8abafc130f721eb.jpg,train,271.68371636771303,0.9607275580085245,0.1888874235081594,0.6666910732812293,recycle
wc_Ly-project-dataset_original_istockphoto-1353307229-612x612-jpg_3afc59d3-64fd-431f-bc3f-356a26eb98fb_jpg.rf.f30ec34b312fde7f8c6e5da052e79c73.jpg,train,16.389894298526585,0.9914203251726764,0.6751818397007745,0.8234612657073835,recycle
wc_Ly-project-dataset_original_istockphoto-1353307229-612x612-jpg_444be282-5f83-4a3e-9a60-3c06d42771ba_jpg.rf.34cfb71a9d006066e20efcfa7fcef459.jpg,train,328.81694426649585,0.9841038887771746,0.5332327000576258,0.7278355035232305,recycle
wc_Ly-project-dataset_original_istockphoto-1353307229-612x612-jpg_458e7779-32b3-45b9-a09b-239c7704c6ef_jpg.rf.02ad30470b30c702d8671146b71cf9fd.jpg,train,111.6380124919923,0.9918364078434179,0.6609175557539789,0.7599796125997424,recycle
wc_Ly-project-dataset_original_istockphoto-1353307229-612x612-jpg_458e7779-32b3-45b9-a09b-239c7704c6ef_jpg.rf.badb42494580c4319cd70b7656a412ae.jpg,train,331.57745435618193,0.9846960426053445,0.5269404570667852,0.7338867576572913,recycle
wc_Ly-project-dataset_original_istockphoto-1353307229-612x612-jpg_458e7779-32b3-45b9-a09b-239c7704c6ef_jpg.rf.bd9a387cdf4cd3f691b5b5b99de524fb.jpg,train,295.48582639333756,0.9829384914148617,0.5965311649496751,0.7484898888655029,recycle
wc_Ly-project-dataset_original_istockphoto-1353307229-612x612-jpg_48fd4bc7-5faa-4fc9-a5b8-7d88cf985266_jpg.rf.1e711873963773cc2e7838ec46754d9b.jpg,train,37.196989109545164,0.9921216581848077,0.3905622245104186,0.6691174542105822,recycle
wc_Ly-project-dataset_original_istockphoto-1353307229-612x612-jpg_4d5add3c-f62d-44a3-b8c8-a01acb888046_jpg.rf.bdf87328a638fa1d407b5da101074d5b.jpg,train,102.63408872517617,0.9919182443111747,0.6618639197516616,0.7597886790644734,recycle
wc_Ly-project-dataset_original_istockphoto-1353307229-612x612-jpg_4d5add3c-f62d-44a3-b8c8-a01acb888046_jpg.rf.df4ab7c9281363f9bf2bc08d58dcac0d.jpg,train,302.48828875720693,0.9781772846602536,0.6301114664652916,0.7429914661840079,recycle
wc_Ly-project-dataset_original_istockphoto-1353307229-612x612-jpg_4f61d591-61a5-4296-8f2f-816692dfba57_jpg.rf.781f56b5158000dec84e14ad0ad77817.jpg,train,28.10742312620115,0.9918413786907425,0.6121390595130126,0.778590484816467,recycle
wc_Ly-project-dataset_original_istockphoto-1353307229-612x612-jpg_4f61d591-61a5-4296-8f2f-816692dfba57_jpg.rf.9aa13c48826da20ce23b5361eccc1992.jpg,train,69.28401265214606,0.9856805523082254,0.48648132906696395,0.7672754640315899,recycle
wc_Ly-project-dataset_original_istockphoto-1353307229-612x612-jpg_671ac402-bd29-4cbc-b132-9f8b23f8d703_jpg.rf.4f9e6249c4cc5350b9e8c0c97e6ab878.jpg,train,325.8105581358103,0.9836315147561687,0.550271459558653,0.7338902017886568,recycle
wc_Ly-project-dataset_original_istockphoto-1353307229-612x612-jpg_671ac402-bd29-4cbc-b132-9f8b23f8d703_jpg.rf.8988d6ca07dea35c2ee38dd254ba67cd.jpg,train,296.41141495836007,0.9850785506106858,0.5491289676703801,0.7448589178672514,recycle
wc_Ly-project-dataset_original_istockphoto-1353307229-612x612-jpg_75230745-df2a-4264-8910-486458e46b92_jpg.rf.ae32c0e78b34992ff1512059b039de17.jpg,train,90.34397021140293,0.9915440199359544,0.6659462694524515,0.7672791443485452,recycle
wc_Ly-project-dataset_original_istockphoto-1353307229-612x612-jpg_83892af4-11ee-4309-a214-0a266401c753_jpg.rf.a94cea39fee609ab3c756ed375fa38db.jpg,train,110.11719250480462,0.9920487483871322,0.6532695054161768,0.7544520217909144,recycle
wc_Ly-project-dataset_original_istockphoto-1353307229-612x612-jpg_83892af4-11ee-4309-a214-0a266401c753_jpg.rf.c3611c4b00ef96738a5476b72ff91611.jpg,train,299.8053531390134,0.9828065446417161,0.5876845743843525,0.7446514361893727,recycle
wc_Ly-project-dataset_original_istockphoto-1353307229-612x612-jpg_886c1897-cfc9-4a9f-b269-ca3b82a949e7_jpg.rf.1b278d95c06295b63ae7d7fe6f0ecdbe.jpg,train,109.65046444586802,0.9921092490311378,0.6515576820117112,0.7558442810885756,recycle
wc_Ly-project-dataset_original_istockphoto-1353307229-612x612-jpg_886c1897-cfc9-4a9f-b269-ca3b82a949e7_jpg.rf.dc88552e53eac9d46166aa50fd15d0cd.jpg,train,311.5356742472774,0.9845610848031242,0.5446742173030362,0.7370211116329599,recycle
wc_Ly-project-dataset_original_istockphoto-1353307229-612x612-jpg_985f36e1-7407-4d6c-9b43-d5ae5f3cf0a3_jpg.rf.352b6853ebd0643e5d3fcffc72815d9a.jpg,train,278.07871556694425,0.9847325705950309,0.3859671892756278,0.6439316013086359,recycle
wc_Ly-project-dataset_original_istockphoto-1353307229-612x612-jpg_985f36e1-7407-4d6c-9b43-d5ae5f3cf0a3_jpg.rf.6eee21c32fa93fdfc129a0a3e85c1e0d.jpg,train,257.2162075592569,0.9859241519852366,0.39112648398251815,0.6612188100963587,recycle
wc_Ly-project-dataset_original_istockphoto-1353307229-612x612-jpg_9b9c78f3-b948-4719-86af-0c0282fda54e_jpg.rf.8b0f75b22ab57f326b382b5e2c79a7c6.jpg,train,297.68013292761054,0.9871174050516867,0.5136616432460251,0.7474228121094897,recycle
wc_Ly-project-dataset_original_istockphoto-1353307229-612x612-jpg_a67a5e73-731e-41ee-80a1-34655a192b36_jpg.rf.41d39c710264ee39b9e3f7a30dbde00b.jpg,train,111.85381966688018,0.9919404459138648,0.655980341799249,0.7559404344571187,recycle
wc_Ly-project-dataset_original_istockphoto-1353307229-612x612-jpg_a67a5e73-731e-41ee-80a1-34655a192b36_jpg.rf.6a28f1b0c4cb7fb9f2342488414ec656.jpg,train,319.9514734144779,0.9820883225487835,0.5847382978147329,0.7376656075425239,recycle
wc_Ly-project-dataset_original_istockphoto-1353307229-612x612-jpg_a67a5e73-731e-41ee-80a1-34655a192b36_jpg.rf.97548429d6fa1a4e19f49186204441e3.jpg,train,89.2438741191544,0.993565589106834,0.6489053673933901,0.7606294673207952,recycle
wc_Ly-project-dataset_original_istockphoto-936405906-612x612-jpg_2d7ce860-d9f1-4648-a016-828539a19eee_jpg.rf.3e9feb5aa238c32244cb8e5872afcf96.jpg,train,174.7894178411275,0.97501051072295,0.2756555409340411,0.5766268007528844,recycle
wc_Ly-project-dataset_original_istockphoto-936405906-612x612-jpg_2d7ce860-d9f1-4648-a016-828539a19eee_jpg.rf.4e0f30d91abf4ebd7060e4a43b4e5521.jpg,train,179.65256646380521,0.9758783752944385,0.2698367441325799,0.5874606568791462,recycle
wc_Ly-project-dataset_original_istockphoto-936405906-612x612-jpg_2d7ce860-d9f1-4648-a016-828539a19eee_jpg.rf.b024fd4249c711c3c17c38dc5c55d1c4.jpg,train,73.30569346572709,0.9689126971480992,0.38241297993788886,0.6085796168992968,recycle
wc_Ly-project-dataset_original_istockphoto-936405906-612x612-jpg_3432bcfa-ab80-4c36-9647-904443966e4f_jpg.rf.0114d560bfdd1d9c1f37f1686e801d08.jpg,train,286.79990791159514,0.974621419214918,0.11512401739493769,0.45157949340518927,recycle
wc_Ly-project-dataset_original_istockphoto-936405906-612x612-jpg_3432bcfa-ab80-4c36-9647-904443966e4f_jpg.rf.889763ee6221bb9ceb2ac0197b324902.jpg,train,297.0323710762332,0.9704977873120575,0.1075381508752831,0.44462741881636747,recycle
wc_Ly-project-dataset_original_istockphoto-936405906-612x612-jpg_3432bcfa-ab80-4c36-9647-904443966e4f_jpg.rf.c22931693267c3dc6ea8eada313638f2.jpg,train,142.59903507367073,0.9709315709324926,0.13741747719246322,0.4309712141856135,recycle
wc_Ly-project-dataset_original_istockphoto-936405906-612x612-jpg_719a1363-1bc9-4bb2-92a3-2837f55a6ffd_jpg.rf.4518e155251649496123b9c58e89b907.jpg,train,148.87652146060213,0.9676464143236131,0.35950920108972373,0.5618294826787791,recycle
wc_Ly-project-dataset_original_istockphoto-936405906-612x612-jpg_719a1363-1bc9-4bb2-92a3-2837f55a6ffd_jpg.rf.4b8081571f8c783956b82b81f96ac3b4.jpg,train,366.4051289237668,0.9744758211328796,0.24449167506131553,0.5429382191633341,recycle
wc_Ly-project-dataset_original_istockphoto-936405906-612x612-jpg_719a1363-1bc9-4bb2-92a3-2837f55a6ffd_jpg.rf.57508fa302983be299ebe05f9cc80fa4.jpg,train,321.60235826393335,0.96405474006353,0.29804138198078833,0.5359418326649459,recycle
wc_Ly-project-dataset_original_istockphoto-936405906-612x612-jpg_8e675948-53a3-4590-a60e-a556ddfbcc28_jpg.rf.0e47a6217a40f2996d8d6894e6571457.jpg,train,171.6261210762332,0.9743535420395245,0.321592751052688,0.6734545927104725,recycle
wc_Ly-project-dataset_original_istockphoto-936405906-612x612-jpg_8e675948-53a3-4590-a60e-a556ddfbcc28_jpg.rf.337702e4b9c732f6b4580e91b9b5c7e4.jpg,train,148.30459240871238,0.9779135283684881,0.32794931426435564,0.6650327313417147,recycle
wc_Ly-project-dataset_original_istockphoto-936405906-612x612-jpg_8e675948-53a3-4590-a60e-a556ddfbcc28_jpg.rf.6c3cc46387cdbc7d6d4fa98ebe3e2426.jpg,train,162.54448270339526,0.9756206206146897,0.3247140988307584,0.667814635991742,recycle
wc_pbbs_jpg.rf.66b42abec568262a54a910911785a7b4.jpg,train,584.5951513452915,0.9057218886368477,0.05310286844672544,0.14269703183174295,recycle
wc_pbbs_jpg.rf.6d5c3a67cdfc76c43dcac231ef6461e4.jpg,train,487.1945467648943,0.9178566086319181,0.04184517106521531,0.15442335924905742,recycle
wc_pbbs_jpg.rf.9d9c5eaeb53be92f0a756e4e24b6caf3.jpg,train,663.8747397501603,0.8641786025940118,0.010471993660485722,0.09091602874701968,recycle
wc_pb_jpeg.rf.3337bf8a6f085b44112be42e020b40cd.jpg,train,40.8574031069827,0.9505580635924828,0.06970542235886366,0.5147272070990032,recycle
wc_pb_jpeg.rf.3c2fe033447e881eeb0c09499d659e72.jpg,train,191.35351937860344,0.9797783848581122,0.12472600245490728,0.5132393097907998,recycle
wc_plastic_jpeg.rf.6df289327ddc845249cce7180189d669.jpg,train,211.98814862267773,0.9793939559176379,0.1036081803943472,0.3440121745685203,recycle
trashnet_trash1.jpg,train,151.40442825112106,0.9761257887908245,0.1648900029473595,0.6276403996050147,reduce
trashnet_trash100.jpg,train,91.18255525304292,0.982703661065723,0.11403604129943,0.5442898785175001,reduce
trashnet_trash101.jpg,train,34.80046844971173,0.9906751227488082,0.15405973379635618,0.6963944097806165,reduce
trashnet_trash102.jpg,train,89.33662315823189,0.9845492238806761,0.07033182100681193,0.5439363024764838,reduce
trashnet_trash103.jpg,train,69.74641655989748,0.9826437926439034,0.10494723903797291,0.5774033229627262,reduce
trashnet_trash104.jpg,train,31.754984785393976,0.9931528979380739,0.10575977563164571,0.6427869929522765,reduce
trashnet_trash105.jpg,train,126.4577194106342,0.9495905197075731,0.10268917571945699,0.6325675355401904,reduce
trashnet_trash106.jpg,train,87.15608984625241,0.9845282483193113,0.08628216266010666,0.4789605222616897,reduce
trashnet_trash107.jpg,train,49.545383568225496,0.9890248471107559,0.0698171671326312,0.6036841836821715,reduce
trashnet_trash108.jpg,train,508.38296764894295,0.9491117045487575,0.10211227090327027,0.5291193736432913,reduce
trashnet_trash11.jpg,train,221.16605941704034,0.8861540952375817,0.02621080347481083,0.2564379964729904,reduce
trashnet_trash110.jpg,train,251.9325752722614,0.8813902892742468,0.10142169062880411,0.5834096472824909,reduce
trashnet_trash111.jpg,train,126.72509609224855,0.9575560539674094,0.1312707094418695,0.6910850752634526,reduce
trashnet_trash112.jpg,train,505.47487588084556,0.9130240094735156,0.0962784814248674,0.5094789881128282,reduce
trashnet_trash114.jpg,train,131.95355541319665,0.9691012389145098,0.12976088480615577,0.7257283196411959,reduce
trashnet_trash115.jpg,train,153.5614189622037,0.9605611851493792,0.12100256450947122,0.6541164519112918,reduce
trashnet_trash116.jpg,train,281.4323550608584,0.939033777383515,0.0974547007130276,0.605092193830347,reduce
trashnet_trash117.jpg,train,86.70727898782833,0.9615554639913885,0.10679065989273219,0.6562600334582759,reduce
trashnet_trash118.jpg,train,136.75552530429212,0.9432497796169105,0.08727069172587243,0.5646722601005792,reduce
trashnet_trash119.jpg,train,144.44056294042284,0.9507856676602218,0.12383963693828653,0.6781359788697097,reduce
trashnet_trash120.jpg,train,73.34326953875721,0.9838426250975573,0.13552111474304956,0.7094719604279086,reduce
trashnet_trash121.jpg,train,51.869034272901985,0.9818866288476762,0.18044822190306695,0.7548814352775206,reduce
trashnet_trash122.jpg,train,48.25006005765533,0.9499221402566349,0.13765048069340236,0.7353039040326671,reduce
trashnet_trash123.jpg,train,46.28225096092249,0.9251676093003318,0.16378206936557932,0.717714728297772,reduce
trashnet_trash129.jpg,train,53.08996636771301,0.9043000326297532,0.11103231842921193,0.6791607599530628,reduce
trashnet_trash13.jpg,train,56.364049487508005,0.9893479858878054,0.11727296528264407,0.6097624759797692,reduce
trashnet_trash131.jpg,train,42.44126361306854,0.9477378936829811,0.11386988558803077,0.6921743776106257,reduce
trashnet_trash133.jpg,train,17.39894298526585,0.9826024659492979,0.1477653467658369,0.7428618109671399,reduce
trashnet_trash134.jpg,train,25.16527866752082,0.9285702614681215,0.14527797311631357,0.7373477912161923,reduce
trashnet_trash135.jpg,train,62.990230621396535,0.9735926985627249,0.07129131941746242,0.6371479344112497,reduce
trashnet_trash137.jpg,train,24.577314221652788,0.9829667734573595,0.08889900077422479,0.7484248328699432,reduce
trashnet_trash14.jpg,train,67.70581758488149,0.9871288993627302,0.024859230773886562,0.2882886754668715,reduce
trashnet_trash15.jpg,train,107.44358584240872,0.9816439474710971,0.10880519723702967,0.6455673847885701,reduce
trashnet_trash16.jpg,train,34.664798206278014,0.9954834652421396,0.05140137741453411,0.40057218420483476,reduce
trashnet_trash18.jpg,train,138.42484785393975,0.9494151217748615,0.024732348843156806,0.32680097376562844,reduce
trashnet_trash19.jpg,train,117.9684296925048,0.9816144401491118,0.16725180986255686,0.6707954714005108,reduce
trashnet_trash2.jpg,train,108.24519538757205,0.9706068718273192,0.06893841040084127,0.6796958856360308,reduce
trashnet_trash20.jpg,train,50.08081758488148,0.9924790493603561,0.08679209043615309,0.5442850590614968,reduce
trashnet_trash21.jpg,train,124.48726777706597,0.9826812977765573,0.13142634141254803,0.6645464622923752,reduce
trashnet_trash22.jpg,train,105.39636050608583,0.9790880579386446,0.07216572977605169,0.6718857689701524,reduce
trashnet_trash23.jpg,train,46.49781790518898,0.9837765107066434,0.06328548973586512,0.5094376071865777,reduce
trashnet_trash24.jpg,train,32.64489910313902,0.9937850915195864,0.07215333201197577,0.5951208855686818,reduce
trashnet_trash25.jpg,train,123.2118633888533,0.9202225744460643,0.0660545041470447,0.5123486528694748,reduce
trashnet_trash26.jpg,train,26.871136290839207,0.9944818996394178,0.1344014939450477,0.6831990934018184,reduce
trashnet_trash28.jpg,train,300.45303491351694,0.9348714482021024,0.1078801421692003,0.6115293596239312,reduce
trashnet_trash3.jpg,train,9.526045003203075,0.9956955636936948,0.05309615116238811,0.5492536906377244,reduce
trashnet_trash30.jpg,train,64.06542280589366,0.9880835450105476,0.11350187604170558,0.6119031461763709,reduce
trashnet_trash31.jpg,train,48.177490390775134,0.9777918342517852,0.07737096687236839,0.5479274162691171,reduce
trashnet_trash32.jpg,train,77.33860506085841,0.9529372895846853,0.10501415687924397,0.6421075155392227,reduce
trashnet_trash33.jpg,train,177.64744154388208,0.8814881012548796,0.0437565851255933,0.4717442005778805,reduce
trashnet_trash34.jpg,train,214.2468569827034,0.9449085708496561,0.05897796302469022,0.6332626126236561,reduce
trashnet_trash35.jpg,train,38.21184336963484,0.9869650143144909,0.05329530871440835,0.5860181392678121,reduce
trashnet_trash39.jpg,train,222.60980541319665,0.9574994166847728,0.08501997093383011,0.6267683795435369,reduce
trashnet_trash4.jpg,train,41.95545723894939,0.9905304851240977,0.053809210730103495,0.5563850450861119,reduce
trashnet_trash40.jpg,train,167.16249599615634,0.9683271044714141,0.12289901742278747,0.6508447733020692,reduce
trashnet_trash41.jpg,train,218.83091768097378,0.97410213991853,0.17522150738900916,0.6754364248910251,reduce
trashnet_trash42.jpg,train,45.56266015374759,0.9934949532016151,0.03829109515333004,0.47095537317329905,reduce
trashnet_trash43.jpg,train,87.10199791800129,0.9874119911687885,0.09838596694754155,0.7021207939018966,reduce
trashnet_trash45.jpg,train,250.40757126841768,0.9637917872936198,0.13072516844307058,0.6101588677343431,reduce
trashnet_trash46.jpg,train,171.13056534272903,0.9503924140658504,0.0341634282946397,0.376234060387468,reduce
trashnet_trash48.jpg,train,31.57871556694427,0.9894703705272572,0.06355693105794355,0.6263778992355985,reduce
trashnet_trash49.jpg,train,34.32887572069187,0.9938301166975774,0.13450770008877674,0.6449493298198095,reduce
trashnet_trash5.jpg,train,213.79330156950675,0.8774142763576438,0.07685318906183736,0.5506182751229526,reduce
trashnet_trash52.jpg,train,319.3670924087124,0.9283061160542613,0.08214935381318982,0.5771830321303247,reduce
trashnet_trash53.jpg,train,20.673706758488144,0.9468742729677478,0.0658778429331219,0.4548092796280636,reduce
trashnet_trash54.jpg,train,52.41651985906471,0.9886187148515186,0.06035776932895114,0.5584882248778051,reduce
trashnet_trash55.jpg,train,16.295563741191543,0.9960043650748591,0.13224025580443957,0.6921010858452581,reduce
trashnet_trash56.jpg,train,25.421224375400385,0.9924861509817254,0.04763757801513938,0.5354805820286453,reduce
trashnet_trash57.jpg,train,137.21887011531072,0.9627999424136421,0.0677047511437397,0.5796970284019061,reduce
trashnet_trash58.jpg,train,143.51513452914793,0.9730255602693733,0.0802259282998701,0.37197982325208767,reduce
trashnet_trash6.jpg,train,37.713845291479814,0.9844855549419174,0.08643084909565536,0.6286444441136869,reduce
trashnet_trash60.jpg,train,194.6685618193466,0.928340629684719,0.05950381238179937,0.5132304613090872,reduce
trashnet_trash61.jpg,train,145.22663757206917,0.9422905585889159,0.03405455593229508,0.3332791638543057,reduce
trashnet_trash62.jpg,train,149.53052930813578,0.9522572905191588,0.09487986248477126,0.605434274004504,reduce
trashnet_trash63.jpg,train,212.54250080076872,0.974193378150554,0.09681677156839844,0.5954380187870598,reduce
trashnet_trash64.jpg,train,89.94060297885969,0.9802645951112136,0.14051615708085188,0.6967211999367553,reduce
trashnet_trash65.jpg,train,15.442144458680337,0.9954522040226822,0.036774130037778206,0.4474751230330439,reduce
trashnet_trash66.jpg,train,262.53441303651505,0.9742082131083641,0.11138212083718259,0.5964942108361455,reduce
trashnet_trash67.jpg,train,224.44843049327358,0.9641440985537441,0.05150480779562276,0.36485760154342,reduce
trashnet_trash68.jpg,train,123.6348294362588,0.969460194357144,0.0901866324412677,0.642017094445221,reduce
trashnet_trash7.jpg,train,23.661475016015377,0.9913240759164161,0.15931313160899455,0.7217174893734506,reduce
trashnet_trash71.jpg,train,246.11493033311984,0.9500549001919546,0.1302751513523378,0.6264040108448409,reduce
trashnet_trash72.jpg,train,131.35990550928892,0.9796251439612784,0.14095659584361322,0.6363255074331442,reduce
trashnet_trash73.jpg,train,160.7895579756566,0.968366483423976,0.09278114399305548,0.590104479771872,reduce
trashnet_trash74.jpg,train,23.41665999359385,0.9961521436229857,0.05847689783066776,0.6020893144073389,reduce
trashnet_trash75.jpg,train,108.74973975016016,0.980180682719696,0.08723458685163706,0.6576059623613092,reduce
trashnet_trash77.jpg,train,241.71824951953877,0.9685431758090304,0.12864317687672835,0.616044055225634,reduce
trashnet_trash78.jpg,train,245.3386851377322,0.9679356149334057,0.08574468469875864,0.6235859723711803,reduce
trashnet_trash79.jpg,train,198.33486146700835,0.9536208206578449,0.07252806053973558,0.6059942402997638,reduce
trashnet_trash8.jpg,train,72.72675768737989,0.9808486060011226,0.09585315624128418,0.5067701299959514,reduce
trashnet_trash80.jpg,train,31.19254484304933,0.9903593563068083,0.06640021230394506,0.6715411967228976,reduce
trashnet_trash81.jpg,train,26.79568385650224,0.9907532737079697,0.0558633878555838,0.5841123460137957,reduce
trashnet_trash82.jpg,train,253.5379764573991,0.9375734365880959,0.04306195081199691,0.48405335973888625,reduce
trashnet_trash83.jpg,train,94.72175288276745,0.9753407152469525,0.08106471242105812,0.6653001016530997,reduce
trashnet_trash85.jpg,train,394.51611547085196,0.9111962574759724,0.10894338111881192,0.6256978044942052,reduce
trashnet_trash86.jpg,train,21.950132126841766,0.9955275235853478,0.0884218205975912,0.6487643472539104,reduce
trashnet_trash87.jpg,train,243.23822869955157,0.9237383433355956,0.06828837413661204,0.5154532182418791,reduce
trashnet_trash88.jpg,train,179.15386771300447,0.9238174328821236,0.046896505146501524,0.46301596324605554,reduce
trashnet_trash89.jpg,train,22.16802130044843,0.9940090130831685,0.08903864230167693,0.6017175395262382,reduce
trashnet_trash9.jpg,train,136.16856181934654,0.9843655192857342,0.17003833326790097,0.6639458204865529,reduce
trashnet_trash90.jpg,train,24.66858183856502,0.9899444745648295,0.06419713423635413,0.5313306163703823,reduce
trashnet_trash91.jpg,train,1479.5932495195386,0.856365473012791,0.047001177182536436,0.35486199828505616,reduce
trashnet_trash92.jpg,train,34.62806294042281,0.9881436941198358,0.04223656587278531,0.4678801507000565,reduce
trashnet_trash94.jpg,train,75.36957479180013,0.9887323506362988,0.1409681530157162,0.6790844349540928,reduce
trashnet_trash95.jpg,train,15.554172005124917,0.9969957428579519,0.19259562174715839,0.7501931216380224,reduce
trashnet_trash96.jpg,train,33.16908231902627,0.9941988987913541,0.17196365728200735,0.4605280160426935,reduce
trashnet_trash97.jpg,train,21.868153427290192,0.9937289704937909,0.10660397266509083,0.6520365322800066,reduce
trashnet_trash98.jpg,train,172.8933576233184,0.9579507748367665,0.08371058277378383,0.6115592509124819,reduce
wc_Dataset2_original_800px_COLOURBOX3230366-jpg_ae985dbd-d6d0-44fb-9df7-6de91bfdabec_jpg.rf.723bc2f933164f14ccdcb796c653b41f.jpg,train,145.28243113388854,0.9376441613473259,0.588485754086329,0.6757242767140611,reduce
wc_Dataset2_original_800px_COLOURBOX3230366-jpg_ae985dbd-d6d0-44fb-9df7-6de91bfdabec_jpg.rf.bf317e9c771769ce077981f5f5efe146.jpg,train,160.54664477898783,0.975916512676658,0.47956113260029104,0.6747298554331962,reduce
wc_Dataset2_original_800px_COLOURBOX3230366-jpg_ae985dbd-d6d0-44fb-9df7-6de91bfdabec_jpg.rf.c89675365a37206db72caeec6b14062c.jpg,train,160.03727578475338,0.9759840546617068,0.4801131511926117,0.674929735448547,reduce
wc_Dataset2_original_800px_COLOURBOX3230366-jpg_b31de18f-1742-4279-aac3-ee4ba6a58d1e_jpg.rf.2a5e8592dcb066f70f1f4461db609fa6.jpg,train,335.7096012171685,0.9761719010174261,0.38698422761864243,0.5959927639152081,reduce
wc_Dataset2_original_800px_COLOURBOX3230366-jpg_b31de18f-1742-4279-aac3-ee4ba6a58d1e_jpg.rf.3ab40c24971148018f09822bc9818741.jpg,train,331.72821909032666,0.9450939221430871,0.4620807142776734,0.5781488870756919,reduce
wc_Dataset2_original_800px_COLOURBOX3230366-jpg_b31de18f-1742-4279-aac3-ee4ba6a58d1e_jpg.rf.ad8306fb08db69c897906c16a5cc3dac.jpg,train,501.8156430172965,0.9687601341688731,0.36895028775203503,0.5778570294808054,reduce
wc_Dataset2_original_banana-peel-isolated-on-white-background-jpg_60164ad5-4614-4928-8e06-61ec7a3f3dd2_jpg.rf.314d65fb26d016191ffe214e36f4ca75.jpg,train,266.01047005124923,0.9823156401620363,0.4838225381531254,0.7213216062314801,reduce
wc_Dataset2_original_banana-peel-isolated-on-white-background-jpg_60164ad5-4614-4928-8e06-61ec7a3f3dd2_jpg.rf.52f5f1b12da4821d8142a5a4f9e5bfe8.jpg,train,261.791399743754,0.9736517923254755,0.5325770353029933,0.7067041489283945,reduce
wc_Dataset2_original_banana-peel-isolated-on-white-background-jpg_60164ad5-4614-4928-8e06-61ec7a3f3dd2_jpg.rf.6df7235147a08856ccf4077edaa078e9.jpg,train,49.23682735426009,0.9769581266279087,0.619216642211421,0.7353191837209311,reduce
wc_Dataset2_original_banana-peel-isolated-on-white-background-jpg_6c947ffd-fb41-406e-8cd5-d279701e6971_jpg.rf.0a59d69cef1000d5ce3afd987ce3c238.jpg,train,345.89289718129396,0.9862052907582752,0.4837828468659889,0.7810330517460708,reduce
wc_Dataset2_original_banana-peel-isolated-on-white-background-jpg_6c947ffd-fb41-406e-8cd5-d279701e6971_jpg.rf.0b877cdde1382446fba86889b45ad9df.jpg,train,367.69728939782186,0.9853321048171673,0.47968057013877985,0.7637412079505137,reduce
wc_Dataset2_original_banana-peel-isolated-on-white-background-jpg_7f1eedec-4c10-42e6-8a4e-23f8314d7025_jpg.rf.2ccbe170bc4ce753ec28ec0708aef9bb.jpg,train,260.816063420884,0.9761413321820314,0.5343954979445457,0.7181694457525627,reduce
wc_Dataset2_original_banana-peel-isolated-on-white-background-jpg_7f1eedec-4c10-42e6-8a4e-23f8314d7025_jpg.rf.98323dae6333a817e2ade607183f4da8.jpg,train,259.56274023062133,0.9800090986252411,0.5157407346674805,0.7321292855828994,reduce
wc_Dataset2_original_banana-peel-isolated-on-white-background-jpg_7f1eedec-4c10-42e6-8a4e-23f8314d7025_jpg.rf.a93b29232c75208772d5c48f6d89993f.jpg,train,47.875640614990395,0.9763445903268737,0.6330395123571592,0.746101005302867,reduce
wc_Dataset2_original_banana-peel-isolated-on-white-background-jpg_a70cf15b-3958-463f-886c-0052baa385ab_jpg.rf.00e2f1c78dadf6312cdd6c630bba8bd9.jpg,train,25.05425208199872,0.9392489598439412,0.41190732782507217,0.6881379820927044,reduce
wc_Dataset2_original_banana-peel-isolated-on-white-background-jpg_a70cf15b-3958-463f-886c-0052baa385ab_jpg.rf.12463726c7e7bb4f998d0fc85d7010e5.jpg,train,5.39443866111467,0.9809242361133625,0.44283480914977186,0.7247790177576116,reduce
wc_Dataset2_original_banana-peel-isolated-on-white-background-jpg_a70cf15b-3958-463f-886c-0052baa385ab_jpg.rf.3b5d2c06aa4390d2d34eae4e2aabd023.jpg,train,20.542961242793087,0.9755793999682365,0.37357182351904483,0.7022526944196918,reduce
wc_Dataset2_original_banana-peel-isolated-on-white-background-jpg_e31f54a7-2180-4a74-bae3-90581a5247f6_jpg.rf.50037b0b2f5be5255a782bef3ba097c2.jpg,train,12.449791800128123,0.9762504222065834,0.6697404386358332,0.7892586064966377,reduce
wc_Dataset2_original_banana-peels-jpg_14696d9f-e6bc-4777-8c0f-ece7cc615207_jpg.rf.012a25d1acc285ed60770e670e30381c.jpg,train,650.3391856181935,0.8870288742279592,0.009294912562532604,0.08023217454974257,reduce
wc_Dataset2_original_banana-peels-jpg_1be84944-c363-4acb-9057-2983baa99aab_jpg.rf.1e508b850d882d75abee5bb34b27ab62.jpg,train,647.9043081358104,0.9225267163232572,0.05165710771775303,0.1357622083121897,reduce
wc_Dataset2_original_banana-peels-jpg_1be84944-c363-4acb-9057-2983baa99aab_jpg.rf.641171b96b6370382bb2f2128a552a9a.jpg,train,702.453755605381,0.8873759000505062,0.009013629486274793,0.07714357136298927,reduce
wc_Dataset2_original_banana-peels-jpg_1be84944-c363-4acb-9057-2983baa99aab_jpg.rf.ab198868f376af64fc5a3448b8d1d975.jpg,train,702.4365590967328,0.8873480326241265,0.008997664401461521,0.07735665579741821,reduce
wc_Dataset2_original_banana-peels-jpg_2b0f2b16-42e4-4e40-ac9d-f56e394e676c_jpg.rf.56934e833eff2d8e267e71d06177dc81.jpg,train,708.7658352017937,0.8863302133075727,0.008977341680029225,0.07682448923819703,reduce
wc_Dataset2_original_banana-peels-jpg_4d015cae-4a59-472d-9c03-1374d503bd1f_jpg.rf.6e47d6ba568fee6d88bcf008788283c9.jpg,train,232.52772661755284,0.944389624851499,0.04194181303790203,0.17301380615836712,reduce
wc_Dataset2_original_banana-peels-jpg_4d015cae-4a59-472d-9c03-1374d503bd1f_jpg.rf.c01e543535d1cc4e42162322b8d9cb98.jpg,train,372.9224655669442,0.8861335957375057,0.011954868151561012,0.10154166646861726,reduce
wc_Dataset2_original_banana-peels-jpg_b064ef71-4bf2-4f35-a170-f2cad19bcdfe_jpg.rf.6ed017775cfe033a86d0122d2a3e568a.jpg,train,399.09719330557334,0.8864865292494275,0.011561172318264671,0.09755725019144329,reduce
wc_Dataset2_original_banana-peels-jpg_b064ef71-4bf2-4f35-a170-f2cad19bcdfe_jpg.rf.cd6ad394e6c90df26811f89310fdfec4.jpg,train,256.0498278347214,0.9285770937309807,0.01331478204040546,0.1315329492551115,reduce
wc_Dataset2_original_banana-peels-jpg_d8e6c280-7ebd-4fd1-89aa-6f735cc63abe_jpg.rf.240cfe3129c0d72549fd6c42e0307ba0.jpg,train,453.4104139974376,0.9532378929405302,0.11340311574187628,0.2100669698354007,reduce
wc_Dataset2_original_banana-peels-jpg_d8e6c280-7ebd-4fd1-89aa-6f735cc63abe_jpg.rf.730bc0b1ef478911d3a7a251f1cfb957.jpg,train,496.83632286995515,0.9233119184461119,0.009712034514509622,0.09577798057575117,reduce
wc_Dataset2_original_banana-peels-jpg_d8e6c280-7ebd-4fd1-89aa-6f735cc63abe_jpg.rf.cb8494dc1f285078efe79e4784423ba4.jpg,train,362.5968129404228,0.9610978365761896,0.09084194809129216,0.19365989345679768,reduce
wc_Dataset2_original_banana-peels-jpg_deebc169-e219-4713-8f8d-153edc481207_jpg.rf.0a12a36f82fca8ed154970c46543c4f3.jpg,train,371.0251241191544,0.9612172632956704,0.11049531954802222,0.2146096713749517,reduce
wc_Dataset2_original_banana-peels-jpg_deebc169-e219-4713-8f8d-153edc481207_jpg.rf.2fd6e20f5c43fa9c8c931c0bd59e3b38.jpg,train,567.5131125880846,0.9088853336409548,0.009386110430866302,0.08676250163547199,reduce
wc_Dataset2_original_banana-peels-jpg_deebc169-e219-4713-8f8d-153edc481207_jpg.rf.6e99e8d1132b3be0b583820b8999260f.jpg,train,601.8942785073671,0.9173348029682528,0.02187082436600337,0.11344389219395205,reduce
wc_Dataset2_original_broken-egg-shell-4x4x5cm-pk10-p4799-4293_image-jpg_0512d04f-652d-400f-b8b3-67c2c1e88358_jpg.rf.67c2838602023b2f20b5ac892c8d515e.jpg,train,112.98106181934656,0.9798624778426197,0.07305078920957188,0.5405017310784566,reduce
wc_Dataset2_original_broken-egg-shell-4x4x5cm-pk10-p4799-4293_image-jpg_0512d04f-652d-400f-b8b3-67c2c1e88358_jpg.rf.968b2ac3b4b5c17091272dde469a98cc.jpg,train,101.14139573991031,0.9788830017680014,0.06531029860883665,0.5187889990539102,reduce
wc_Dataset2_original_broken-egg-shell-4x4x5cm-pk10-p4799-4293_image-jpg_18e98874-a632-4073-a5f6-aa54624c668f_jpg.rf.8919ae0e3d255eee059c7054997e581b.jpg,train,137.14523942985267,0.9768948423830127,0.09162291306836506,0.5473159158748432,reduce
wc_Dataset2_original_broken-egg-shell-4x4x5cm-pk10-p4799-4293_image-jpg_18e98874-a632-4073-a5f6-aa54624c668f_jpg.rf.f5119bdf92389d2ebd938ba87bed28e8.jpg,train,124.07282991672005,0.979428778046988,0.09948909584420668,0.550100917104201,reduce
wc_Dataset2_original_broken-egg-shell-4x4x5cm-pk10-p4799-4293_image-jpg_9fd3768f-ce1a-4b3e-9917-54502ae5e69d_jpg.rf.a091b8e3f1f39be4254854be1b5e5d48.jpg,train,100.25130124919922,0.9791870222475034,0.0644661855313341,0.5154687378359418,reduce
wc_Dataset2_original_broken-egg-shell-4x4x5cm-pk10-p4799-4293_image-jpg_c1f2f77d-424a-453f-b9c7-3ab6160fbd59_jpg.rf.276c0e436399150d8b2492b561c40838.jpg,train,116.93127402306213,0.9837643623750324,0.11679458420785645,0.5496954791625467,reduce
wc_Dataset2_original_broken-egg-shell-4x4x5cm-pk10-p4799-4293_image-jpg_c1f2f77d-424a-453f-b9c7-3ab6160fbd59_jpg.rf.34303b154bf06b09145c6ba9b5a09032.jpg,train,105.2370075272261,0.979683463209413,0.06438334250542616,0.5132075462473268,reduce
wc_Dataset2_original_broken-egg-shell-4x4x5cm-pk10-p4799-4293_image-jpg_c1f2f77d-424a-453f-b9c7-3ab6160fbd59_jpg.rf.4835455314c85f5eb27cbc6ea0db08c9.jpg,train,117.71899023062139,0.9834849631755959,0.1127452000173118,0.5460731802950587,reduce
wc_Dataset2_original_broken-egg-shell-4x4x5cm-pk10-p4799-4293_image-jpg_cb769b32-a86a-49fc-87bb-95ec50c82b7f_jpg.rf.1ced49ee58cb316375ea8ef742d74ba2.jpg,train,112.77740631005766,0.9817618921181244,0.09186930369896083,0.5375354999398557,reduce
wc_Dataset2_original_broken-egg-shell-4x4x5cm-pk10-p4799-4293_image-jpg_cb769b32-a86a-49fc-87bb-95ec50c82b7f_jpg.rf.58262398979fc64fd0441a1474833934.jpg,train,100.60363949391417,0.9791341061636162,0.06450065432147936,0.5140192228720365,reduce
wc_Dataset2_original_broken-egg-shell-4x4x5cm-pk10-p4799-4293_image-jpg_cb769b32-a86a-49fc-87bb-95ec50c82b7f_jpg.rf.5d6df1ad6b077e61b0cea887d7ffe693.jpg,train,112.18459721332478,0.9835647029300418,0.11887423378104686,0.5666930432382637,reduce
wc_Dataset2_original_broken-egg-shells-jpg_139881c3-960c-4555-ab08-ff9ec799f810_jpg.rf.18ca22fee8884240781587d12a64a11c.jpg,train,665.5782951633569,0.9161752972977921,0.013717043726267421,0.1505171021210926,reduce
wc_Dataset2_original_broken-egg-shells-jpg_197ddf74-5572-46e6-830d-89fa6bbcb3c9_jpg.rf.5e5fcb66216f9e14cccfc7ee9fe20c74.jpg,train,92.57156870595772,0.9225573875577769,0.03006604369571048,0.28105574790606164,reduce
wc_Dataset2_original_broken-egg-shells-jpg_197ddf74-5572-46e6-830d-89fa6bbcb3c9_jpg.rf.93db60313b5d57b6a735780f0682d635.jpg,train,98.45587764253683,0.9303499054949577,0.04670338645010242,0.31079037306572843,reduce
wc_Dataset2_original_broken-egg-shells-jpg_949231ca-49eb-46c7-8f66-ea8bc6ab13d0_jpg.rf.e03b6ef09618115db4c73862c757cc89.jpg,train,696.7914798206277,0.9332616179331132,0.062193306789963786,0.20447904279818963,reduce
wc_Dataset2_original_broken-egg-shells-jpg_dd80ff65-cdca-43a2-be56-4e052890938c_jpg.rf.3bf2a7ffc052cb902ff6e8431f17fc55.jpg,train,699.4031870595775,0.9042967402699338,0.012976214337201324,0.14914595192190694,reduce
wc_Dataset2_original_broken-egg-shells-jpg_dd80ff65-cdca-43a2-be56-4e052890938c_jpg.rf.50076967a3f364f3d1b5f288552c3c71.jpg,train,594.7721612748238,0.9391728762740535,0.09710277179874925,0.2404690508963963,reduce
wc_Dataset2_original_egg-jpeg_299a5c8f-975e-4f58-80fc-e3078ed26404_jpeg.rf.5ed3fcf9a9682f4f77e6fc4f8e03b5fb.jpg,train,256.3282351057015,0.9670109057108375,0.030345255868125136,0.2779138632070831,reduce
wc_Dataset2_original_egg-jpeg_299a5c8f-975e-4f58-80fc-e3078ed26404_jpeg.rf.65f5b193f02ee2f0b5fdc8fe5a02a844.jpg,train,356.6616351697629,0.9623206923034663,0.0430861044994803,0.3092046897322841,reduce
wc_Dataset2_original_egg-jpeg_299a5c8f-975e-4f58-80fc-e3078ed26404_jpeg.rf.77f24950aa8e90a6fb28c6455b38eb57.jpg,train,418.2530429212043,0.9594397180382848,0.06297146595156031,0.293965740288785,reduce
wc_Dataset2_original_egg-jpeg_7b2e0d2a-1ba7-47fd-baa6-e449172f1e30_jpeg.rf.019a78347f7fc6936a24f72d2546696c.jpg,train,291.6673006085843,0.9705635837239178,0.06710415148847124,0.30670542265889666,reduce
wc_Dataset2_original_egg-jpeg_7b2e0d2a-1ba7-47fd-baa6-e449172f1e30_jpeg.rf.ddbe9d09b426b4278e28fcf36bcc526d.jpg,train,226.87131646380521,0.9684937855545873,0.020640687980878956,0.25252022893863885,reduce
wc_Dataset2_original_egg-jpeg_95728f0a-935b-4599-92c3-b85db33f6995_jpeg.rf.186d8df716d6fba0f3089bb36c23b452.jpg,train,421.33788436899425,0.963981424714732,0.11083490190206545,0.3096332449936064,reduce
wc_Dataset2_original_egg-jpeg_95728f0a-935b-4599-92c3-b85db33f6995_jpeg.rf.ede6c8b4476929237e50486105020d11.jpg,train,419.7560458039718,0.9650705751011045,0.12481066955111486,0.31607558576325656,reduce
wc_Dataset2_original_egg-jpeg_95728f0a-935b-4599-92c3-b85db33f6995_jpeg.rf.ff480fd9f8395ced2d412a1ce1ecb633.jpg,train,257.3827874759769,0.9667178073883084,0.028790576912257188,0.2779441129535431,reduce
wc_Dataset2_original_egg-jpeg_a07244d2-70cf-47bb-8b39-b13a3d82ee54_jpeg.rf.45c35e1504c4a7f15e706c60bd1758e3.jpg,train,350.8771420563741,0.9670392840384544,0.07705284705648775,0.3095599105734148,reduce
wc_Dataset2_original_egg-jpeg_a07244d2-70cf-47bb-8b39-b13a3d82ee54_jpeg.rf.666eee77629e2dab159986d399487b4b.jpg,train,350.6431374119154,0.9572240340690649,0.027272553887315778,0.29082444868245005,reduce
wc_Dataset2_original_egg-jpeg_a8e0609a-5b57-42cb-bf00-671930003bab_jpeg.rf.317da190727ae50d21fec5a41944527c.jpg,train,236.47373478539393,0.9664032269867902,0.02109190217161071,0.2509471455575057,reduce
wc_Dataset2_original_egg-jpeg_a8e0609a-5b57-42cb-bf00-671930003bab_jpeg.rf.63f6b0c4e44a4002f44ee24cd5295c0a.jpg,train,294.82729420243436,0.9688748150535753,0.06746773483556062,0.29864798248753666,reduce
wc_Dataset2_original_egg-jpeg_b3162637-2aa7-48bd-b6e8-d5b8261636bc_jpeg.rf.57459ba54331a774b3e753771a83693e.jpg,train,240.5237828315183,0.9679623086285712,0.030066856791880772,0.28227221033816174,reduce
wc_Dataset2_original_egg-jpeg_b3162637-2aa7-48bd-b6e8-d5b8261636bc_jpeg.rf.78512f2d172655b465804c568fa17968.jpg,train,369.64704115951315,0.9675125356348468,0.11542612375990464,0.32467101170447443,reduce
wc_Dataset2_original_egg-jpeg_b5eb56c5-d47c-4cbd-b9e1-46b02f2226bc_jpeg.rf.f34752639d633ff6495dd1196fb69176.jpg,train,348.5947309417041,0.9696316325479083,0.09546806466578485,0.3263069722845716,reduce
wc_Dataset2_original_egg-jpeg_b5eb56c5-d47c-4cbd-b9e1-46b02f2226bc_jpeg.rf.fb196e5c9584800cdbc78807ba919bd8.jpg,train,255.31412155669443,0.9669572483201754,0.030831016574401862,0.28278656019145165,reduce
wc_Dataset2_original_egg-jpeg_db039160-00e1-4fd8-8dac-42dfc9561e02_jpeg.rf.4511eeb7c81aab1d2579b79d13500333.jpg,train,361.90326713645095,0.974095533320924,0.15098810354508277,0.3710815140454776,reduce
wc_Dataset2_original_egg-jpeg_db039160-00e1-4fd8-8dac-42dfc9561e02_jpeg.rf.6e73c66a9f708867b48ff96465d7a2ec.jpg,train,377.8189862267777,0.9730362723188772,0.15681143837823586,0.37028639206427194,reduce
wc_Dataset2_original_egg-jpeg_db039160-00e1-4fd8-8dac-42dfc9561e02_jpeg.rf.fe627f27b45e58cdf6a3aa3c8b0bbffe.jpg,train,501.39481902626517,0.9627719146786666,0.1021067230634517,0.3502629740504294,reduce
wc_Dataset2_original_egg-jpeg_e044ba7b-1fd2-45cf-b122-708aa84dc06e_jpeg.rf.578752997b82d98aa9d6ad48a828c80b.jpg,train,224.77662556053812,0.9675117020983568,0.018738988333773417,0.24592890156551472,reduce
wc_Dataset2_original_egg-shell-jpg_1cac0261-ed8f-4fd1-8e66-792e3806d340_jpg.rf.0b722204f05463b8f0ba7181f52b60a4.jpg,train,19.199191223574633,0.9794271577482598,0.1367790235405421,0.6381187132882234,reduce
wc_Dataset2_original_egg-shell-jpg_1cac0261-ed8f-4fd1-8e66-792e3806d340_jpg.rf.a60b87769eba3fc55a8ffa60af46a61b.jpg,train,24.617833119795005,0.9723396799812899,0.12619833469727945,0.6013410961274049,reduce
wc_Dataset2_original_egg-shell-jpg_314cb78b-d2cd-47af-8761-10640605f8a1_jpg.rf.fb17163043915952affcefb8d03224bc.jpg,train,386.5494274503523,0.9608184198689934,0.093607889643902,0.333562786176891,reduce
wc_Dataset2_original_egg-shell-jpg_38806772-d714-4486-bce8-20b39e1843a5_jpg.rf.0bfb0b6cb953c38c43e7568a1c54c718.jpg,train,461.6781310057654,0.9335630905323993,0.021230751626772026,0.2298828741231718,reduce
wc_Dataset2_original_egg-shell-jpg_6cc960dd-fe1d-4b42-b21d-7d54fd72a5fd_jpg.rf.146df77504c181047406d60532a1a72c.jpg,train,34.21774903907751,0.9674469850748698,0.12770539303945597,0.5188630469910441,reduce
wc_Dataset2_original_egg-shell-jpg_6cc960dd-fe1d-4b42-b21d-7d54fd72a5fd_jpg.rf.356e0e8bb7e48ca4a71096bc72c7d977.jpg,train,31.174787796284434,0.9036100512408004,0.06272031683442682,0.44231429962816177,reduce
wc_Dataset2_original_egg-shell-jpg_78e7fdc5-c49c-4d90-a187-669f8db96316_jpg.rf.633c8c614ef1730af9ba269987650946.jpg,train,280.67911194746955,0.9142128675924884,0.024287680991319012,0.24500724188746487,reduce
wc_Dataset2_original_egg-shell-jpg_78e7fdc5-c49c-4d90-a187-669f8db96316_jpg.rf.9dee0075edfd34d223924636b18d4630.jpg,train,231.8375040038437,0.9076670442151719,0.02372548094875194,0.23209272432366826,reduce
wc_Dataset2_original_egg-shell-jpg_78e7fdc5-c49c-4d90-a187-669f8db96316_jpg.rf.b82c338dddd617dd77d83b69bc9bc410.jpg,train,292.86711242793075,0.947345697824252,0.048874458840975285,0.27965705059479745,reduce
wc_Dataset2_original_egg-shell-jpg_859557bb-a3f1-4fc1-bb7e-489632ff2c1f_jpg.rf.08005fbb23600bd0a471b8343de77625.jpg,train,463.8410674247278,0.9332382517055525,0.021378327388544813,0.23165278433062517,reduce
wc_Dataset2_original_egg-shell-jpg_cb2e5165-4ec5-40f1-9e11-06c808232468_jpg.rf.ef2c1bfa58d326f80c853d4f5c320c74.jpg,train,248.90851217168486,0.9756081927611412,0.11788327450711963,0.36459436563147063,reduce
wc_Dataset2_original_egg-shell-jpg_cb2e5165-4ec5-40f1-9e11-06c808232468_jpg.rf.f3679319e7da388f9944a7918cb26b34.jpg,train,457.84330957719413,0.932903956422706,0.02223896854417412,0.23486248213051086,reduce
wc_Dataset2_original_egg-shell-jpg_d0d01208-e064-4c2f-903a-f1a9cde366a6_jpg.rf.994af36f630d892540a61fd1c7ba5f6d.jpg,train,284.10626201153104,0.9490935758351131,0.06783515051828516,0.3170253384190409,reduce
wc_Dataset2_original_egg-shell-jpg_d0d01208-e064-4c2f-903a-f1a9cde366a6_jpg.rf.a160fa8f41c034101100c132a856bbd9.jpg,train,231.5929892696989,0.9636258483120943,0.1382638326016443,0.3808189051986641,reduce
wc_Dataset2_original_egg-shell-jpg_d0d01208-e064-4c2f-903a-f1a9cde366a6_jpg.rf.d6ed387c1013fa5320f7dec1ab4ceb12.jpg,train,233.28317184497118,0.9626341590297297,0.12882782149497618,0.3718592087424978,reduce
wc_Dataset2_original_egg-shell-jpg_d42f38bb-9259-48f2-9ddf-9e6c689339c8_jpg.rf.bf7c3e22e8925c593538d94dd01e687a.jpg,train,273.8060538116592,0.9703993272175504,0.18912005106181023,0.3966256094048164,reduce
wc_Dataset2_original_egg-shell-jpg_e0ca7bf5-655a-4351-986d-ca310c6b71dd_jpg.rf.0f4a5b0617b7ba094c2de2a45aff420e.jpg,train,464.511531069827,0.9330326826029132,0.021590089016601824,0.23441478210184655,reduce
wc_Dataset2_original_egg-shell-jpg_e0ca7bf5-655a-4351-986d-ca310c6b71dd_jpg.rf.ac2c8634ae8236059fe112ff3175b451.jpg,train,245.0829996796925,0.9748529915279864,0.09271799501942295,0.3452530111204367,reduce
wc_Dataset2_original_eggshell-jpg_1873c15d-73e3-4435-bb64-71428aabc4bf_jpg.rf.33a98aa1c2ccfba7f32f9bd5e2221310.jpg,train,286.38368834080717,0.9104202226162966,0.038449008100658294,0.3135012455627926,reduce
wc_Dataset2_original_eggshell-jpg_1873c15d-73e3-4435-bb64-71428aabc4bf_jpg.rf.b84e0b263915dc7905d8a4abd6781000.jpg,train,285.0865030429212,0.9593136129177704,0.05120153758474241,0.33535623930337494,reduce
wc_Dataset2_original_eggshell-jpg_23f50dad-4b44-4280-8b5c-0cf061135e1e_jpg.rf.8292a01b076f30d013c112f51decf9b1.jpg,train,75.38959401024984,0.9100233164844258,0.06571255930235778,0.4224899338220452,reduce
wc_Dataset2_original_eggshell-jpg_6c6d5038-f27b-42c6-9a80-b047cbf5eebe_jpg.rf.1ddb74628efe21d7fd1434cc927957a6.jpg,train,357.9300928891736,0.9284599337194994,0.051611280702570705,0.38145090964135375,reduce
wc_Dataset2_original_eggshell-jpg_6c6d5038-f27b-42c6-9a80-b047cbf5eebe_jpg.rf.50caa2f0c936c313848a0d03c462c608.jpg,train,203.0354740550929,0.9141591688414171,0.04994656993056998,0.3712074504206211,reduce
wc_Dataset2_original_eggshell-jpg_6c6d5038-f27b-42c6-9a80-b047cbf5eebe_jpg.rf.aa4975b820d8143266d98783f798d313.jpg,train,274.95741912235746,0.9551793330802668,0.057204612840468884,0.396866765999931,reduce
wc_Dataset2_original_eggshell-jpg_8623a392-39b8-4ccc-b6f0-987d838930d3_jpg.rf.94c0d33b37e82101fc10daf3ebc1ffca.jpg,train,291.1246196348494,0.9104284413928425,0.03902892580768436,0.31473371376371834,reduce
wc_Dataset2_original_eggshell-jpg_8623a392-39b8-4ccc-b6f0-987d838930d3_jpg.rf.efab508666a4801397ad85ebe776155d.jpg,train,338.5621997117233,0.9715969559872968,0.11009501251185393,0.37365162913376365,reduce
wc_Dataset2_original_eggshells_x1-jpg_651bcd19-b379-4c6e-be32-4a4c889386ff_jpg.rf.fd7b5f1cfa9557c183177ec1f0a2401d.jpg,train,109.15655028827678,0.9739762083396989,0.2113412763659665,0.5726463151334108,reduce
wc_Dataset2_original_eggshells_x1-jpg_e54b5aea-dd00-4938-b61d-5b5d16992877_jpg.rf.032cf65483b610df80eade50a0a95386.jpg,train,268.96442584881487,0.97981232200839,0.45353580907526453,0.6991308186849391,reduce
wc_Dataset2_original_eggshells_x1-jpg_e54b5aea-dd00-4938-b61d-5b5d16992877_jpg.rf.d3af504943b5bb5f05470335017d21c3.jpg,train,83.17384689301728,0.9738851950140913,0.5707127556642229,0.707177658797493,reduce
wc_Dataset2_original_hard-boiled-eggs-crack-shell-1129698-1024x578-jpg_1c6ee704-de30-4812-977e-6eeadad1d460_jpg.rf.832c3ee5f103091468bc20a8b1b2e0e8.jpg,train,54.2915999359385,0.9948091453444049,0.2631611659616546,0.6366565427860095,reduce
wc_Dataset2_original_hard-boiled-eggs-crack-shell-1129698-1024x578-jpg_1c6ee704-de30-4812-977e-6eeadad1d460_jpg.rf.df950e39c70e995bfef909493a4b34bb.jpg,train,116.66195547725816,0.988833687514522,0.21815411175489674,0.5419698965206022,reduce
wc_Dataset2_original_hard-boiled-eggs-crack-shell-1129698-1024x578-jpg_1c6ee704-de30-4812-977e-6eeadad1d460_jpg.rf.f239b5c4a25fed95f93b1e2af7a626b3.jpg,train,113.43898142216526,0.9891423422644067,0.22766880716356003,0.5414958975338983,reduce
wc_Dataset2_original_hard-boiled-eggs-crack-shell-1129698-1024x578-jpg_26c1bc3f-7112-4e58-b88a-6bf14040197a_jpg.rf.56fe6ae85ab7a08ba32da6e8a61c9e11.jpg,train,66.9508327994875,0.9949056473437085,0.1230155456703908,0.5991576887227322,reduce
wc_Dataset2_original_hard-boiled-eggs-crack-shell-1129698-1024x578-jpg_26c1bc3f-7112-4e58-b88a-6bf14040197a_jpg.rf.611b9d4b273535f937b34aa8fc7ec830.jpg,train,105.78060938500961,0.9908185294939807,0.04547236024910561,0.4610313986747127,reduce
wc_Dataset2_original_hard-boiled-eggs-crack-shell-1129698-1024x578-jpg_26c1bc3f-7112-4e58-b88a-6bf14040197a_jpg.rf.d1cd9092bce7d53a6f319643c8fd3303.jpg,train,50.924907911595135,0.9957744846463442,0.06349755592313948,0.592116426508127,reduce
wc_Dataset2_original_hard-boiled-eggs-crack-shell-1129698-1024x578-jpg_51cb33ec-a642-48aa-a702-59db4ee92084_jpg.rf.02709c06bab2345bec3fa20898d6e925.jpg,train,11.775304292120437,0.9938539745133386,0.15774254426696716,0.7590523175577856,reduce
wc_Dataset2_original_hard-boiled-eggs-crack-shell-1129698-1024x578-jpg_51cb33ec-a642-48aa-a702-59db4ee92084_jpg.rf.cb85e25ff059a85761958357faadce33.jpg,train,21.43343609865471,0.9885266517163679,0.13136796404010878,0.6346835391212662,reduce
wc_Dataset2_original_hard-boiled-eggs-crack-shell-1129698-1024x578-jpg_a01887f9-9ffc-49ab-b171-3adaf6b9ef4a_jpg.rf.3f74cbe2682aeb05b3417f44a0ee5edb.jpg,train,66.35792360666238,0.9939524743673968,0.10494041181427749,0.5884797125982953,reduce
wc_Dataset2_original_hard-boiled-eggs-crack-shell-1129698-1024x578-jpg_a55ecac3-21bc-405e-9c67-29b98d646d12_jpg.rf.2e2288347c9b47dfd82af9fc1dce018f.jpg,train,69.29101937860345,0.994253369613204,0.07105600285354007,0.5943862417025715,reduce
wc_Dataset2_original_hard-boiled-eggs-crack-shell-1129698-1024x578-jpg_a55ecac3-21bc-405e-9c67-29b98d646d12_jpg.rf.dd919d069c5cead8bbc4ad155186dd0d.jpg,train,105.26511450992953,0.9908558013780857,0.048048438945685785,0.4536388776102284,reduce
wc_Dataset2_original_hard-boiled-eggs-crack-shell-1129698-1024x578-jpg_be95c724-0c11-4431-b20d-e257eef5e610_jpg.rf.904a765b8d48a917f3e9db85ec5c5494.jpg,train,66.25394378603458,0.9940689351883382,0.11527072154601954,0.5883963566978997,reduce
wc_Dataset2_original_hard-boiled-eggs-crack-shell-1129698-1024x578-jpg_be95c724-0c11-4431-b20d-e257eef5e610_jpg.rf.a0c452cb2948c0add77595b95e24245c.jpg,train,121.82467168481743,0.9886769879112332,0.05317632951088546,0.41977972498841903,reduce
wc_Dataset2_original_hard-boiled-eggs-crack-shell-1129698-1024x578-jpg_be95c724-0c11-4431-b20d-e257eef5e610_jpg.rf.ce3239a444633d93f8869449affeeb85.jpg,train,41.677250160153754,0.9962560657963623,0.09105224511916184,0.6021193068763369,reduce
wc_Dataset2_original_health-benefits-of-orange-peels-1654030533-jpg_c242eb79-56ee-418f-90e8-3ec680e08ef7_jpg.rf.705ae26dd86ee179441fe45d42074ea3.jpg,train,112.14650064061497,0.9794163405927164,0.02121790206129242,0.295145614514232,reduce
wc_Dataset2_original_health-benefits-of-orange-peels-1654030533-jpg_c242eb79-56ee-418f-90e8-3ec680e08ef7_jpg.rf.ed9be879adb8c5408448a8e4c26674ef.jpg,train,185.21905028827678,0.9820356138829083,0.10246196639424034,0.36620610339849025,reduce
wc_Dataset2_original_health-benefits-of-orange-peels-1654030533-jpg_c7f3f963-9ea6-48a7-b067-3c2cb19d7695_jpg.rf.8dfd1ee5a299e7d0d6b52234f8ca6bd1.jpg,train,236.32339045483667,0.9811964193166357,0.18734993206876635,0.37986530608663294,reduce
wc_Dataset2_original_health-benefits-of-orange-peels-1654030533-jpg_c7f3f963-9ea6-48a7-b067-3c2cb19d7695_jpg.rf.a4f8c9a8a6528a7aeb0854518e383c23.jpg,train,248.73078155028827,0.9801828014823456,0.18422221784560094,0.3809736835202101,reduce
wc_Dataset2_original_health-benefits-of-orange-peels-1654030533-jpg_d143840f-187c-4db0-bb12-d74f16a7facc_jpg.rf.4c7055df2fc623f67c1b00079571b571.jpg,train,123.86963484945548,0.9777037133084628,0.020287539586354035,0.27345687751844155,reduce
wc_Dataset2_original_health-benefits-of-orange-peels-1654030533-jpg_d143840f-187c-4db0-bb12-d74f16a7facc_jpg.rf.79ac63c74a9479df4a61f5732abcd2df.jpg,train,182.24705717488786,0.9785401393607803,0.05445134129436491,0.3110303925950993,reduce
wc_Dataset2_original_health-benefits-of-orange-peels-1654030533-jpg_d76b24bb-7e66-427d-8624-28945974214d_jpg.rf.3160355134f0615d225dd7aecbe4ffb9.jpg,train,129.17306614349775,0.9793296451957503,0.01995554616482794,0.26683192145043116,reduce
wc_Dataset2_original_health-benefits-of-orange-peels-1654030533-jpg_d76b24bb-7e66-427d-8624-28945974214d_jpg.rf.b1a8a5205158e4d1b68d54a967abfe09.jpg,train,189.76287235746318,0.9813308523606393,0.06817946552941218,0.3091696520627919,reduce
wc_Dataset2_original_health-benefits-of-orange-peels-1654030533-jpg_e7bbe261-38f9-4d41-938a-dd55ed530439_jpg.rf.9cdae5e8c6ecae6722d22ede533b708f.jpg,train,128.81123878923768,0.9774521934341538,0.01883499951932552,0.25538015183722595,reduce
wc_Dataset2_original_health-benefits-of-orange-peels-1654030533-jpg_e7bbe261-38f9-4d41-938a-dd55ed530439_jpg.rf.9f9d16d1f16ddc3394f601f5563232c7.jpg,train,209.03915759128762,0.9801739355374918,0.11042168094361951,0.3312066615192617,reduce
wc_Dataset2_original_intro-1657211038-1-jpg_1b667e26-7c6d-45ce-beb1-c8249308eb6b_jpg.rf.47a757ab463e0319db1f524902665824.jpg,train,532.662976457399,0.953403131128591,0.18792913180237897,0.447470238272793,reduce
wc_Dataset2_original_intro-1657211038-1-jpg_1b667e26-7c6d-45ce-beb1-c8249308eb6b_jpg.rf.5329313298bd08134ec917c0338bd88c.jpg,train,363.0141335682255,0.9340319185452647,0.21231351098965318,0.44703741112054707,reduce
wc_Dataset2_original_intro-1657211038-1-jpg_67405841-4e63-416c-8daa-b3c158b49ff2_jpg.rf.1305d6d64f999d440fc80651701b4bcf.jpg,train,318.88208680333116,0.9330296412962537,0.23229703170230837,0.5300696458506478,reduce
wc_Dataset2_original_intro-1657211038-1-jpg_67405841-4e63-416c-8daa-b3c158b49ff2_jpg.rf.300163c05c43f29d9ff9f7b396baaeb2.jpg,train,398.4244474695708,0.9614937500844961,0.22886813785475826,0.5557653993222412,reduce
wc_Dataset2_original_intro-1657211038-1-jpg_67405841-4e63-416c-8daa-b3c158b49ff2_jpg.rf.b4a9ea9dfd035126e375240c42d390a4.jpg,train,470.3765815182576,0.9130680060085501,0.22322044490544368,0.5182786462979343,reduce
wc_Dataset2_original_intro-1657211038-1-jpg_9ffda53e-7380-44aa-a03a-12fd3f97791f_jpg.rf.545a6884093832b078338c3955fb7355.jpg,train,754.7680973734786,0.9507935181689033,0.22418982480987773,0.5719408000010149,reduce
wc_Dataset2_original_intro-1657211038-1-jpg_9ffda53e-7380-44aa-a03a-12fd3f97791f_jpg.rf.5921edc594b77ea619690b3d94ac154e.jpg,train,421.9215446828956,0.9769929121491286,0.2553863522076053,0.6119340572631538,reduce
wc_Dataset2_original_intro-1657211038-1-jpg_9ffda53e-7380-44aa-a03a-12fd3f97791f_jpg.rf.cc699788b29fd519b2b66462e95ad883.jpg,train,515.8296764894299,0.9703849797377022,0.24184707215040052,0.5844596412819183,reduce
wc_Dataset2_original_intro-1657211038-1-jpg_eeca7290-97ba-4a99-94d9-bc9b6154df04_jpg.rf.20e5229313775dcc29f09f3915d214f1.jpg,train,491.0205597373479,0.9747450965698115,0.2602379751089857,0.5971531822168872,reduce
wc_Dataset2_original_intro-1657211038-1-jpg_eeca7290-97ba-4a99-94d9-bc9b6154df04_jpg.rf.5e9af0f4dd52e78207d4cfdafd0397c8.jpg,train,729.4410233824472,0.9528432797453575,0.22630627144514073,0.5689869908068973,reduce
wc_Dataset2_original_intro-1657211038-1-jpg_eeca7290-97ba-4a99-94d9-bc9b6154df04_jpg.rf.eb11ac671216abbce20cd59ccd940030.jpg,train,415.8285353939782,0.9769252348903789,0.2565746526669265,0.6131644180605957,reduce
wc_Dataset2_original_intro-1657211038-jpg_044def7c-9086-4f36-a817-654f40a9ec06_jpg.rf.5a6a5a926fe3a64c95bff95244dd248e.jpg,train,325.68009288917364,0.9338494671118942,0.2383645404266014,0.5282846600645079,reduce
wc_Dataset2_original_intro-1657211038-jpg_09574e15-a36b-41ba-a0b2-e8fc985f7991_jpg.rf.25465c60a94f0a9c605f004fff4144e5.jpg,train,506.1411154708521,0.964731415838594,0.23105429944240052,0.5468539238544138,reduce
wc_Dataset2_original_intro-1657211038-jpg_09574e15-a36b-41ba-a0b2-e8fc985f7991_jpg.rf.ef3276065507466536275cef153034e8.jpg,train,505.8143217488789,0.9678465266502105,0.23731622523265192,0.553900229144261,reduce
wc_Dataset2_original_intro-1657211038-jpg_130bf4ed-7cc3-4095-b10e-09fdc7d0b907_jpg.rf.7bcfcd85b166b92dee327394b611d1f5.jpg,train,385.5561138693146,0.9715699796938402,0.21185531707474858,0.5287589003552106,reduce
wc_Dataset2_original_intro-1657211038-jpg_130bf4ed-7cc3-4095-b10e-09fdc7d0b907_jpg.rf.86c80bfa63b881669c3246c67205dc34.jpg,train,498.5869034272902,0.9613561347311025,0.19693608657492087,0.4908765786193397,reduce
wc_Dataset2_original_intro-1657211038-jpg_221fb7db-76c1-48c8-9bf3-3edf145a4be8_jpg.rf.74a1e4cc2874c336bc10f193efbbaad6.jpg,train,475.86002562459964,0.9768809412703425,0.274227457845523,0.612178040523338,reduce
wc_Dataset2_original_intro-1657211038-jpg_221fb7db-76c1-48c8-9bf3-3edf145a4be8_jpg.rf.ee4a6f05d161330477c747bf81b4d968.jpg,train,452.0365751121077,0.9744946902619934,0.25570206285602537,0.61700247986832,reduce
wc_Dataset2_original_intro-1657211038-jpg_221fb7db-76c1-48c8-9bf3-3edf145a4be8_jpg.rf.f9b1587f0cf25149da3227098cd69372.jpg,train,644.5072469570789,0.9631137066887374,0.23921391471491896,0.5899927943566474,reduce
wc_Dataset2_original_intro-1657211038-jpg_bceade28-3435-4b6b-9b3a-356432f38700_jpg.rf.09f8f4a8c57cef766d88f016a0373686.jpg,train,416.53881726457394,0.9708318211456731,0.23459148398226473,0.5759087499768522,reduce
wc_Dataset2_original_intro-1657211038-jpg_bceade28-3435-4b6b-9b3a-356432f38700_jpg.rf.e13eedacedd0d7ff9bc6f2f278b8b803.jpg,train,316.6220771941064,0.9340480204970661,0.2427236099470983,0.5368050733278171,reduce
wc_Dataset2_original_intro-1657211038-jpg_bceade28-3435-4b6b-9b3a-356432f38700_jpg.rf.fe33fc7c7a37fbd1341636af7a6e9f86.jpg,train,405.1124879884689,0.9669521905289276,0.23769173326675583,0.5666367507084777,reduce
wc_Dataset2_original_intro-1657211038-jpg_ec1b9d4f-9107-4121-a78a-0d9830b29d0b_jpg.rf.1868e2652754166b5d386483ea296cdb.jpg,train,491.8477938821268,0.9552840039339351,0.22164075483813972,0.5334554931501154,reduce
wc_Dataset2_original_intro-1657211038-jpg_ec1b9d4f-9107-4121-a78a-0d9830b29d0b_jpg.rf.ac1db6b73bc76a20110dc03f1647c0a6.jpg,train,414.9252682575273,0.9723841287273796,0.23849666211886925,0.5646926553618334,reduce
wc_Dataset2_original_intro-1657211038-jpg_ec1b9d4f-9107-4121-a78a-0d9830b29d0b_jpg.rf.bb57a326dc6db0ee15993742ac2c5c6b.jpg,train,322.7360466047405,0.9328794826138425,0.24280523569726942,0.5371707823664906,reduce
wc_Dataset2_original_orange-1403256_1280-e1496185372901-jpg_f0275a74-fca0-4278-92cf-f25bd32a776d_jpg.rf.95bd8a036fb6652c6e42c4f59f8f0439.jpg,train,93.91473814862267,0.9851004262434128,0.03201273654200718,0.38524477429947745,reduce
wc_Dataset2_original_orange-flower-jpg_12d3294d-1a8d-489d-a1d4-7ddfbeaecb27_jpg.rf.f97d6997934001489a70a1c60c969203.jpg,train,186.68239509929532,0.8716295082112242,0.018922540794136418,0.151954565057384,reduce
wc_Dataset2_original_orange-flower-jpg_298e50b9-a7be-4fde-9fbc-7affd794d133_jpg.rf.4df9e74a943705b5879a24155300d3ee.jpg,train,482.55569346572713,0.8998383390253095,0.020930483025734487,0.12231287683724343,reduce
wc_Dataset2_original_orange-flower-jpg_298e50b9-a7be-4fde-9fbc-7affd794d133_jpg.rf.5c4600f17bcbb8cc2bcfcafa2da61bd9.jpg,train,785.475776745676,0.8619924344900767,0.06191826952634946,0.1611374632707375,reduce
wc_Dataset2_original_orange-flower-jpg_414c5f10-3404-4fe4-9d90-7f6f7a5c7a81_jpg.rf.b808b4cec019b6b4112d28f7ffa1cdd6.jpg,train,330.5132927610506,0.9505176015297091,0.11525951365204072,0.2532364540728876,reduce
wc_Dataset2_original_orange-flower-jpg_414c5f10-3404-4fe4-9d90-7f6f7a5c7a81_jpg.rf.d0760abc13a8c49c7753f1c287d7b832.jpg,train,363.8264934336963,0.9020553688939704,0.014364183338826959,0.13360582870253196,reduce
wc_Dataset2_original_orange-flower-jpg_414c5f10-3404-4fe4-9d90-7f6f7a5c7a81_jpg.rf.ed8131d5be0eab209c45232cddcbcd3e.jpg,train,625.8966207559257,0.8308185926993507,0.014841607789384295,0.1495493159465895,reduce
wc_Dataset2_original_orange-flower-jpg_72ba2028-8b5f-4bc8-90ff-e043aad1f076_jpg.rf.7ba93e96c344fb53280448ab7c751449.jpg,train,230.12347853939778,0.8643773465707354,0.029405819685474895,0.23338185025387587,reduce
wc_Dataset2_original_orange-flower-jpg_72ba2028-8b5f-4bc8-90ff-e043aad1f076_jpg.rf.fff6e6dbb09da58a24c8df1211becd4f.jpg,train,145.3858704356182,0.9001575300304638,0.022309014101445493,0.19456783554642296,reduce
wc_Dataset2_original_orange-flower-jpg_82ec7be9-3447-4918-abb9-3b17a3b6d635_jpg.rf.03b2109d700f46508959bc55a4347103.jpg,train,552.4485105701474,0.8732912006634156,0.011297607861047757,0.09621883354931579,reduce
wc_Dataset2_original_orange-flower-jpg_82ec7be9-3447-4918-abb9-3b17a3b6d635_jpg.rf.54dfc54e7aa5f4d64540d5e8b1bdf89b.jpg,train,487.3148622677771,0.9174620287203095,0.0799455752132361,0.18032426485631986,reduce
wc_Dataset2_original_orange-flower-jpg_82ec7be9-3447-4918-abb9-3b17a3b6d635_jpg.rf.e08ffaa794a7109e83267411bf9c809a.jpg,train,729.9471092248558,0.8672094124663102,0.057524139990353086,0.15913586031746033,reduce
wc_Dataset2_original_orange-flower-jpg_e8d79652-6f73-436f-bd41-380ed5839f80_jpg.rf.7372702ad75da1436d60049f8a769631.jpg,train,919.3658311979499,0.8391661695297882,0.03905848793489058,0.13822950376411838,reduce
wc_Dataset2_original_orange-flower-jpg_e8d79652-6f73-436f-bd41-380ed5839f80_jpg.rf.ece8db046ef6d6e9e6ea834025cf4e6f.jpg,train,616.4788997437541,0.8702261373490434,0.01071837069645083,0.09352623478740817,reduce
wc_Dataset2_original_orange-peels-and-oranges-on-a-wooden-cutting-board-GettyImages-661827875-jpg_0e850b65-7a63-4c45-8443-1cfb933c22a8_jpg.rf.49efb0336326a52320df286d3fbb5cf9.jpg,train,195.49843850096093,0.9804103938683796,0.10206026598188477,0.3515063318557938,reduce
wc_Dataset2_original_orange-peels-and-oranges-on-a-wooden-cutting-board-GettyImages-661827875-jpg_87c1f0b6-e157-444b-841a-39357d07e8fa_jpg.rf.1c50686e5fddc6683b8bf23140ca6e42.jpg,train,180.82288997437539,0.9688304047339974,0.029246605109048075,0.3220745091529721,reduce
wc_Dataset2_original_orange-peels-and-oranges-on-a-wooden-cutting-board-GettyImages-661827875-jpg_87c1f0b6-e157-444b-841a-39357d07e8fa_jpg.rf.81f28a8b7a86fd7e76de3c9e4b6c4603.jpg,train,165.90248638693143,0.9798422894985728,0.0598711285711795,0.33016560866847144,reduce
wc_Dataset2_original_orange-peels-and-oranges-on-a-wooden-cutting-board-GettyImages-661827875-jpg_87c1f0b6-e157-444b-841a-39357d07e8fa_jpg.rf.f2495b1d6be935bbefd2c01313f71c54.jpg,train,97.14656069827033,0.9771754346831565,0.026685914800642845,0.3068795203729302,reduce
wc_Dataset2_original_Orange-Peels-Banners_Zatevakhin-jpg_1b20e8eb-441f-4cef-a6b5-e9c77394f1f3_jpg.rf.2370fe5eaa2ec5b01af0fc833e035650.jpg,train,317.92741031390136,0.9228753660091954,0.014895986879761222,0.1552885204895899,reduce
wc_Dataset2_original_Orange-Peels-Banners_Zatevakhin-jpg_1b20e8eb-441f-4cef-a6b5-e9c77394f1f3_jpg.rf.3f9c37d3bfec26def9e1b0313d239dec.jpg,train,323.63797245355545,0.9213730276067983,0.014818238478401295,0.15502108893840966,reduce
wc_Dataset2_original_Orange-Peels-Banners_Zatevakhin-jpg_1b20e8eb-441f-4cef-a6b5-e9c77394f1f3_jpg.rf.895abd3a309955279722b48fabbadb6d.jpg,train,446.1745075272261,0.8716198730036214,0.01316652902658965,0.1252672224754369,reduce
wc_Dataset2_original_Orange-Peels-Banners_Zatevakhin-jpg_3f0c10a8-6717-4edb-b663-0aa525f84c24_jpg.rf.3fa173fc9746f87f3f8fda23e999dcd5.jpg,train,460.4636250800769,0.9430098499859523,0.08757635410230385,0.21438372439118553,reduce
wc_Dataset2_original_Orange-Peels-Banners_Zatevakhin-jpg_3f0c10a8-6717-4edb-b663-0aa525f84c24_jpg.rf.741fbb19ca31df427d5cfef5da08406b.jpg,train,456.224095131326,0.9443279003612127,0.09064008510882345,0.21634115418858968,reduce
wc_Dataset2_original_Orange-Peels-Banners_Zatevakhin-jpg_8c68f659-a3c9-405f-82df-88e8e0c7ed3d_jpg.rf.72c0b262d578c790421abe0ec6417e69.jpg,train,420.7422325432416,0.9477394432935572,0.08762646544672764,0.22366517633960883,reduce
wc_Dataset2_original_Orange-Peels-Banners_Zatevakhin-jpg_8c68f659-a3c9-405f-82df-88e8e0c7ed3d_jpg.rf.c44fa679c7e6fbeeeee287337e7b51a1.jpg,train,405.608664317745,0.8898198942098723,0.013835249861824283,0.13749146347232447,reduce
wc_Dataset2_original_Orange-Peels-Banners_Zatevakhin-jpg_8c68f659-a3c9-405f-82df-88e8e0c7ed3d_jpg.rf.fe1c0a926a29df0d1bdfa72f661d3e26.jpg,train,309.27606502242156,0.9605624399524848,0.08641308687721552,0.2383076333262348,reduce
wc_Dataset2_original_orange-peels-on-heaps-view-from-above-jpg_65176843-0f0a-4867-b07b-1245c03f4409_jpg.rf.048c4615ae16d47dd85fe1e73cb5d5e5.jpg,train,108.41694026265213,0.9648903684883033,0.035440185883726175,0.3278074985256135,reduce
wc_Dataset2_original_orange-peels-on-heaps-view-from-above-jpg_65176843-0f0a-4867-b07b-1245c03f4409_jpg.rf.a19256c4e72041c67ca99c2f97bfb6ac.jpg,train,217.22157270980136,0.9794355625658018,0.12013635489232903,0.4026924160733232,reduce
wc_Dataset2_original_orange-peels-on-heaps-view-from-above-jpg_65176843-0f0a-4867-b07b-1245c03f4409_jpg.rf.ba661b8fd24b66b9543ccb00c4ae9b3f.jpg,train,236.5009609224856,0.959328492251603,0.04653628267622651,0.40013344390500083,reduce
wc_Dataset2_original_orange-peels-on-heaps-view-from-above-jpg_bb4e47e9-64c0-4bf2-8936-4979665f3fa0_jpg.rf.536ea199cf8e5974371e99cf86076493.jpg,train,34.722913997437544,0.9755668741671036,0.15562045403582225,0.6347512051091295,reduce
wc_Dataset2_original_orange-peels-on-heaps-view-from-above-jpg_bb4e47e9-64c0-4bf2-8936-4979665f3fa0_jpg.rf.c6ddac4cd3aa557e41da86f31f2563fa.jpg,train,32.772761851377325,0.9605146249072686,0.1444393631035765,0.6690335404455259,reduce
wc_Dataset2_original_orange-peels-on-heaps-view-from-above-jpg_d1167692-9c79-49cc-9dd0-1c9f6247ff73_jpg.rf.e2beebba4d8a3802caff13cbf8ef36ed.jpg,train,91.91806133888534,0.9715955760065735,0.10345434120262478,0.46290625901770593,reduce
wc_Dataset2_original_orange-wedges-jpg_367245a0-457f-4a30-98ba-2516b9508ea8_jpg.rf.18b6221d236ecfff546e772bca4fab0d.jpg,train,219.24133167841126,0.9801269818939884,0.11593166566419978,0.33570822619678925,reduce
wc_Dataset2_original_orange-wedges-jpg_367245a0-457f-4a30-98ba-2516b9508ea8_jpg.rf.5d6c412e0c9a79517bf056297b28822e.jpg,train,292.0461042600897,0.9417926263948206,0.02620512636361362,0.3234938475582638,reduce
wc_Dataset2_original_orange-wedges-jpg_7aa11e90-dfd0-4288-9a8d-c7fa94f3e2d2_jpg.rf.0b1f877b7425671510edf8159015d758.jpg,train,51.276445387572075,0.9771195194257319,0.023979468273331646,0.28667653167419893,reduce
wc_Dataset2_original_orange-wedges-jpg_7aa11e90-dfd0-4288-9a8d-c7fa94f3e2d2_jpg.rf.a1d9a54efe2bef6500b6bcc7971efea0.jpg,train,201.9174407431134,0.9784088316542358,0.10905310354241148,0.3184448129520575,reduce
wc_Dataset2_original_orange-wedges-jpg_aa1bf09a-5b48-4353-8a10-24c077ca72fb_jpg.rf.6d2a5a4a31310953ac357118babf2c49.jpg,train,211.78877722613706,0.9803486506449374,0.10235502881883621,0.35624838659398095,reduce
wc_Dataset2_original_orange-wedges-jpg_aa1bf09a-5b48-4353-8a10-24c077ca72fb_jpg.rf.d430259ccc5f818b6949e21ac6d1200d.jpg,train,49.55481262011531,0.9831709339730702,0.029841645145005057,0.32854756845232097,reduce
wc_Dataset2_original_orange-wedges-jpg_ca746d47-1ac8-410b-a1be-a43b287da564_jpg.rf.4929fcdc3b405dc9df29532c571668ab.jpg,train,54.818385650224215,0.9793565795975693,0.025883928214414213,0.31319632965167404,reduce
wc_Dataset2_original_orange-wedges-jpg_ca746d47-1ac8-410b-a1be-a43b287da564_jpg.rf.7fa6e04568eaeb9c2f36c67251d994af.jpg,train,177.62770259449067,0.9689313363855055,0.04226103008424876,0.34846656060600184,reduce
wc_Dataset2_original_orange-wedges-jpg_ca746d47-1ac8-410b-a1be-a43b287da564_jpg.rf.c307a56a1b9632bce8fbc6827e27b8fa.jpg,train,203.41231582319028,0.9427376970842903,0.022419272388479357,0.2602484459869986,reduce
wc_Dataset2_original_orange-wedges-jpg_e7e924f1-a8d0-45cc-a1eb-f9951a6d7349_jpg.rf.b9e1d714921bdd3bba5729d99691ba84.jpg,train,181.9223454516336,0.9818568701623691,0.1190396656125168,0.42563819215907,reduce
wc_Dataset2_original_ornage-peels-jpg_319d8cec-f3c2-4b46-bcc8-a2ca1d9a2457_jpg.rf.95af17f9a2b3b37403f57956e9a7ab89.jpg,train,171.2316623959001,0.9844265541088489,0.026902571062757733,0.3400518787910452,reduce
wc_Dataset2_original_ornage-peels-jpg_319d8cec-f3c2-4b46-bcc8-a2ca1d9a2457_jpg.rf.bbd3ebd0878ce8ee09ef5b20c3a44456.jpg,train,209.83816463805255,0.9831929698005267,0.09813215258138995,0.37160312452988414,reduce
wc_Dataset2_original_ornage-peels-jpg_319d8cec-f3c2-4b46-bcc8-a2ca1d9a2457_jpg.rf.c8ef2a5174e4e29e5df35b42f8fcb239.jpg,train,223.15594971172325,0.9802779311576393,0.027383843204765,0.3051685031604891,reduce
wc_Dataset2_original_ornage-peels-jpg_4389fd49-54e4-452b-8e4e-48817e99094f_jpg.rf.c58f8ad977be6fc6812b82f0f520bd9d.jpg,train,171.43639894298525,0.98439546713104,0.0269630261500522,0.3423721513588207,reduce
wc_Dataset2_original_ornage-peels-jpg_4389fd49-54e4-452b-8e4e-48817e99094f_jpg.rf.c60c2ab17c870c38f6cc63df72520510.jpg,train,200.8075352338245,0.9825474348940398,0.037627112970431316,0.36367269339408115,reduce
wc_Dataset2_original_ornage-peels-jpg_4389fd49-54e4-452b-8e4e-48817e99094f_jpg.rf.f2edea2ef7ec5ba822497cc3c1392f19.jpg,train,201.77866752081997,0.9834428577485645,0.080026151556691,0.3716282743834105,reduce
wc_Dataset2_original_ornage-peels-jpg_581dc6d6-b9a7-4425-b9eb-d6b87ec8d66e_jpg.rf.0c3f737b481b22fcc8ddbdd56c5b5dbc.jpg,train,206.23632687379884,0.9830099819658636,0.06923231731704241,0.3644022183705541,reduce
wc_Dataset2_original_ornage-peels-jpg_581dc6d6-b9a7-4425-b9eb-d6b87ec8d66e_jpg.rf.2a7ec4bae8b485148c8aabaf627ee6c0.jpg,train,170.73132206918643,0.9844935196128253,0.027058593585201685,0.3425182605858575,reduce
wc_Dataset2_original_ornage-peels-jpg_7aa0ccbd-b18a-4027-a660-47fe752eaa46_jpg.rf.3d2da4f3914f4baedd9a08db17809a33.jpg,train,234.65753122998075,0.9812766124566232,0.12124647132556761,0.34818500208780334,reduce
wc_Dataset2_original_ornage-peels-jpg_7aa0ccbd-b18a-4027-a660-47fe752eaa46_jpg.rf.ffbbe82709dc713e9ff9f4f3cfb14b2e.jpg,train,179.43183456117876,0.9835239708634509,0.025470189728668203,0.3198582661805317,reduce
wc_Dataset2_original_ornage-peels-jpg_a48bc6e7-72b3-4468-befb-2a8e40d12903_jpg.rf.4754c51d6cff92e38b6097b7a1da35a0.jpg,train,172.4264493914158,0.9842851399771756,0.026963468340150266,0.34021036659765214,reduce
wc_Dataset2_original_peeled-banana-on-white-background-photo-with-clipping-path-jpg_519c3507-7ab7-41a9-8de9-594070606d18_jpg.rf.0e6b5009fef9c1195937cc9ea15c47d3.jpg,train,254.62724215246638,0.9763477436935402,0.528556355583113,0.7127489196465129,reduce
wc_Dataset2_original_peeled-banana-on-white-background-photo-with-clipping-path-jpg_519c3507-7ab7-41a9-8de9-594070606d18_jpg.rf.8287eff669bd7be319bd4201317ab391.jpg,train,40.83055733504165,0.9771309090675634,0.6313354436383043,0.7307180816175811,reduce
wc_Dataset2_original_peeled-banana-on-white-background-photo-with-clipping-path-jpg_519c3507-7ab7-41a9-8de9-594070606d18_jpg.rf.866b7948f8ec2197bf8442798b10aee8.jpg,train,259.7165879244074,0.948692607884795,0.5827861429287519,0.7218773649627716,reduce
wc_Dataset2_original_peeled-banana-on-white-background-photo-with-clipping-path-jpg_c52164f0-5d35-4435-9c73-d222ec49ca98_jpg.rf.1abe61e21fb75a303d1fea8ae188d034.jpg,train,41.767977258167846,0.9773850529024889,0.607231805220481,0.7181013038996308,reduce
wc_Dataset2_original_peeled-banana-on-white-background-photo-with-clipping-path-jpg_c52164f0-5d35-4435-9c73-d222ec49ca98_jpg.rf.3d25345574e33db151fbb2b1aa3f2a23.jpg,train,252.21510650224212,0.9621091137576492,0.5478589863848705,0.7037672715251265,reduce
wc_Dataset2_original_peeled-banana-on-white-background-photo-with-clipping-path-jpg_c52164f0-5d35-4435-9c73-d222ec49ca98_jpg.rf.baa16d08c77d299e1dfe381cf68cb222.jpg,train,253.4097733824472,0.9610731946926864,0.5501084410879477,0.6981988203131091,reduce
wc_Dataset2_original_peeled-banana-on-white-background-photo-with-clipping-path-jpg_e78de2a8-82c3-41af-a443-409902975900_jpg.rf.2bf2d384c31686d03095bea11cf8eaf4.jpg,train,233.17709000640613,0.9806454649370829,0.33729226645947985,0.6163876827703054,reduce
wc_Dataset2_original_peeled-banana-on-white-background-photo-with-clipping-path-jpg_e78de2a8-82c3-41af-a443-409902975900_jpg.rf.32b5b107fc7abecc31339b87a42ffe7f.jpg,train,42.919422645739914,0.9799537262692666,0.411301711596057,0.5858620955065873,reduce
wc_Dataset2_original_peeled-banana-on-white-background-photo-with-clipping-path-jpg_e78de2a8-82c3-41af-a443-409902975900_jpg.rf.fde6658d1b0b1b8b9cfb447cab39e1fc.jpg,train,258.09320948110184,0.9804440938204639,0.3298635321226236,0.5889446136715072,reduce
wc_Dataset2_original_peeled-whole-banana-jpg_80d829b0-a387-4cc2-85fe-1305e5dad37b_jpg.rf.27ea9d47a79712e165e42a2ace4c6cde.jpg,train,95.7788276745676,0.9600112893252896,0.6852725398332082,0.8341047272111723,reduce
wc_Dataset2_original_peeled-whole-banana-jpg_80d829b0-a387-4cc2-85fe-1305e5dad37b_jpg.rf.c3ae8f3c7bbf8fb6e55141f77632369a.jpg,train,3.592889173606662,0.9739899552865612,0.7453404854861765,0.8345130622245788,reduce
wc_Dataset2_original_peeled-whole-banana-jpg_80d829b0-a387-4cc2-85fe-1305e5dad37b_jpg.rf.f71ed1db6320812cd6b731f9119cc638.jpg,train,98.41459801409353,0.9810861158733014,0.6287088531052446,0.8337464842013418,reduce
wc_Dataset2_original_peeled-whole-banana-jpg_c6b4f8df-bcd6-407f-b3ef-c3b35b937bfd_jpg.rf.3649e1da4b9cc76d627cb4cf2ee755fd.jpg,train,8.093409673286356,0.9743305310023348,0.7248898619308136,0.8072615314415437,reduce
wc_Dataset2_original_peeled-whole-banana-jpg_c6b4f8df-bcd6-407f-b3ef-c3b35b937bfd_jpg.rf.79103e049f7b0f5114ee309172ab7024.jpg,train,224.86737267777062,0.9789722931567815,0.6212718437152207,0.8061933980207281,reduce
wc_Dataset2_original_peeled-whole-banana-jpg_c6b4f8df-bcd6-407f-b3ef-c3b35b937bfd_jpg.rf.f6041b40d8d8a07e6deb7e11694ba511.jpg,train,220.05108904548365,0.9688534149692263,0.6518490965824351,0.804588494498338,reduce
wc_Dataset2_original_peeled-whole-banana-jpg_cad40155-43f8-4b37-a137-2854b14c404a_jpg.rf.3d3e206532b1d05c87cf26c5fd40626b.jpg,train,221.82403106982702,0.9595793253697448,0.5137255591862382,0.7193837841932011,reduce
wc_Dataset2_original_Qs86MCkIk2tKwuqhtrabApm0UAZXtYm6TR5RjOlkQk4-jpg_79d959b1-ff8e-47ce-8194-976fe92226bf_jpg.rf.28d3f054d68a3f56dc3087d2b22cb1c0.jpg,train,144.06538276745675,0.9816089656212436,0.05746440550374715,0.2932510683934353,reduce
wc_Dataset2_original_Qs86MCkIk2tKwuqhtrabApm0UAZXtYm6TR5RjOlkQk4-jpg_79d959b1-ff8e-47ce-8194-976fe92226bf_jpg.rf.7413e82fdb2623db0453b92fc501d57f.jpg,train,76.32673366431776,0.9897880225338914,0.020024672943665698,0.2710177513305426,reduce
wc_Dataset2_original_Qs86MCkIk2tKwuqhtrabApm0UAZXtYm6TR5RjOlkQk4-jpg_915da6d3-ae81-47cf-8b79-6efe4a848e07_jpg.rf.e7bf58a392bc04e4c626a7d2c98b66c9.jpg,train,156.1524263292761,0.9809053899735187,0.02071643338153319,0.2685041510112762,reduce
wc_Dataset2_original_xlxrew9s5e651-jpg_7dce9b0f-bfe2-4223-a8a4-1daa9e034abe_jpg.rf.15c100036ea13aa2c43ef4d39aee9ad6.jpg,train,98.85470051249199,0.9849560819342608,0.02065928057638163,0.22114381697105515,reduce
wc_Dataset2_original_xlxrew9s5e651-jpg_7dce9b0f-bfe2-4223-a8a4-1daa9e034abe_jpg.rf.a0944e899b9ad87f45bc5814a18a7b26.jpg,train,120.25914878283149,0.9811688037881199,0.018009214813164805,0.19938644767787725,reduce
wc_Dataset2_original_xlxrew9s5e651-jpg_7dce9b0f-bfe2-4223-a8a4-1daa9e034abe_jpg.rf.ee3cadda5468453947808ede713f2ce3.jpg,train,96.00484465086483,0.9873261612425422,0.09749378808153951,0.28150728168145317,reduce
wc_Dataset2_original_xlxrew9s5e651-jpg_a4508b9a-c9d0-4729-ab06-9832f6beaf4a_jpg.rf.0b18902b05b5e8ad228546f540066044.jpg,train,49.05497277386291,0.982922068757314,0.09566954727852163,0.3293251326700285,reduce
wc_Ly-project-dataset_original_Bananapeel-jpg_ae797b7c-5003-45e3-b311-6e5a017cced3_jpg.rf.b602aee4c5923c6d3cca03af72b5324e.jpg,train,135.67717008327995,0.9263943532279894,0.638544029260821,0.8244471205846053,reduce
wc_Ly-project-dataset_original_Bananapeel-jpg_ae797b7c-5003-45e3-b311-6e5a017cced3_jpg.rf.c75c140ff843a6a0b54e47647d344676.jpg,train,223.63042520819988,0.9790433131549758,0.581878492398312,0.8139885105841214,reduce
wc_Ly-project-dataset_original_Bananapeel-jpg_ae797b7c-5003-45e3-b311-6e5a017cced3_jpg.rf.f18e640c8f403d6f87af2917678046c1.jpg,train,214.0501081037796,0.967162495318217,0.6113495338990614,0.8108839731118248,reduce
wc_Ly-project-dataset_original_Bananapeel-jpg_e02113b0-07a5-48ae-927d-91ed469db28d_jpg.rf.047cbdafea6525aace27b29a1ca72a56.jpg,train,223.43393657911594,0.9820888192499005,0.5107514390457637,0.7887827024835523,reduce
wc_Ly-project-dataset_original_Bananapeel-jpg_e02113b0-07a5-48ae-927d-91ed469db28d_jpg.rf.1b57bba847fa4d186b593e5d9fc8ed73.jpg,train,223.83878523382447,0.9701892746753159,0.542714533024833,0.7893848646253745,reduce
wc_Ly-project-dataset_original_Bananapeel-jpg_e02113b0-07a5-48ae-927d-91ed469db28d_jpg.rf.a7fa73e922fc621f50ef1f14a0155146.jpg,train,12.565422805893657,0.9911600680335863,0.60158241543831,0.8078940026066407,reduce
wc_Ly-project-dataset_original_Bananapeel1-jpg_2705bb94-9133-49dc-9602-517f1f0d3e7f_jpg.rf.b42e88225d1e0a77eee3bc84bf37d3a2.jpg,train,49.13214686098654,0.9749717852754286,0.39601456809184626,0.7395238523233262,reduce
wc_Ly-project-dataset_original_Bananapeel1-jpg_4612e203-a3eb-4765-b23e-735c4d8e1aa3_jpg.rf.1a09747a04df2f799ab1587e2f5a3ae9.jpg,train,176.39920323510574,0.961883970111981,0.3733945530030631,0.7417968920312739,reduce
wc_Ly-project-dataset_original_Bananapeel1-jpg_4612e203-a3eb-4765-b23e-735c4d8e1aa3_jpg.rf.5f32a1340f31fd945e239a36876df527.jpg,train,181.2632527226137,0.9816992419104809,0.3476196483523885,0.7350288847957891,reduce
wc_Ly-project-dataset_original_Bananapeel1-jpg_4612e203-a3eb-4765-b23e-735c4d8e1aa3_jpg.rf.de05551d7b764407c899e8a609d18f65.jpg,train,33.66095451633568,0.9750607039921305,0.4046709997351785,0.7562438823121796,reduce
wc_Ly-project-dataset_original_Bananapeel1-jpg_4711bff4-8ea7-44ee-97f2-d4c1b5898320_jpg.rf.6e65fa6b778486bb9c9507cd532eed1f.jpg,train,27.721332479180017,0.9777821518171796,0.4789667133241194,0.8159363872885103,reduce
wc_Ly-project-dataset_original_Bananapeel1-jpg_4711bff4-8ea7-44ee-97f2-d4c1b5898320_jpg.rf.f15daaf7eddb7a4195cec796066c6637.jpg,train,5.299687700192185,0.9754204586086948,0.5531541096202593,0.8267202667065406,reduce
wc_Ly-project-dataset_original_Bananapeel1-jpg_8066dbce-91d4-49d5-9ed6-af932c5dd54b_jpg.rf.5d35bcb58f406bafd43b2881f978d78f.jpg,train,47.47745836002563,0.9759500036107469,0.4024288580613371,0.7441609766034546,reduce
wc_Ly-project-dataset_original_Bananapeel1-jpg_8066dbce-91d4-49d5-9ed6-af932c5dd54b_jpg.rf.96e81882477ff712c065f939fd47dc5d.jpg,train,251.67346652786676,0.9520694056181483,0.3766996135016394,0.7240970899857078,reduce
wc_Ly-project-dataset_original_Bananapeel1-jpg_8066dbce-91d4-49d5-9ed6-af932c5dd54b_jpg.rf.a262219a85950144a93f4848de8ae10f.jpg,train,243.1789317745035,0.9450969903164765,0.38052327450773177,0.7252259242725236,reduce
wc_Ly-project-dataset_original_Bananapeel1-jpg_89dc26d3-d0a5-4c48-8efd-4b3c3ef1c104_jpg.rf.2844e21f18fe815836ba5a1cfcc2b0bf.jpg,train,50.8749199231262,0.9790277991338725,0.3438978383108036,0.6834301506847303,reduce
wc_Ly-project-dataset_original_Bananapeel1-jpg_89dc26d3-d0a5-4c48-8efd-4b3c3ef1c104_jpg.rf.8998e3dbf46d456a5e0940d0adff1522.jpg,train,242.39632046764893,0.9825379738794839,0.2952818234272478,0.679935134916154,reduce
wc_Ly-project-dataset_original_Bananapeel1-jpg_89dc26d3-d0a5-4c48-8efd-4b3c3ef1c104_jpg.rf.d42fd3c6fb9ba14c6b6c86bdf6b2ec1b.jpg,train,220.30293081358104,0.9681033784495537,0.3148210715433549,0.6743405409961789,reduce
wc_Ly-project-dataset_original_Bananapeel1-jpg_b829f345-1d1b-4303-86c6-26fa31b2b182_jpg.rf.1f4f9bad0c870bd2325c444f149e3b3c.jpg,train,88.6952674567585,0.9340138047621901,0.4568014415491946,0.7584544722893433,reduce
wc_Ly-project-dataset_original_Bananapeel1-jpg_b829f345-1d1b-4303-86c6-26fa31b2b182_jpg.rf.60483454ab0724f8398b5f9f376b796a.jpg,train,96.72769859064701,0.9578326376745597,0.44113419779893387,0.7533294570103128,reduce
wc_Ly-project-dataset_original_Bananapeel1-jpg_b829f345-1d1b-4303-86c6-26fa31b2b182_jpg.rf.9f55a616af6cfada687dfd3428ce953f.jpg,train,18.956338084561178,0.9753627729946476,0.4770079041906875,0.774495897497046,reduce
wc_Ly-project-dataset_original_Bananapeel1-jpg_c4caef76-83d3-43ff-86ab-01c92ea2a8a5_jpg.rf.02868ee0aacf066aa945843f8de3c5be.jpg,train,260.5213605060858,0.9778175652454004,0.3478685935621799,0.7285117065760759,reduce
wc_Ly-project-dataset_original_Bananapeel1-jpg_c4caef76-83d3-43ff-86ab-01c92ea2a8a5_jpg.rf.8ae7869a9a9421f99408281b6fa2536f.jpg,train,48.06610345932095,0.97575409944947,0.39795240090680933,0.7429915642389716,reduce
wc_Ly-project-dataset_original_Bananapeel1-jpg_c4caef76-83d3-43ff-86ab-01c92ea2a8a5_jpg.rf.f1ad9a7bb7e91d3082f93da4811beb78.jpg,train,262.7620515695067,0.9820015760541535,0.3402307842222741,0.7244052875652034,reduce
wc_Ly-project-dataset_original_Bananapeel2-jpg_046412b0-ac8a-415e-8d2d-e6f52f321c2c_jpg.rf.6090a3378a2b41bb4867616e270f4542.jpg,train,112.41768097373479,0.9595866035410253,0.43476897266230846,0.6100259046477864,reduce
wc_Ly-project-dataset_original_Bananapeel2-jpg_046412b0-ac8a-415e-8d2d-e6f52f321c2c_jpg.rf.a95d25a635492c8345a4b60243bc26f5.jpg,train,286.1316063420884,0.9668609523055497,0.37271932279302383,0.6024983131071455,reduce
wc_Ly-project-dataset_original_Bananapeel2-jpg_046412b0-ac8a-415e-8d2d-e6f52f321c2c_jpg.rf.e365403065b6a5cc9ee6add29705e396.jpg,train,320.9993593850096,0.9533428366008899,0.3865413662433257,0.5894538315503757,reduce
wc_Ly-project-dataset_original_Bananapeel2-jpg_3c9eaa46-264b-41e6-acdf-544afcc5999e_jpg.rf.c534bf033b70843f7e374216b1c585ab.jpg,train,111.78120996156309,0.956171892582793,0.26886662150166696,0.49473756582984174,reduce
wc_Ly-project-dataset_original_Bananapeel2-jpg_593e9272-c18e-4391-abf4-52e649a45c70_jpg.rf.60d2713660cfb46471fe594614c87a19.jpg,train,306.0503683536195,0.9772855479045,0.32504328951538036,0.5909198281711616,reduce
wc_Ly-project-dataset_original_Bananapeel2-jpg_593e9272-c18e-4391-abf4-52e649a45c70_jpg.rf.a7a6a11183314b423b6f165ca7d73670.jpg,train,112.03695547725818,0.9602260466035508,0.42707737503464405,0.604461333518734,reduce
wc_Ly-project-dataset_original_Bananapeel2-jpg_6a58d887-c11c-4a2d-8281-4bb23854dfd1_jpg.rf.0d3fd7da08303368355c8f4b31ae1ddf.jpg,train,113.22187299807815,0.9777870616846599,0.23477918440497894,0.5647967146731756,reduce
wc_Ly-project-dataset_original_Bananapeel2-jpg_6a58d887-c11c-4a2d-8281-4bb23854dfd1_jpg.rf.c82024a8a3d13d532ba840cfd458e90f.jpg,train,111.92484785393978,0.9795951414077068,0.2386414885438104,0.5769934708620519,reduce
wc_Ly-project-dataset_original_Bananapeel2-jpg_70de58df-637b-49ad-a1c3-35d8a0af39db_jpg.rf.231cac0396324987e648700298e6abbb.jpg,train,270.7681374119154,0.9791194519217927,0.22721605868444356,0.5309339081210225,reduce
wc_Ly-project-dataset_original_Bananapeel2-jpg_70de58df-637b-49ad-a1c3-35d8a0af39db_jpg.rf.7f26a29f212e9574a1da1a3975671576.jpg,train,269.25856822549645,0.9682918535855678,0.22975178791449058,0.5146795042765437,reduce
wc_Ly-project-dataset_original_Bananapeel2-jpg_73cc3b16-f206-441f-95e4-a82f28716f62_jpg.rf.0355a101128d1378b3107f0304ac1a34.jpg,train,322.8733584240871,0.9488158050534532,0.3811392330665966,0.5848470850822989,reduce
wc_Ly-project-dataset_original_Bananapeel2-jpg_73cc3b16-f206-441f-95e4-a82f28716f62_jpg.rf.f759beb081d5693177d187741fb9d1c7.jpg,train,112.86823350416398,0.9598732184767916,0.4257080968899438,0.6030467442432861,reduce
wc_Ly-project-dataset_original_Bananapeel2-jpg_f5ea1a03-1582-4c90-8073-11b1dcf3375e_jpg.rf.389f4ebf41dce7d811e11d94bcaf958b.jpg,train,292.6562299807815,0.9722397440047744,0.3505148422371118,0.5984873245331536,reduce
wc_Ly-project-dataset_original_Bananapeel2-jpg_f5ea1a03-1582-4c90-8073-11b1dcf3375e_jpg.rf.bcfcd538bcb7c41c4101528908872a30.jpg,train,111.46420563741194,0.9602379532027184,0.4292695452418629,0.6050035390256743,reduce
wc_Ly-project-dataset_original_Orange-peel-jpg_09b4d202-83c7-417b-9b19-f7287360c061_jpg.rf.5b6b72745cda5e4fc215319fc6913cba.jpg,train,68.86647181294043,0.9831865028875181,0.20377054991334015,0.5886023219383596,reduce
wc_Ly-project-dataset_original_Orange-peel-jpg_09b4d202-83c7-417b-9b19-f7287360c061_jpg.rf.67783de2c8271c4465c81b3c244bc655.jpg,train,255.64916319666878,0.9815677858566607,0.1780825372738634,0.5949332307543165,reduce
wc_Ly-project-dataset_original_Orange-peel-jpg_09b4d202-83c7-417b-9b19-f7287360c061_jpg.rf.a9c338e8d871b16c519673555f91668b.jpg,train,266.60914477898785,0.9762730638564606,0.17090186007856184,0.5868137622302723,reduce
wc_Ly-project-dataset_original_orange-peel-jpg_339a9b7a-4eda-40bc-b066-2d36f9d11b23_jpg.rf.c85d9d4f90256bd6530cf471770e4bd1.jpg,train,204.42652946828952,0.9714044535995942,0.09260417009423273,0.31921491365045496,reduce
wc_Ly-project-dataset_original_orange-peel-jpg_339a9b7a-4eda-40bc-b066-2d36f9d11b23_jpg.rf.fae1930aa40fa020d4592000c677cdde.jpg,train,298.5239029468289,0.9572735078558825,0.0802156331502782,0.27229489248007605,reduce
wc_Ly-project-dataset_original_orange-peel-jpg_339a9b7a-4eda-40bc-b066-2d36f9d11b23_jpg.rf.fc3356e09ef285926e113bb0b56129a2.jpg,train,236.9762371877002,0.9566780871796775,0.01838023743751007,0.21155042815126446,reduce
wc_Ly-project-dataset_original_orange-peel-jpg_355db705-d45f-4ab0-85a9-4c5363948ece_jpg.rf.c2da22c180886314002f6fdf083948ce.jpg,train,263.1510249839846,0.9561249854410763,0.025920477878630308,0.26090166952767657,reduce
wc_Ly-project-dataset_original_orange-peel-jpg_355db705-d45f-4ab0-85a9-4c5363948ece_jpg.rf.e2241b038d7dc18caaa48794f899edb0.jpg,train,233.55673446508646,0.9561040560753546,0.020954140910771097,0.22570002928505614,reduce
wc_Ly-project-dataset_original_orange-peel-jpg_522affe4-9ef0-43da-a366-569869cf8f8b_jpg.rf.3ea9dc34296d153ead207609bbb923c7.jpg,train,248.49455477258167,0.9556984868887106,0.020567839928526552,0.22243772483435434,reduce
wc_Ly-project-dataset_original_orange-peel-jpg_522affe4-9ef0-43da-a366-569869cf8f8b_jpg.rf.78e79b38da0555e41ec6a88f321a1ec9.jpg,train,310.1417761050608,0.9624025463499846,0.11405469073453568,0.2994023278091608,reduce
wc_Ly-project-dataset_original_orange-peel-jpg_522affe4-9ef0-43da-a366-569869cf8f8b_jpg.rf.ce87ef99c00f54c37aeb92977f424a3e.jpg,train,271.45980140935296,0.9542504465688982,0.02138849963877363,0.24994679261919317,reduce
wc_Ly-project-dataset_original_Orange-peel-jpg_6cf7e33d-2135-4cc6-8a3f-85e84911442c_jpg.rf.d01498a0f53f31f01a8abb0a235ce605.jpg,train,70.28321188340807,0.9840842211066541,0.3132020949091329,0.5365120038128179,reduce
wc_Ly-project-dataset_original_Orange-peel-jpg_6cf7e33d-2135-4cc6-8a3f-85e84911442c_jpg.rf.e7d456dcd9a007d9fd40efcb01b09cb9.jpg,train,257.18151425368353,0.9626272025625497,0.2944096599133684,0.5295360901038775,reduce
wc_Ly-project-dataset_original_Orange-peel-jpg_a4419f8f-f68a-4c36-a0c0-48f02cc8f65e_jpg.rf.a3ca8adccd70882e1b14608730744bf7.jpg,train,68.26345291479821,0.9832491705814548,0.20814993381862001,0.5916260256844871,reduce
wc_Ly-project-dataset_original_Orange-peel-jpg_b2254c0f-f77a-42a4-aa1c-8b0cb2a95174_jpg.rf.07249bf85e4612396c5c0b6f38b3e1da.jpg,train,261.4822229340166,0.9600861895046614,0.1824263586554442,0.5786903066083137,reduce
wc_Ly-project-dataset_original_Orange-peel-jpg_b2254c0f-f77a-42a4-aa1c-8b0cb2a95174_jpg.rf.129a6eb89fcde15b16fc60e8ed4533dd.jpg,train,267.57050768737986,0.9797435576297316,0.17718270851008341,0.5868403767655797,reduce
wc_Ly-project-dataset_original_Orange-peel-jpg_b2254c0f-f77a-42a4-aa1c-8b0cb2a95174_jpg.rf.290a9cef09c31d59be257b8c4571e5a5.jpg,train,67.46248398462524,0.9835411502888018,0.2064924124690598,0.5887263878694076,reduce
wc_Ly-project-dataset_original_orange-peel-jpg_e0e61adc-d7e8-4aac-839a-c562771e0682_jpg.rf.641cf014fe71a711dc203a66dab4ab00.jpg,train,312.23983023702755,0.9572056761276729,0.06295262322245618,0.26300400583533623,reduce
wc_Ly-project-dataset_original_orange-peel-jpg_e0e61adc-d7e8-4aac-839a-c562771e0682_jpg.rf.ab4320d9b1070cbe04f851760942ac35.jpg,train,245.17977258167846,0.9564801744473486,0.020456266896738327,0.22334465016868063,reduce
wc_Ly-project-dataset_original_orangepeel-jpg_7063d706-7399-4a87-91c5-dc92a3083b09_jpg.rf.38844f66042493b12c4619a76334ed55.jpg,train,73.45441623959002,0.9851246083112009,0.4716314367491598,0.5972429072486934,reduce
wc_Ly-project-dataset_original_orangepeel-jpg_7063d706-7399-4a87-91c5-dc92a3083b09_jpg.rf.96a80b02e808e055be9db7601d3840cd.jpg,train,280.02094010249834,0.9738518837549133,0.39770683250496563,0.5857869495059104,reduce
wc_Ly-project-dataset_original_orangepeel-jpg_7063d706-7399-4a87-91c5-dc92a3083b09_jpg.rf.b656c03a9d0160abe80d8807637ac000.jpg,train,265.8710562139654,0.9786089392857519,0.3813198253810662,0.6016467645263286,reduce
wc_Ly-project-dataset_original_orangepeel-jpg_ea28a059-9fa0-4923-ad41-3d74350a1ad1_jpg.rf.3bb52701e9e71331cf8fd13c440cf4ad.jpg,train,73.79404228058937,0.9850015437796296,0.4692987303609406,0.5952570759010186,reduce
wc_Ly-project-dataset_original_orangepeel-jpg_ea28a059-9fa0-4923-ad41-3d74350a1ad1_jpg.rf.97ea510d4fd5632d2a7db3c69c845e8b.jpg,train,275.64297725816783,0.9594716363463245,0.43390669171909757,0.5810007393250619,reduce
wc_Ly-project-dataset_original_orangepeel-jpg_ea28a059-9fa0-4923-ad41-3d74350a1ad1_jpg.rf.9f220e6232e5d9a37d99cea7919e158a.jpg,train,55.940362748238314,0.9886191892372441,0.4620513998667089,0.606762259607739,reduce
wc_Ly-project-dataset_original_orangepeel-jpg_edee1882-410c-4cab-9a9a-a1a4b4d977f2_jpg.rf.58dc84f1c2f4fc7a37135a6312bacf42.jpg,train,73.18269538757207,0.9850068412651916,0.4777141962714218,0.599536530317661,reduce
wc_Ly-project-dataset_original_orangepeel-jpg_edee1882-410c-4cab-9a9a-a1a4b4d977f2_jpg.rf.ccab5277b606860b7d4996010370c274.jpg,train,265.7957839525945,0.9786729517122562,0.38820171742962306,0.6090329835058574,reduce
wc_Ly-project-dataset_original_orangepeel-jpg_edee1882-410c-4cab-9a9a-a1a4b4d977f2_jpg.rf.fa596880a41d2de0b257c767ec03fbac.jpg,train,264.5248238308776,0.9639927572990582,0.43956975001933324,0.6078302024487362,reduce
wc_Ly-project-dataset_original_orangepeel2-png_43b30eea-038b-48ee-845c-9ab1a21ee2dd_png.rf.08642269c96ff7df9b57df3e55749d7f.jpg,train,8.736406950672645,0.9786964013889116,0.2887409949770536,0.6622691094281178,reduce
wc_Ly-project-dataset_original_orangepeel2-png_43b30eea-038b-48ee-845c-9ab1a21ee2dd_png.rf.39c0192a16ca56f1cc666cb5c32c86da.jpg,train,30.91810137732223,0.9770711732977582,0.220215988210081,0.6606187224335346,reduce
wc_Ly-project-dataset_original_orangepeel2-png_43b30eea-038b-48ee-845c-9ab1a21ee2dd_png.rf.5bed44faabdbeca1dd03bbcbdff937e3.jpg,train,24.120755925688663,0.9744963588302084,0.22611664834323406,0.6667395707157265,reduce
wc_Ly-project-dataset_original_orangepeel2-png_9e8a720f-e7ff-4a34-b6a0-2bffdcda39e1_png.rf.1faea62ab4db6c786134d21b8490fd8c.jpg,train,239.2530229019859,0.9789816946537244,0.2050179875605843,0.502100869182241,reduce
wc_Ly-project-dataset_original_orangepeel2-png_9e8a720f-e7ff-4a34-b6a0-2bffdcda39e1_png.rf.95dff318b682904de6ca96be85957c91.jpg,train,78.02944827033951,0.9782873394944644,0.27183526549938847,0.4902810864499388,reduce
wc_Ly-project-dataset_original_orangepeel2-png_9e8a720f-e7ff-4a34-b6a0-2bffdcda39e1_png.rf.e5c5fa2b2f234a0475a117cb372f9f24.jpg,train,290.53685538116594,0.9632704394617791,0.22321292162032239,0.48257009800684836,reduce
wc_Ly-project-dataset_original_orangepeel2-png_b09659ca-b803-41fe-8a34-72129ed8a623_png.rf.811dd53778bb6f317cb6adf16240b1a9.jpg,train,190.5141736066624,0.948075713691912,0.24545455897436272,0.5034996929145081,reduce
wc_Ly-project-dataset_original_orangepeel2-png_b09659ca-b803-41fe-8a34-72129ed8a623_png.rf.84d327451567b37743e857c9b1359e97.jpg,train,56.00838805253043,0.9777785615606379,0.27324612055723446,0.5148080148205503,reduce
wc_Ly-project-dataset_original_orangepeel2-png_be163d54-89bb-4ad9-884a-75c29adb5cd7_png.rf.2703dfe9e0c74a249f40d0e28e98711e.jpg,train,27.503143017296605,0.9710757746693744,0.11040272999974093,0.6019797874134624,reduce
wc_Ly-project-dataset_original_orangepeel2-png_be163d54-89bb-4ad9-884a-75c29adb5cd7_png.rf.837045f6c81525922d01aaae669ec5a7.jpg,train,27.083980621396538,0.9730332441054942,0.11558204085339553,0.6035023141751115,reduce
wc_Ly-project-dataset_original_Orangepeel3-jpg_400eaeb9-fc7d-42c2-a7af-13214a49c355_jpg.rf.a7c6de31c1850054e3e83d329af161b5.jpg,train,13.296164317745037,0.9918569984867974,0.4628574409249144,0.7354465076552146,reduce
wc_Ly-project-dataset_original_Orangepeel3-jpg_4d9387dd-e2b0-4add-845c-486a56b8a007_jpg.rf.cc33ac8f2841df7d871f8df9f7e46ce3.jpg,train,316.24939942344645,0.9765810132198928,0.32370542321053153,0.6009898983596526,reduce
wc_Ly-project-dataset_original_Orangepeel3-jpg_4d9387dd-e2b0-4add-845c-486a56b8a007_jpg.rf.f33317b447d114333dc21afae60a2daf.jpg,train,33.662516015374756,0.9919656167279174,0.44814967155355495,0.6915900821647007,reduce
wc_Ly-project-dataset_original_Orangepeel3-jpg_85b11859-09e3-4d19-890f-8d0e9df17de5_jpg.rf.014b784f2580c205f961c280ec8a576d.jpg,train,39.05060858424087,0.9918594564365666,0.45315908730894683,0.6835915157724555,reduce
wc_Ly-project-dataset_original_Orangepeel3-jpg_85b11859-09e3-4d19-890f-8d0e9df17de5_jpg.rf.ae4d736d68e25f1b6ae2ab2ce6746ca7.jpg,train,335.2706398142216,0.9659697945941603,0.38146767130749054,0.6007858888248808,reduce
wc_Ly-project-dataset_original_Orangepeel3-jpg_85b11859-09e3-4d19-890f-8d0e9df17de5_jpg.rf.bb559ad13b9dc18eae31bb362a792084.jpg,train,269.0761931454196,0.9786416964893452,0.3456358277474625,0.6437617931910069,reduce
wc_Ly-project-dataset_original_Orangepeel3-jpg_8dff1beb-7474-41e1-b9b5-ed97033d5a82_jpg.rf.02b809c4458d8423b01b4c9bbdc345bd.jpg,train,58.169843049327355,0.9727271480656772,0.38229804859374245,0.6859488557068107,reduce
wc_Ly-project-dataset_original_Orangepeel3-jpg_8dff1beb-7474-41e1-b9b5-ed97033d5a82_jpg.rf.1741b0d51f5e6a8ba8e5c3744a785176.jpg,train,7.630645419602819,0.9918140754636404,0.49442783980388133,0.7735842337283433,reduce
wc_Ly-project-dataset_original_Orangepeel3-jpg_8dff1beb-7474-41e1-b9b5-ed97033d5a82_jpg.rf.ce090682580f1405351684e2351fefc2.jpg,train,57.31644378603459,0.975718325247943,0.3623905927271693,0.6892127419122044,reduce
wc_Ly-project-dataset_original_Orangepeel3-jpg_b0faa371-6c44-4b6c-ab46-68125f07c637_jpg.rf.591ce7b06abf9d6dc7079da81f9272fb.jpg,train,264.8191864189622,0.9795835592681972,0.32088860986828405,0.639050804658568,reduce
wc_Ly-project-dataset_original_Orangepeel3-jpg_b0faa371-6c44-4b6c-ab46-68125f07c637_jpg.rf.6c99e78ce9b7e6ef8fe7d9d8a77ce3da.jpg,train,42.222013132607294,0.9924170576084723,0.4211127897035793,0.6638283849799191,reduce
wc_Ly-project-dataset_original_Orangepeel3-jpg_b78ebfeb-91bd-4c51-ab24-927c366baeea_jpg.rf.8d3ff01e86ec3a9e1cd3a2f4c8066755.jpg,train,168.15590967328635,0.9798488587463381,0.3640443478112293,0.7077793852125538,reduce
wc_Ly-project-dataset_original_Orangepeel3-jpg_b78ebfeb-91bd-4c51-ab24-927c366baeea_jpg.rf.97d89b261e5b691ff538f6823930af3b.jpg,train,197.36895419602823,0.9765369673778888,0.35776525840379836,0.7158811610449624,reduce
wc_Ly-project-dataset_original_Orangepeel3-jpg_b78ebfeb-91bd-4c51-ab24-927c366baeea_jpg.rf.cbd9b1f157b66cb80cdc61de6204b213.jpg,train,179.70093289557974,0.9794667160903745,0.36850839399684987,0.6711051094871259,reduce
wc_Ly-project-dataset_original_Orangepeel3-jpg_c2f902d7-86b7-4d0a-9caf-2e804b9a4bd6_jpg.rf.320da67d9755960f707a4498ff4b2c12.jpg,train,197.58536194746955,0.9621115210551263,0.19707679160258829,0.4709687334593761,reduce
wc_Ly-project-dataset_original_Orangepeel3-jpg_c2f902d7-86b7-4d0a-9caf-2e804b9a4bd6_jpg.rf.3ef2652b8297cacf7f10f3f59d919a22.jpg,train,194.6246196348494,0.9825867485822785,0.17854422662087976,0.5739749258819651,reduce
wc_Ly-project-dataset_original_Orangepeel3-jpg_c2f902d7-86b7-4d0a-9caf-2e804b9a4bd6_jpg.rf.cf416912966ce3d68248d5b282045acd.jpg,train,32.495916079436256,0.9924444208914055,0.2196833594458808,0.5843616568360419,reduce
wc_Ly-project-dataset_original_Orangepeel3-jpg_d9a35bdc-1403-449d-8951-cac8914a2a5a_jpg.rf.7602876fbbc7ab9b893ab32d76eb4fd1.jpg,train,275.73674727738626,0.9806423693856287,0.29738758766748047,0.6236689428376669,reduce
wc_Ly-project-dataset_original_Orangepeel3-jpg_d9a35bdc-1403-449d-8951-cac8914a2a5a_jpg.rf.89728a4748c4831194c6a71a451685ad.jpg,train,41.62968449711723,0.9925809615958119,0.4131381431180203,0.6628297241926028,reduce
wc_Ly-project-dataset_original_Orangepeel3-jpg_d9a35bdc-1403-449d-8951-cac8914a2a5a_jpg.rf.cc6963925a0ef61d89bc7d07fb9311f2.jpg,train,340.2522621716847,0.9536490693427793,0.3761068460482154,0.5775702310437031,reduce
trashnet_glass1.jpg,train,54.40568946188341,0.9897757351354596,0.18592109487125694,0.8022397606569925,reuse
trashnet_glass10.jpg,train,21.019138372837922,0.994667188377933,0.1488886173798268,0.775366941546936,reuse
trashnet_glass100.jpg,train,328.78175048046126,0.9635947913423285,0.07974356958614943,0.5714314943060714,reuse
trashnet_glass101.jpg,train,124.88655108904545,0.9693522323971702,0.10430993266038048,0.5542761294178954,reuse
trashnet_glass102.jpg,train,35.228399263292765,0.9870935796580625,0.05025314716419976,0.6203994236896488,reuse
trashnet_glass103.jpg,train,67.62692184497118,0.9749467909097739,0.07312227058785338,0.596149249656329,reuse
trashnet_glass104.jpg,train,63.19338565022421,0.9685084536979222,0.057535174616592445,0.5356682065411494,reuse
trashnet_glass105.jpg,train,54.07505204996797,0.9893548903524538,0.0931717579228975,0.6388878364833463,reuse
trashnet_glass106.jpg,train,73.53485345932094,0.9601930258410771,0.05629003758253346,0.5337370855887019,reuse
trashnet_glass107.jpg,train,255.33346012171685,0.9762124512313886,0.0842159838809336,0.5366531437147077,reuse
trashnet_glass108.jpg,train,186.7196308456118,0.9501490207553265,0.10266167430967348,0.6359912347725247,reuse
trashnet_glass109.jpg,train,169.29878683536194,0.9688491838459972,0.10986705581697308,0.46113039278023343,reuse
trashnet_glass11.jpg,train,80.01449391415758,0.9850318249387586,0.15270033826366444,0.7296744791105166,reuse
trashnet_glass111.jpg,train,170.11128683536194,0.9513295330205166,0.07208055060012629,0.4723220808853121,reuse
trashnet_glass112.jpg,train,57.16569907110826,0.9854185203121397,0.0627975696373905,0.5771541569541807,reuse
trashnet_glass113.jpg,train,34.47873959000641,0.996326291547611,0.15679722207461674,0.7434004799340506,reuse
trashnet_glass114.jpg,train,69.40823190262651,0.9893506596419611,0.10554752137930909,0.6537526291076164,reuse
trashnet_glass115.jpg,train,35.47039157591287,0.984575733956653,0.06770634195428751,0.6806356098516989,reuse
trashnet_glass116.jpg,train,57.91087443946188,0.9731416669503977,0.05814089079096284,0.4707356127298538,reuse
trashnet_glass117.jpg,train,352.2807094811019,0.9539669338813924,0.08653799420616676,0.5189898283843035,reuse
trashnet_glass118.jpg,train,138.90072469570782,0.9890640607220713,0.08565857358735293,0.6663260717968364,reuse
trashnet_glass119.jpg,train,77.84016655989751,0.992879529968933,0.06620546680629542,0.5499928532886962,reuse
trashnet_glass12.jpg,train,7.727218129404228,0.9753479344371956,0.094510342298071,0.6924200007897658,reuse
trashnet_glass120.jpg,train,31.047765855221012,0.9960887675539416,0.09589549385053929,0.7245014579586361,reuse
trashnet_glass121.jpg,train,117.351717648943,0.9857180501693854,0.08533544629577262,0.6183306005675655,reuse
trashnet_glass122.jpg,train,421.54176008968614,0.9560216388275311,0.046774148843396535,0.44226695950099015,reuse
trashnet_glass123.jpg,train,147.17430733504165,0.9468885920799631,0.04097214650381081,0.42385112949554,reuse
trashnet_glass125.jpg,train,120.11857383087764,0.9829555170970579,0.09720538542107177,0.6747081343224373,reuse
trashnet_glass126.jpg,train,84.13194666880204,0.9711371756365944,0.06527453824223282,0.5710351107125173,reuse
trashnet_glass127.jpg,train,31.804972773862907,0.9895591769033523,0.06821533778794348,0.6976020295635923,reuse
trashnet_glass128.jpg,train,146.42915198590646,0.9675483616360875,0.06356926848254392,0.5791295854247295,reuse
trashnet_glass13.jpg,train,6.249459481101858,0.975326217335287,0.0963366643205564,0.6995649561368381,reuse
trashnet_glass130.jpg,train,60.11422966047405,0.9924421390677248,0.11031049235075385,0.7374248894491031,reuse
trashnet_glass131.jpg,train,87.66882206918642,0.9768887245081708,0.11416861115576131,0.6405660856104727,reuse
trashnet_glass133.jpg,train,56.46901024983983,0.9929602846746284,0.09288285158983661,0.665327865533293,reuse
trashnet_glass134.jpg,train,257.3145819987188,0.950963302846964,0.14238197976857356,0.6186481966792838,reuse
trashnet_glass135.jpg,train,144.0486467008328,0.9685430133078476,0.1015604045108621,0.6086013201193623,reuse
trashnet_glass136.jpg,train,42.930333119795,0.9875305831197788,0.07952157845805673,0.6524793695633798,reuse
trashnet_glass137.jpg,train,70.4195827994875,0.9636558928191554,0.06581770271011692,0.4838912390279906,reuse
trashnet_glass138.jpg,train,113.8671925048046,0.9566360107045787,0.06105285473126626,0.4869115999338953,reuse
trashnet_glass14.jpg,train,7.036234785393979,0.9880227384174889,0.07886605854070412,0.6653854051387378,reuse
trashnet_glass140.jpg,train,31.465867232543243,0.9919787588869772,0.08034135634723763,0.7076715792662013,reuse
trashnet_glass141.jpg,train,89.23692745035235,0.9903019864216261,0.05754286938886908,0.5347623297211698,reuse
trashnet_glass142.jpg,train,98.70377562459961,0.9914507140225737,0.072207651735596,0.5139260998988537,reuse
trashnet_glass143.jpg,train,31.08241912235746,0.9974300608376409,0.08594331969905425,0.6862090730657674,reuse
trashnet_glass144.jpg,train,100.42596893017296,0.9719149215763774,0.08255104175372754,0.5838545050590672,reuse
trashnet_glass145.jpg,train,140.1703835682255,0.9821596146983488,0.08918127609678345,0.6086790339834202,reuse
trashnet_glass146.jpg,train,120.64137572069185,0.9815026807759618,0.09970849544072397,0.6326945654810788,reuse
trashnet_glass147.jpg,train,16.29660474055093,0.9897426078435566,0.058315536638145815,0.5812844460652311,reuse
trashnet_glass148.jpg,train,148.32617312620116,0.9693586446003278,0.04977021096011954,0.5044974192089923,reuse
trashnet_glass149.jpg,train,37.676049007046764,0.9843027542746184,0.06570260527330357,0.6169603843757431,reuse
trashnet_glass15.jpg,train,10.754784593209482,0.9775280603718506,0.07658969956530423,0.6149478465436342,reuse
trashnet_glass150.jpg,train,147.53863709160797,0.9306972753243521,0.04604490962955779,0.4113613973081069,reuse
trashnet_glass151.jpg,train,136.6010369955157,0.9834550739003998,0.07870467450368852,0.618706568178041,reuse
trashnet_glass152.jpg,train,110.5863829276105,0.9878511547014263,0.10023610583068772,0.6693636186357069,reuse
trashnet_glass153.jpg,train,171.69252482383087,0.9616537699190042,0.09328763013936824,0.5691283925859612,reuse
trashnet_glass154.jpg,train,194.43852098014094,0.9764944847318328,0.07543062595934091,0.5541226912979863,reuse
trashnet_glass16.jpg,train,11.153086963484945,0.9729573784672609,0.0743604350086945,0.6005373449879632,reuse
trashnet_glass160.jpg,train,97.17783071748879,0.9609960285049607,0.0770977907275496,0.564993015559472,reuse
trashnet_glass162.jpg,train,90.00398382447146,0.992980544618097,0.06978475437242268,0.5985479685826186,reuse
trashnet_glass164.jpg,train,184.7640134529148,0.9757163527923636,0.11755667842941592,0.6819037263193541,reuse
trashnet_glass165.jpg,train,155.71905028827675,0.9431702983022198,0.03061723981019998,0.3620265988926057,reuse
trashnet_glass166.jpg,train,82.23444506726457,0.9800895957800344,0.07738966253535126,0.6890249835323335,reuse
trashnet_glass167.jpg,train,67.2499199231262,0.9953154459523692,0.07327577897232986,0.5757762073963285,reuse
trashnet_glass168.jpg,train,106.93627882767454,0.9692584265356311,0.11672426477500981,0.6016225578400995,reuse
trashnet_glass169.jpg,train,40.73878923766816,0.9648683614158414,0.07334152359046964,0.5903117747232586,reuse
trashnet_glass170.jpg,train,22.70059256886611,0.982385967397668,0.08076068215165257,0.6553199489771069,reuse
trashnet_glass172.jpg,train,71.99667680973735,0.962597889173049,0.0910321686319037,0.6557994959687528,reuse
trashnet_glass174.jpg,train,75.11935458039717,0.974692805566486,0.03536488574353949,0.36893347244225827,reuse
trashnet_glass176.jpg,train,36.95187379884689,0.9858419040510463,0.0324616241488142,0.3756299962292827,reuse
trashnet_glass177.jpg,train,141.24551569506727,0.9642899873348522,0.048771319437917154,0.5191748616611269,reuse
trashnet_glass178.jpg,train,6.300888853299166,0.966453584219623,0.09676487574380396,0.6210213056650397,reuse
trashnet_glass180.jpg,train,12.99111146700833,0.9724688509300873,0.07966422042648653,0.6131938319281283,reuse
trashnet_glass181.jpg,train,94.78723574631645,0.9433159738422362,0.04751195956063341,0.5452042460228246,reuse
trashnet_glass182.jpg,train,41.72541639974375,0.9896877708850679,0.06537530732851125,0.6685487775400812,reuse
trashnet_glass184.jpg,train,76.74861867392698,0.9834245532748914,0.04764229530262338,0.47410489496623875,reuse
trashnet_glass185.jpg,train,265.0136130685458,0.9531930095573052,0.04797004523390911,0.4557650179654268,reuse
trashnet_glass186.jpg,train,327.6488829276105,0.9667994963521581,0.05163918885537711,0.5236699745023933,reuse
trashnet_glass187.jpg,train,9.606622357463166,0.9766651168517774,0.07996251994597155,0.6287282477285118,reuse
trashnet_glass188.jpg,train,3.8006085842408717,0.9919039705640883,0.08213982668703373,0.660615016378558,reuse
trashnet_glass189.jpg,train,35.25880845611786,0.9819489342858007,0.05550432020624905,0.5824265725085859,reuse
trashnet_glass19.jpg,train,63.53090967328635,0.9924816787855639,0.0866184898853047,0.6537583401426075,reuse
trashnet_glass190.jpg,train,181.62836322869956,0.9791726629130633,0.061470834967509165,0.5319122670147454,reuse
trashnet_glass192.jpg,train,45.11601137091608,0.9907978844022296,0.029832471140684623,0.3863632413087318,reuse
trashnet_glass193.jpg,train,66.97907991672004,0.9470197056231101,0.08320703797653428,0.6632088427150304,reuse
trashnet_glass194.jpg,train,36.200912876361315,0.9672621783061992,0.0841371944237718,0.6748172672659707,reuse
trashnet_glass195.jpg,train,141.58309977578475,0.9691195218168305,0.04402500152426877,0.4550701496453423,reuse
trashnet_glass196.jpg,train,3.211322869955157,0.9909017085332904,0.10470723861850992,0.711105071453237,reuse
trashnet_glass197.jpg,train,180.45267456758484,0.9679738603433237,0.10648358915505032,0.6715789363733184,reuse
trashnet_glass199.jpg,train,146.64628042921206,0.9824743733174395,0.04122037534072945,0.42491501787840497,reuse
trashnet_glass2.jpg,train,25.485265855221016,0.9560668269501379,0.06025183980588536,0.5495058218516072,reuse
trashnet_glass20.jpg,train,91.90376761691222,0.9878021754358232,0.08342155936596993,0.5906422713567082,reuse
trashnet_glass200.jpg,train,237.400064061499,0.9251151381284138,0.026426126646468782,0.3068009102483023,reuse
trashnet_glass202.jpg,train,103.05144939141579,0.9480999670357134,0.08421578995860231,0.5008813850815514,reuse
trashnet_glass203.jpg,train,6.7798086162716205,0.9754299030945849,0.12647633962783358,0.7921063144694804,reuse
trashnet_glass204.jpg,train,19.712584080717487,0.9478906418784885,0.13416270533955155,0.7857450508516659,reuse
trashnet_glass205.jpg,train,24.414157591287633,0.9228960795212388,0.12291284557226108,0.7380812804874377,reuse
trashnet_glass206.jpg,train,18.643497757847534,0.9573199745188967,0.09882542492334588,0.7247650222931917,reuse
trashnet_glass207.jpg,train,104.20201393337604,0.8822730921648343,0.11203544688865735,0.7680810369800444,reuse
trashnet_glass209.jpg,train,8.358604260089686,0.9879362619142105,0.11316815584569273,0.7785388955265932,reuse
trashnet_glass21.jpg,train,543.5968729980782,0.910079072452641,0.05052229856911454,0.3187026399924605,reuse
trashnet_glass210.jpg,train,7.679592408712363,0.9694614307731504,0.11886748073374397,0.7832040762961142,reuse
trashnet_glass211.jpg,train,8.581217969250481,0.9521295415863414,0.1281543204163259,0.7891566688295616,reuse
trashnet_glass212.jpg,train,5.868914157591288,0.9632008470713106,0.15857070912584786,0.8073904818282818,reuse
trashnet_glass213.jpg,train,3.911475016015374,0.9866131218706394,0.12197416228671124,0.843688208721972,reuse
trashnet_glass214.jpg,train,12.806454196028188,0.9608367218905439,0.1077723678481876,0.7762233991407156,reuse
trashnet_glass215.jpg,train,64.17811098654708,0.9659703234994544,0.1427111504311319,0.8012341336419914,reuse
trashnet_glass216.jpg,train,44.26563500960922,0.9758840435070584,0.12753878783545042,0.7767858226774682,reuse
trashnet_glass217.jpg,train,183.27884769378602,0.9630655520221234,0.12065660684579514,0.7603133139170087,reuse
trashnet_glass218.jpg,train,186.56820547725815,0.9525436953046457,0.06289716668474665,0.6408607459634229,reuse
trashnet_glass219.jpg,train,328.753963805253,0.9317664282353693,0.06334696322831275,0.5460727669244789,reuse
trashnet_glass22.jpg,train,110.98056133888532,0.9847513365746121,0.09843649718661478,0.6628739327968136,reuse
trashnet_glass220.jpg,train,24.892837123638696,0.9403030404128385,0.13123751382240653,0.7992094420524712,reuse
trashnet_glass221.jpg,train,14.71110265855221,0.9589374328022952,0.14405622336476012,0.8060997084545691,reuse
trashnet_glass222.jpg,train,35.217829115951325,0.9738721998679909,0.15455379706799874,0.8025641895098103,reuse
trashnet_glass223.jpg,train,16.686959481101855,0.9764841720736703,0.15035628829937328,0.8169670167510029,reuse
trashnet_glass224.jpg,train,25.789317745035234,0.9460775360151228,0.14802740984290746,0.7926676165133184,reuse
trashnet_glass225.jpg,train,18.752742632927614,0.970879277825428,0.1510472790619565,0.7878879691936839,reuse
trashnet_glass226.jpg,train,55.398242312620106,0.9799812882280399,0.08688357989551614,0.6103095464066921,reuse
trashnet_glass227.jpg,train,32.96909032671364,0.989765676713336,0.146418168066555,0.7631404710312477,reuse
trashnet_glass228.jpg,train,21.0935898462524,0.9889560612165147,0.16499083764597391,0.8001827078355378,reuse
trashnet_glass229.jpg,train,68.3334401024984,0.9896579727396816,0.13192334743446552,0.7725941910978532,reuse
trashnet_glass23.jpg,train,251.57162876361306,0.956413313885974,0.09874278849500717,0.48522774523556117,reuse
trashnet_glass231.jpg,train,74.24995996156309,0.9893235593852342,0.110744783890111,0.6780547906874664,reuse
trashnet_glass233.jpg,train,13.8611867392697,0.9759531079688778,0.145843649528644,0.7884995119111327,reuse
trashnet_glass234.jpg,train,15.679312139654067,0.9750826282816123,0.11053565284752112,0.7222394260783367,reuse
trashnet_glass235.jpg,train,20.366672005124922,0.9769471107288726,0.10312790747330713,0.6998080743718361,reuse
trashnet_glass236.jpg,train,50.97677770659833,0.9784997001377932,0.17310084597943012,0.8180320044580242,reuse
trashnet_glass238.jpg,train,43.81312059577195,0.9896394151940684,0.17457656402764105,0.7938426458905966,reuse
trashnet_glass24.jpg,train,30.012752242152466,0.9908819019970025,0.06307443246562373,0.7112286494884691,reuse
trashnet_glass240.jpg,train,83.02886771300449,0.9787749176052251,0.16099823769908297,0.7703409313212295,reuse
trashnet_glass242.jpg,train,13.254304131966686,0.9945418675830264,0.2092721652055177,0.8278056335996541,reuse
trashnet_glass243.jpg,train,40.40406790518898,0.9938877895320787,0.0888899986906596,0.6326575767598656,reuse
trashnet_glass244.jpg,train,49.00502482383087,0.9925411260331252,0.1269830853739872,0.7354164511470459,reuse
trashnet_glass247.jpg,train,49.068405669442654,0.9914137949426375,0.1168185560919474,0.7306110268445415,reuse
trashnet_glass249.jpg,train,57.809336963484945,0.9560723285665294,0.09853363027304735,0.677031389154956,reuse
trashnet_glass25.jpg,train,86.78249119154388,0.959824090094117,0.10267308053588707,0.5374759741867625,reuse
trashnet_glass250.jpg,train,51.76549487508007,0.992185056163748,0.14230952243646502,0.7541062967918561,reuse
trashnet_glass251.jpg,train,95.3193065342729,0.9800876596804623,0.06504981890699996,0.5838491453084892,reuse
trashnet_glass252.jpg,train,110.0411995515695,0.9779582523775797,0.2104277078870345,0.7962177358032232,reuse
trashnet_glass253.jpg,train,193.89694106342085,0.924184489507911,0.14935329304106135,0.7064139031048157,reuse
trashnet_glass254.jpg,train,64.1631366111467,0.9731598541579297,0.13979219275754956,0.6951577446158907,reuse
trashnet_glass255.jpg,train,226.65004404228063,0.9280075466897192,0.06631566527255646,0.5775133113013672,reuse
trashnet_glass256.jpg,train,33.682415118513774,0.9953582983033943,0.20558210508993136,0.7961867036372661,reuse
trashnet_glass257.jpg,train,11.709841447789879,0.9939035353512795,0.07201292713899443,0.638692707007927,reuse
trashnet_glass26.jpg,train,205.9939541960282,0.9660563882654231,0.16680400181600913,0.6826694620083549,reuse
trashnet_glass260.jpg,train,130.32941623959002,0.9903129582791188,0.13700501969647794,0.6554039191609626,reuse
trashnet_glass261.jpg,train,55.01315262652145,0.9886677043275023,0.1257073901750004,0.6732109198895236,reuse
trashnet_glass262.jpg,train,14.94646860986547,0.994259088868466,0.12646734012038616,0.7405084328998199,reuse
trashnet_glass263.jpg,train,66.77984865470853,0.9579614067360578,0.10684141635757788,0.7072446216924455,reuse
trashnet_glass264.jpg,train,88.98624679692504,0.9556148453054624,0.09434246211331168,0.6514663626541576,reuse
trashnet_glass267.jpg,train,74.14093529788597,0.9864899573539735,0.13960717873169382,0.6344054332839149,reuse
trashnet_glass268.jpg,train,115.32154868673928,0.9797287723386271,0.16953956690445798,0.6158336309760627,reuse
trashnet_glass27.jpg,train,401.513312780269,0.9595490576420506,0.10358955564579397,0.5530294909188621,reuse
trashnet_glass270.jpg,train,32.343770019218454,0.9505128777229555,0.14229123581045622,0.7262123193995887,reuse
trashnet_glass271.jpg,train,114.3806053811659,0.9800779425055846,0.16404528594925313,0.691368281074522,reuse
trashnet_glass272.jpg,train,161.95381566303652,0.9690166438757352,0.0962872412246364,0.6646603129063247,reuse
trashnet_glass273.jpg,train,101.87664157591288,0.9830327937236095,0.08406014999274256,0.6037325146891385,reuse
trashnet_glass274.jpg,train,94.03135009609224,0.973395908826679,0.08278992990928212,0.6540534669416493,reuse
trashnet_glass275.jpg,train,73.71142296604741,0.9739233101273637,0.13018748418953116,0.7072628209478473,reuse
trashnet_glass276.jpg,train,56.044462684176814,0.9741415049461893,0.06809489557258427,0.6532929285690827,reuse
trashnet_glass277.jpg,train,57.40590967328636,0.9940909518002962,0.10465413169946382,0.7316264402347046,reuse
trashnet_glass278.jpg,train,441.1079636450993,0.9641970327305465,0.10799798375288662,0.2828030969239912,reuse
trashnet_glass279.jpg,train,29.56346092248559,0.9816328101563591,0.05750148590161678,0.6327597882245024,reuse
trashnet_glass28.jpg,train,258.7031950672646,0.9627908781407799,0.0989454383025959,0.6065420127634251,reuse
trashnet_glass280.jpg,train,129.70473654708522,0.9364143107377111,0.04565978674495316,0.3451278032670693,reuse
trashnet_glass281.jpg,train,20.95904067905189,0.9878841544309195,0.07545843614571116,0.7257753715024206,reuse
trashnet_glass283.jpg,train,119.20886050608586,0.976156637702963,0.17387246554971386,0.6225258201331293,reuse
trashnet_glass284.jpg,train,36.58462123638693,0.9862738521115378,0.09814770720356589,0.7016062151521868,reuse
trashnet_glass285.jpg,train,47.70773942985266,0.9941565076296742,0.0749910570790178,0.6884852699180586,reuse
trashnet_glass286.jpg,train,160.8681934657271,0.9504649202633799,0.06159031391564898,0.5289469209804538,reuse
trashnet_glass287.jpg,train,15.371256406149904,0.9924085452143834,0.05587235475144869,0.6081313390786025,reuse
trashnet_glass29.jpg,train,46.66555893657911,0.984668191169887,0.08774525528856275,0.6408565352899476,reuse
trashnet_glass290.jpg,train,50.55541319666881,0.995261747604437,0.07864898710462954,0.5739642300966464,reuse
trashnet_glass291.jpg,train,143.49309336963483,0.9868758284593245,0.09567532282302875,0.5763849309934408,reuse
trashnet_glass292.jpg,train,57.879003843689944,0.9933447691937218,0.11354712581759983,0.6546586078986731,reuse
trashnet_glass293.jpg,train,162.92779067905187,0.9583940190834558,0.049525863312738436,0.5051645735333535,reuse
trashnet_glass294.jpg,train,62.14882286995515,0.9942111095279569,0.08511764652170645,0.6573471538887312,reuse
trashnet_glass295.jpg,train,130.51053010890456,0.9385342086605049,0.08377385872822374,0.5686519748528609,reuse
trashnet_glass296.jpg,train,93.01357303010892,0.9751096935538828,0.11013670505786653,0.5050333749707864,reuse
trashnet_glass297.jpg,train,135.40460842408714,0.9398768948800617,0.0810752803771117,0.5473561967680005,reuse
trashnet_glass298.jpg,train,44.45479660474055,0.9932422673783463,0.06341027954829362,0.6532563527242061,reuse
trashnet_glass3.jpg,train,10.940162556053814,0.9807365422347496,0.0709868331908909,0.631164090686777,reuse
trashnet_glass30.jpg,train,54.07879564381806,0.990634821865603,0.12167954184581654,0.6764271948438886,reuse
trashnet_glass300.jpg,train,48.934256886611145,0.9929089306560918,0.12409337131593476,0.6825208861389827,reuse
trashnet_glass301.jpg,train,240.2158872517617,0.9814008205085348,0.07410351337232499,0.5692865351568291,reuse
trashnet_glass302.jpg,train,240.33670323510574,0.9299686302520256,0.06317285077860035,0.4542685106293936,reuse
trashnet_glass305.jpg,train,64.68553811659193,0.9689653485787335,0.0477458947591423,0.5521883318811444,reuse
trashnet_glass308.jpg,train,341.69378603459324,0.9258628327156854,0.07779765017553847,0.4577595077400626,reuse
trashnet_glass309.jpg,train,235.30477258167838,0.9448155771823228,0.08625594421259343,0.4787253508122413,reuse
trashnet_glass31.jpg,train,142.08161835361946,0.9470055988758654,0.06533880969870476,0.4262119641068033,reuse
trashnet_glass310.jpg,train,42.28949791800128,0.9829466093303612,0.06310392041112065,0.605054063113605,reuse
trashnet_glass311.jpg,train,101.66593930172967,0.9886928369255272,0.08225939247638235,0.6795319928188132,reuse
trashnet_glass312.jpg,train,24.347453555413196,0.988664191341119,0.050308592706540194,0.5445941569281358,reuse
trashnet_glass315.jpg,train,112.9297725816784,0.9840503601074667,0.11496537535814072,0.6497324909406271,reuse
trashnet_glass316.jpg,train,232.14606021780907,0.9783818226515842,0.08814135536370991,0.5478070109595867,reuse
trashnet_glass317.jpg,train,101.11436979500321,0.9871863509958497,0.07521219172641466,0.7138255560667534,reuse
trashnet_glass318.jpg,train,139.779248078155,0.9634932434232619,0.04915673943948695,0.42385784467685866,reuse
trashnet_glass319.jpg,train,97.48987027546444,0.990138230463953,0.08020777882242185,0.5829645715747828,reuse
trashnet_glass320.jpg,train,72.4299727738629,0.9910465533514178,0.05541483658593168,0.6580435617985784,reuse
trashnet_glass321.jpg,train,138.37195707879567,0.9838055849649826,0.08200052223934869,0.6587294882537055,reuse
trashnet_glass322.jpg,train,75.8128203074952,0.994566514955479,0.0956091046358495,0.6347780144803705,reuse
trashnet_glass323.jpg,train,156.99089125560536,0.9819835405542844,0.06528479541753104,0.6069331047095277,reuse
trashnet_glass324.jpg,train,120.09977578475335,0.9587478990662632,0.056687947602213164,0.397370189516471,reuse
trashnet_glass327.jpg,train,24.64846252402306,0.9859350003517101,0.06519529201499963,0.6426843869111223,reuse
trashnet_glass328.jpg,train,81.5689862267777,0.9748039478754037,0.1170379190479282,0.5695082990007755,reuse
trashnet_glass329.jpg,train,147.10041639974378,0.9784450333162347,0.10222482480193168,0.6511531076127752,reuse
trashnet_glass33.jpg,train,108.47211322869954,0.9904674434623978,0.11495220275877291,0.6508880390156252,reuse
trashnet_glass331.jpg,train,84.03333199871878,0.9664491257254201,0.07514156109959878,0.564520069308763,reuse
trashnet_glass332.jpg,train,155.30180973734787,0.9790278028988536,0.1729887586909457,0.6221404815909368,reuse
trashnet_glass334.jpg,train,146.82048766816143,0.9856506694827488,0.06799455269992076,0.5691762068001056,reuse
trashnet_glass335.jpg,train,270.3210281870596,0.9616980585268943,0.08895688560122512,0.5781368655385821,reuse
trashnet_glass336.jpg,train,211.56328074951955,0.9570976349010382,0.07180451346251411,0.527754569577214,reuse
trashnet_glass339.jpg,train,31.11284833440102,0.9904846074826059,0.06789872462626258,0.6756677467054295,reuse
trashnet_glass34.jpg,train,177.16145499679692,0.9422367151791814,0.06365099881000347,0.4120449690855276,reuse
trashnet_glass340.jpg,train,222.696848975016,0.9742551187858447,0.07173525406041131,0.5240473057346795,reuse
trashnet_glass342.jpg,train,53.460241832158864,0.9965807810370838,0.08485815874320018,0.5995336680659193,reuse
trashnet_glass343.jpg,train,86.44933135810376,0.989627378948225,0.10089828297656733,0.6210961523155616,reuse
trashnet_glass344.jpg,train,27.52152065983344,0.9895777039143931,0.08236147947885612,0.7209681861370925,reuse
trashnet_glass345.jpg,train,101.88763212684177,0.9887298753740282,0.0821697582220894,0.642138614145521,reuse
trashnet_glass346.jpg,train,67.51893818065342,0.9774024794283458,0.08520786253699325,0.5876570105217964,reuse
trashnet_glass347.jpg,train,59.94288516976296,0.9677077331357693,0.0836725585489824,0.6377414474661284,reuse
trashnet_glass348.jpg,train,222.58482142857144,0.961569313279515,0.08001232709475098,0.6265239073307365,reuse
trashnet_glass35.jpg,train,209.2950432415118,0.9255439003479612,0.05075710680059531,0.3426654493831641,reuse
trashnet_glass350.jpg,train,16.05064862267777,0.9930499108403706,0.10228790722328772,0.7184168661314709,reuse
trashnet_glass351.jpg,train,37.742152466367706,0.9841694395060093,0.057414099395281665,0.5883441199646725,reuse
trashnet_glass355.jpg,train,47.664437860345934,0.994038761383134,0.10696365272342022,0.657800178226265,reuse
trashnet_glass356.jpg,train,302.04159993593856,0.919101344978543,0.05153999985770067,0.42836655888955644,reuse
trashnet_glass357.jpg,train,53.200292280589366,0.9836326780297129,0.046669946580131697,0.5024382655273,reuse
trashnet_glass358.jpg,train,79.47017136450994,0.9927265853402958,0.07764464134369753,0.6107068930209978,reuse
trashnet_glass359.jpg,train,237.7663557014734,0.8888499602865776,0.019596913046484733,0.20160804957802714,reuse
trashnet_glass36.jpg,train,63.122217328635486,0.9933724409628985,0.10368505401393945,0.677001165010569,reuse
trashnet_glass360.jpg,train,81.43213484945548,0.9904284287796685,0.097488811934905,0.6709616927270895,reuse
trashnet_glass361.jpg,train,124.3668321588725,0.9887802639584279,0.07228674637720982,0.5659758950024392,reuse
trashnet_glass362.jpg,train,81.4654067905189,0.9733988263938005,0.056667337327953246,0.5966359706393307,reuse
trashnet_glass365.jpg,train,78.54574391415758,0.9920248945174291,0.09707945406534423,0.6413439935944795,reuse
trashnet_glass366.jpg,train,82.84587203715567,0.9814275158123329,0.15362719803374836,0.6838278590193423,reuse
trashnet_glass367.jpg,train,157.34787395900065,0.9789973514695259,0.09910666293822433,0.672196818440775,reuse
trashnet_glass368.jpg,train,85.60660233824474,0.9925585556089571,0.08952720617166064,0.6597769948802694,reuse
trashnet_glass369.jpg,train,37.02528427290198,0.9905767003839153,0.09084234514509373,0.6429471463740242,reuse
trashnet_glass370.jpg,train,139.7137251761691,0.9831653332784661,0.10189131742195907,0.6787934405573121,reuse
trashnet_glass371.jpg,train,153.77298206278027,0.978962506636945,0.07392804641499465,0.599966466716778,reuse
trashnet_glass372.jpg,train,106.35115711082639,0.9675297989595163,0.055343772991746434,0.6034107203312318,reuse
trashnet_glass373.jpg,train,70.33540198590647,0.9913620713293696,0.10862988351167459,0.6855738768820305,reuse
trashnet_glass374.jpg,train,78.71346492632927,0.9903961673272873,0.06735280177598724,0.6396515391414267,reuse
trashnet_glass375.jpg,train,325.99379404228057,0.9515972421615382,0.09136015504215131,0.585822521722456,reuse
trashnet_glass376.jpg,train,120.50210201793722,0.9744797046432062,0.05821395448392128,0.5459478740440222,reuse
trashnet_glass377.jpg,train,140.9972173286355,0.9709901392483159,0.11890581595769097,0.5437712902946207,reuse
trashnet_glass378.jpg,train,129.40709080717488,0.9876990078163791,0.09187484812070575,0.6193132369677915,reuse
trashnet_glass379.jpg,train,131.14584000640613,0.9891789446720264,0.057053113069698715,0.48255038758082325,reuse
trashnet_glass38.jpg,train,103.86232783472133,0.9813828200972744,0.19007956324620784,0.6128493457146355,reuse
trashnet_glass380.jpg,train,22.008548206278025,0.9796528376812916,0.06840624945268085,0.6523328895048842,reuse
trashnet_glass382.jpg,train,169.5292280589366,0.9810610495101063,0.16000797888554305,0.6324048470012726,reuse
trashnet_glass383.jpg,train,299.9222453555413,0.9126446150245167,0.0694608853778731,0.40488040982189727,reuse
trashnet_glass384.jpg,train,118.27870755925689,0.9829326300386867,0.06992999560571793,0.6938073807052566,reuse
trashnet_glass385.jpg,train,219.3972413516977,0.9635308082070129,0.1088678681955038,0.5291689223989288,reuse
trashnet_glass386.jpg,train,74.36547085201795,0.983226687802183,0.14987566483919612,0.6282823020445898,reuse
trashnet_glass387.jpg,train,216.8477738629084,0.9367328839450686,0.06899013494594053,0.4773158748185151,reuse
trashnet_glass388.jpg,train,64.01655589365792,0.9760364781822257,0.06691544075697378,0.5659549090378795,reuse
trashnet_glass389.jpg,train,105.97049167200514,0.957440548289818,0.05148329023367701,0.5294193625426803,reuse
trashnet_glass39.jpg,train,127.6384929532351,0.9537295577309148,0.05909757038250545,0.4599221197294683,reuse
trashnet_glass390.jpg,train,48.48186258808456,0.9955309189232062,0.06843516316335183,0.6523901860774168,reuse
trashnet_glass391.jpg,train,142.94811018577838,0.9907868241423177,0.10924689917783274,0.5878613665186155,reuse
trashnet_glass392.jpg,train,144.00480461242793,0.9403322048862555,0.06077245358881028,0.5241255435993359,reuse
trashnet_glass396.jpg,train,84.60301889814221,0.9828417548826978,0.10462883887054757,0.5262552096325659,reuse
trashnet_glass397.jpg,train,177.02238148622678,0.9805529016116303,0.094044894481007,0.6460746484421649,reuse
trashnet_glass398.jpg,train,128.35311899423448,0.9602204794990409,0.07897941838520722,0.5859872246077216,reuse
trashnet_glass399.jpg,train,69.0798566623959,0.9723399705011437,0.05064330108420872,0.5399314354450849,reuse
trashnet_glass4.jpg,train,10.889974375400381,0.9756916591943146,0.07603125222554444,0.6079094108029922,reuse
trashnet_glass40.jpg,train,220.45459641255604,0.9770621368941677,0.06870093814867242,0.5232362953476656,reuse
trashnet_glass400.jpg,train,134.0847213324792,0.971132928981256,0.06974224516328198,0.5250395806854287,reuse
trashnet_glass401.jpg,train,192.77011931454197,0.9821590015368475,0.03547065719880692,0.4289683429670835,reuse
trashnet_glass402.jpg,train,145.32541239590006,0.9659616992545321,0.06837129213600773,0.5160304632858062,reuse
trashnet_glass403.jpg,train,53.76223174247278,0.9694006529747975,0.05956511307246685,0.6077767700666655,reuse
trashnet_glass404.jpg,train,15.615631005765536,0.9936266170750219,0.06120510593416152,0.6693052443365035,reuse
trashnet_glass405.jpg,train,135.33616271620755,0.9844880536117744,0.10685191976131715,0.5802964505350029,reuse
trashnet_glass407.jpg,train,32.00578555413196,0.9893659582717124,0.07080532958382862,0.6190327043903318,reuse
trashnet_glass408.jpg,train,197.49239269698907,0.9657194861735234,0.06433431028827982,0.5984676903200188,reuse
trashnet_glass409.jpg,train,291.73948991031386,0.9166756046230776,0.12524603689215527,0.5568479004294725,reuse
trashnet_glass41.jpg,train,78.09589205637414,0.9599405260814267,0.09112255770699203,0.5754747402667164,reuse
trashnet_glass410.jpg,train,77.02816704035874,0.9794237974889899,0.13214378422036738,0.6182089040576059,reuse
trashnet_glass411.jpg,train,100.87303811659191,0.9887395198132443,0.07101569510852902,0.623758719386678,reuse
trashnet_glass414.jpg,train,231.04109945547722,0.9295930585318675,0.06417027370321475,0.48798836166134213,reuse
trashnet_glass415.jpg,train,148.51199151185136,0.9662998220755362,0.0679359131835767,0.6894186318094356,reuse
trashnet_glass416.jpg,train,61.37990470852018,0.9798954516626135,0.17757144490911614,0.6220672174694613,reuse
trashnet_glass417.jpg,train,198.5179172005125,0.975809931671704,0.11329290495456838,0.6043422476600704,reuse
trashnet_glass418.jpg,train,80.55381165919282,0.9726621717344173,0.0615827246416178,0.5754901446076607,reuse
trashnet_glass42.jpg,train,335.3057735426009,0.9018830872282309,0.030345222850663767,0.2848419984475952,reuse
trashnet_glass420.jpg,train,85.98444506726457,0.9740347680766129,0.0563669971661309,0.4075122952338509,reuse
trashnet_glass422.jpg,train,62.76185137732223,0.9855148060365727,0.09526822251533627,0.7464657984313426,reuse
trashnet_glass424.jpg,train,89.2281390134529,0.9517132000153334,0.12171788123397324,0.6522779985458622,reuse
trashnet_glass425.jpg,train,198.92214525944908,0.9327901775650304,0.06642954969307087,0.4900076171291192,reuse
trashnet_glass429.jpg,train,84.43896140294682,0.9892152931510664,0.12154949197632994,0.6679862847293602,reuse
trashnet_glass431.jpg,train,14.279328155028827,0.9933582083500848,0.051200792030268845,0.5982221923597851,reuse
trashnet_glass432.jpg,train,218.25294282511214,0.9618095907687205,0.09882562363401708,0.5917710829181599,reuse
trashnet_glass433.jpg,train,297.42160474055095,0.9520253701619885,0.06775590029029151,0.5443730324891235,reuse
trashnet_glass434.jpg,train,83.1137692184497,0.9900738863612567,0.100122018783556,0.6388326863625061,reuse
trashnet_glass435.jpg,train,186.10682254964763,0.9147329112417915,0.05755945518459366,0.5210035785761088,reuse
trashnet_glass436.jpg,train,108.06576313260727,0.9757288938602394,0.1122920720139918,0.5550916108470367,reuse
trashnet_glass437.jpg,train,98.66225576553492,0.9868057640443926,0.10450574395596254,0.7052508879322147,reuse
trashnet_glass438.jpg,train,170.45932094811022,0.9255738651730484,0.07084376575110739,0.616067254012928,reuse
trashnet_glass439.jpg,train,36.529828635490055,0.9894865760434306,0.05128939199250551,0.5708852268911525,reuse
trashnet_glass44.jpg,train,125.0559336963485,0.9676721301700608,0.049950473432899066,0.5709895678972101,reuse
trashnet_glass440.jpg,train,43.22705797565663,0.9862219603279271,0.08413658591241178,0.5368116899889213,reuse
trashnet_glass441.jpg,train,104.51485426008965,0.957680568920012,0.08342260305952566,0.5308949184013269,reuse
trashnet_glass442.jpg,train,257.35568145419603,0.9762294279230335,0.06478041228635882,0.4873431876704677,reuse
trashnet_glass443.jpg,train,75.37676169122358,0.9949780389781218,0.09167202339892518,0.643756249335081,reuse
trashnet_glass444.jpg,train,30.433656310057657,0.9915679724809717,0.07810077632464156,0.684931007737411,reuse
trashnet_glass445.jpg,train,146.36563100576552,0.9909720795958392,0.14264872474482593,0.6896039035485969,reuse
trashnet_glass446.jpg,train,136.83362027546443,0.9606783386987308,0.057631482746775625,0.5752136125271089,reuse
trashnet_glass447.jpg,train,100.62407911595132,0.9716071573315114,0.11852022095986837,0.599747317053075,reuse
trashnet_glass448.jpg,train,207.48746796925047,0.9720322028494647,0.11185345934170075,0.5943369397285638,reuse
trashnet_glass449.jpg,train,49.531970691864196,0.9888241495117291,0.06806118272606104,0.6632370256361275,reuse
trashnet_glass45.jpg,train,34.005725496476614,0.9959150076082962,0.06485484201379514,0.6975824858787656,reuse
trashnet_glass450.jpg,train,73.86346893017297,0.9713211137156467,0.03457710230897028,0.39388597131689757,reuse
trashnet_glass451.jpg,train,215.13701153106982,0.9829990965673285,0.0651918187492095,0.5622356763255094,reuse
trashnet_glass452.jpg,train,77.04031870595773,0.9796902930297045,0.07856383061277995,0.5980347507961601,reuse
trashnet_glass454.jpg,train,208.99761771300447,0.9846393433244629,0.3204480952801459,0.7107812858599408,reuse
trashnet_glass455.jpg,train,34.21226377322229,0.9966530365806071,0.04445896590894995,0.48160133223972756,reuse
trashnet_glass456.jpg,train,36.280349135169764,0.9884484114393555,0.062381147120823,0.6611552184871802,reuse
trashnet_glass457.jpg,train,52.73934977578475,0.9956622303548468,0.09939299428422646,0.6710537610623595,reuse
trashnet_glass458.jpg,train,57.836863388853295,0.9789596064206082,0.08429567077106695,0.5399249495834854,reuse
trashnet_glass46.jpg,train,105.52676569506728,0.9812322884758802,0.059279784240715144,0.6545205196483559,reuse
trashnet_glass460.jpg,train,46.79011851377323,0.9924123642364627,0.14114234116224134,0.7291064780779567,reuse
trashnet_glass461.jpg,train,51.506386130685456,0.9927305916111607,0.04985686378379566,0.5792216384031952,reuse
trashnet_glass462.jpg,train,13.013733183856504,0.994078887719914,0.07147800762577726,0.7025855089925416,reuse
trashnet_glass466.jpg,train,68.1560898462524,0.9807521126110748,0.06749765472493877,0.5774921525111972,reuse
trashnet_glass467.jpg,train,202.77378283151825,0.9766932031962627,0.13580711860374817,0.6659352405414999,reuse
trashnet_glass468.jpg,train,19.566784112748238,0.996677121328353,0.0631805979240461,0.5778063109721787,reuse
trashnet_glass469.jpg,train,82.64205637411916,0.9797155459872178,0.07274331567934365,0.5825426963334698,reuse
trashnet_glass470.jpg,train,117.4380204996797,0.9565993748500493,0.031392429377990104,0.3324617633024539,reuse
trashnet_glass471.jpg,train,130.53024903907752,0.9688444512466714,0.05293471847176288,0.540291191336934,reuse
trashnet_glass473.jpg,train,85.31065823190264,0.9822043205310468,0.07988180917940955,0.5999978768645858,reuse
trashnet_glass474.jpg,train,76.03179051889813,0.9579666985869029,0.06478752955397057,0.6221027242951694,reuse
trashnet_glass475.jpg,train,83.45998158231902,0.9608122438780383,0.05986745854853461,0.5513101805452623,reuse
trashnet_glass476.jpg,train,77.79212043561819,0.9756493091226327,0.06056516363729372,0.563983632127281,reuse
trashnet_glass477.jpg,train,134.87732222934017,0.9686984805966985,0.06161486324484751,0.6846342068775664,reuse
trashnet_glass478.jpg,train,72.05775544522741,0.99010120195231,0.08836560805326082,0.6551516545226308,reuse
trashnet_glass48.jpg,train,51.857122837924415,0.9898508620319125,0.05513886254591752,0.6491639895899752,reuse
trashnet_glass480.jpg,train,169.72149263292758,0.9847356829294258,0.07203722921711185,0.5045013853322988,reuse
trashnet_glass481.jpg,train,127.38733183856503,0.9646893230871698,0.038357616623162005,0.3462935834636026,reuse
trashnet_glass482.jpg,train,250.14910313901342,0.9680621567012004,0.1094895549363625,0.57700190397964,reuse
trashnet_glass483.jpg,train,24.04962764253684,0.9868171110236399,0.058379815076723275,0.6301509626379034,reuse
trashnet_glass485.jpg,train,150.41581918641896,0.9660454792810731,0.09322414071583104,0.5350569843651872,reuse
trashnet_glass486.jpg,train,171.21136290839206,0.9841830392092005,0.07571994754404167,0.6416840360005275,reuse
trashnet_glass487.jpg,train,85.12473975016016,0.9717144835008416,0.057406586328292854,0.5980857367439775,reuse
trashnet_glass49.jpg,train,100.03761611146702,0.9611607400453859,0.05676919317028012,0.5380082713071431,reuse
trashnet_glass490.jpg,train,79.43918161434978,0.9662184808829826,0.08394297014468664,0.6152725164570424,reuse
trashnet_glass493.jpg,train,71.01255204996795,0.9708944045508185,0.05437338216004396,0.4859045541961329,reuse
trashnet_glass494.jpg,train,41.976237187700185,0.9920056244455508,0.054476367355244214,0.6583995076909748,reuse
trashnet_glass495.jpg,train,38.32863549007046,0.981810479697249,0.05415796913900218,0.6381321233111301,reuse
trashnet_glass496.jpg,train,56.71877001921845,0.9845750004441515,0.06534444479891376,0.6327301462169304,reuse
trashnet_glass497.jpg,train,114.114049487508,0.9728550113680009,0.06370661852180863,0.43923912886934535,reuse
trashnet_glass5.jpg,train,10.174647661755285,0.9872291796845545,0.05931807088579222,0.601981354583447,reuse
trashnet_glass50.jpg,train,86.6492833119795,0.962241727080475,0.06981854047775289,0.462257112058638,reuse
trashnet_glass500.jpg,train,54.91982303010891,0.9705096557678207,0.06470245625066083,0.5999369173340083,reuse
trashnet_glass501.jpg,train,250.87201713645098,0.9160001639087594,0.05078060722394057,0.5322072946399862,reuse
trashnet_glass51.jpg,train,47.92883167841127,0.9866885748546791,0.0900228060773225,0.66064576161783,reuse
trashnet_glass52.jpg,train,209.3332799487508,0.9313143328242787,0.09680822320709198,0.5085429201359126,reuse
trashnet_glass53.jpg,train,70.29774583600256,0.9928256625716455,0.09475610833999912,0.66971581841869,reuse
trashnet_glass54.jpg,train,197.09603219090326,0.9753807273144381,0.08835104724092893,0.5815805042720879,reuse
trashnet_glass55.jpg,train,24.061719250480458,0.9930433942090502,0.06906686650839734,0.7039901283037756,reuse
trashnet_glass56.jpg,train,59.065703074951955,0.986489963064431,0.09616637032232,0.6528793642326847,reuse
trashnet_glass57.jpg,train,26.75080076873798,0.9894243874988604,0.0876521436369157,0.6938914136422122,reuse
trashnet_glass58.jpg,train,50.81558295964125,0.9843158929662187,0.09943047527770675,0.5818363112518261,reuse
trashnet_glass6.jpg,train,49.82204916720051,0.9401504459382907,0.0884348198945237,0.6742694696167083,reuse
trashnet_glass60.jpg,train,156.03014894298528,0.9706059171638557,0.054767196126807825,0.5969738390183311,reuse
trashnet_glass61.jpg,train,216.57767456758486,0.9671091503092443,0.11537430430624974,0.4905451480931501,reuse
trashnet_glass63.jpg,train,115.8975616591928,0.9800564707114756,0.13656818692926365,0.6127200982616811,reuse
trashnet_glass64.jpg,train,70.33840486867393,0.9904637462271152,0.10729076616142144,0.6454885737491786,reuse
trashnet_glass65.jpg,train,449.07629324151185,0.9358528501935842,0.08022029941599892,0.47435689194123953,reuse
trashnet_glass66.jpg,train,45.54145980140935,0.992313358990328,0.06932881956278644,0.6198862437636834,reuse
trashnet_glass67.jpg,train,92.5269859064702,0.9790422968693215,0.058547923368809394,0.5482847901865795,reuse
trashnet_glass68.jpg,train,245.027466367713,0.9622496337623849,0.09714670075114955,0.5754750048103006,reuse
trashnet_glass69.jpg,train,45.97535634208842,0.9910302738224973,0.13511424063659994,0.7258700998620268,reuse
trashnet_glass7.jpg,train,73.53028907751441,0.9911822141399578,0.14896762987161552,0.7134845267538333,reuse
trashnet_glass71.jpg,train,153.57939622037156,0.9558194563650657,0.1024818011084415,0.5841514447137601,reuse
trashnet_glass72.jpg,train,142.90480861627162,0.9832048692418397,0.10640830607602973,0.6446358311237217,reuse
trashnet_glass73.jpg,train,46.05673446508648,0.9942755677890673,0.10690441942613066,0.7377584548816327,reuse
trashnet_glass74.jpg,train,23.352118033311974,0.992605175245863,0.06295352562510267,0.6723466105439192,reuse
trashnet_glass77.jpg,train,70.60990550928892,0.9901667717392827,0.08340586515630545,0.6081273691976767,reuse
trashnet_glass78.jpg,train,97.8609865470852,0.9909466453302005,0.08391891018139215,0.7018227290120124,reuse
trashnet_glass79.jpg,train,80.385149743754,0.9910697771192272,0.0798750885904801,0.6138927393276941,reuse
trashnet_glass8.jpg,train,63.48244314541961,0.9891211885971068,0.21505756976256876,0.8285542548647193,reuse
trashnet_glass80.jpg,train,58.746636771300444,0.9928555195197059,0.07038283186424936,0.6151608798454427,reuse
trashnet_glass81.jpg,train,86.07673366431776,0.9876698573021122,0.059827446897120974,0.6478636009302001,reuse
trashnet_glass83.jpg,train,56.2667560858424,0.9922792277514455,0.07550880065966331,0.6810412201832222,reuse
trashnet_glass84.jpg,train,79.86298846893018,0.9938353591964441,0.11413249559177098,0.6900735539429114,reuse
trashnet_glass85.jpg,train,138.6803731582319,0.9887926214196405,0.0755525277769573,0.47178675196174896,reuse
trashnet_glass86.jpg,train,179.94058295964123,0.9665097149976685,0.09808437275391661,0.551324539042279,reuse
trashnet_glass87.jpg,train,144.0775544522742,0.9762814066540559,0.09873278223409888,0.6190335741905704,reuse
trashnet_glass89.jpg,train,240.61693225496475,0.9265840860352427,0.05223354002506609,0.4557149007383635,reuse
trashnet_glass9.jpg,train,130.7631726457399,0.980636062860976,0.16358350681132686,0.7418674078265656,reuse
trashnet_glass92.jpg,train,123.381366111467,0.9604246123190887,0.08460328372725708,0.5646084723959617,reuse
trashnet_glass93.jpg,train,27.925188180653425,0.9977615668584437,0.10308408488998777,0.709761840754682,reuse
trashnet_glass94.jpg,train,54.38312780269058,0.9902767410295532,0.10292599796951793,0.7230605429298338,reuse
trashnet_glass95.jpg,train,43.568185458039714,0.9899902526173961,0.15594402708675723,0.7410772994000706,reuse
trashnet_glass97.jpg,train,88.94002242152466,0.9921306120532712,0.0779311212638048,0.5783083791686693,reuse
trashnet_glass98.jpg,train,74.44674887892376,0.9768217485842096,0.061998577393694666,0.4505123823937952,reuse
trashnet_glass99.jpg,train,180.96634769378602,0.9655802769940094,0.05049142171823744,0.46477401089161363,reuse
trashnet_cardboard102.jpg,val,94.54654468289559,0.9768201916097808,0.025327321955432594,0.2819131994228852,recycle
trashnet_cardboard113.jpg,val,118.05769538757207,0.9772227421741669,0.030634124082088234,0.31805566630454396,recycle
trashnet_cardboard116.jpg,val,115.74207238949391,0.9836499237185937,0.03482292554956698,0.4616212015521431,recycle
trashnet_cardboard126.jpg,val,179.4033071748879,0.9564523958638521,0.029623502339842674,0.3196040688635176,recycle
trashnet_cardboard172.jpg,val,60.29121957078795,0.9868178793546384,0.0954776050548393,0.6259295712718028,recycle
trashnet_cardboard192.jpg,val,155.4148782831518,0.9427940079399695,0.02729652185752496,0.3186950578656367,recycle
trashnet_cardboard193.jpg,val,203.882567264574,0.9653916980106745,0.06020670865487533,0.48280615293867657,recycle
trashnet_cardboard199.jpg,val,66.08972613709162,0.9864952123581548,0.3172737977548007,0.6495438066456751,recycle
trashnet_cardboard203.jpg,val,144.95823991031386,0.9808169281587595,0.38838951414290385,0.6330646241537318,recycle
trashnet_cardboard204.jpg,val,226.7146860986547,0.9646395707304595,0.3543833265539293,0.5628883039105462,recycle
trashnet_cardboard206.jpg,val,327.5834200832799,0.9334384266626456,0.05806868587428466,0.5841535416469383,recycle
trashnet_cardboard210.jpg,val,36.07278987828315,0.9902975675249635,0.05222120096379425,0.4696129634632785,recycle
trashnet_cardboard224.jpg,val,32.7257567264574,0.9920188447260787,0.03819894030725164,0.39887522715195617,recycle
trashnet_cardboard225.jpg,val,128.3397261370916,0.9520192546769786,0.036759033034182174,0.3127258148650881,recycle
trashnet_cardboard232.jpg,val,228.53839686098655,0.9322853318557046,0.02349076794208625,0.2509897165269126,recycle
trashnet_cardboard234.jpg,val,44.86759288917361,0.9803415847086928,0.030659771282583126,0.3344924717656678,recycle
trashnet_cardboard238.jpg,val,41.774523542600896,0.9914773251645278,0.07749175835683851,0.5962660283900086,recycle
trashnet_cardboard247.jpg,val,90.21448590647022,0.9891068074723065,0.027517426168573122,0.3974067471741225,recycle
trashnet_cardboard25.jpg,val,87.74749759769378,0.9397078457370253,0.02729814784698063,0.21848870214918628,recycle
trashnet_cardboard27.jpg,val,491.2853739590006,0.868764767034616,0.027679289887075187,0.2755542717399548,recycle
trashnet_cardboard271.jpg,val,106.33061739269702,0.8968371775435504,0.033093505957274325,0.32181431037915065,recycle
trashnet_cardboard273.jpg,val,42.11294843049327,0.9909686347313126,0.034310078746578695,0.3530414840824547,recycle
trashnet_cardboard278.jpg,val,18.858824471492632,0.9969922160083611,0.029701652955633557,0.4491851351176536,recycle
trashnet_cardboard28.jpg,val,30.304992793081357,0.9950794171652253,0.058017744963097556,0.5465865511340349,recycle
trashnet_cardboard280.jpg,val,294.1118473734785,0.9648060319716061,0.030269068226130378,0.3227125181514613,recycle
trashnet_cardboard283.jpg,val,132.51065022421525,0.9831578873735185,0.027163704170907202,0.408123851511543,recycle
trashnet_cardboard290.jpg,val,70.61517056374119,0.9876988335835133,0.03354019464750361,0.3059219530441879,recycle
trashnet_cardboard297.jpg,val,180.02730621396543,0.956657677101225,0.025846784177607465,0.31968903544131905,recycle
trashnet_cardboard30.jpg,val,22.80829596412556,0.9864655226622733,0.030129395977238564,0.2619174776776043,recycle
trashnet_cardboard311.jpg,val,308.48272341447785,0.9401660864979036,0.02554311068896386,0.3100314792872777,recycle
trashnet_cardboard32.jpg,val,165.7406710442024,0.9483396560053702,0.027876199206610306,0.3377997103423225,recycle
trashnet_cardboard340.jpg,val,127.60155749519541,0.9451936082841865,0.025704029442683473,0.25558210270627274,recycle
trashnet_cardboard342.jpg,val,70.81956678411274,0.9762985111913643,0.026278150671354784,0.29333967958112495,recycle
trashnet_cardboard347.jpg,val,101.23350416399745,0.9860100681701199,0.03568688343494865,0.3602753388104584,recycle
trashnet_cardboard358.jpg,val,53.34284913516975,0.9876543408949008,0.04596514133282875,0.4251233645444443,recycle
trashnet_cardboard385.jpg,val,349.75156149903904,0.9423248688086628,0.07310433655583905,0.552590452747183,recycle
trashnet_cardboard386.jpg,val,16.025244234465088,0.9918207800162019,0.04748138084345571,0.4203141853898616,recycle
trashnet_cardboard390.jpg,val,185.47683776425367,0.9118956461961911,0.026954195693228954,0.28814857824700874,recycle
trashnet_cardboard402.jpg,val,27.934677290198593,0.9877788872076622,0.023560944700590825,0.24407010666737725,recycle
trashnet_cardboard42.jpg,val,73.33910554131967,0.9861432370469503,0.054004501345761076,0.5730889633867547,recycle
trashnet_cardboard74.jpg,val,119.30104900704679,0.9618954264044287,0.02749865380256395,0.29399117775846756,recycle
trashnet_cardboard79.jpg,val,227.7781470211403,0.9108608642438023,0.022225809299372058,0.22941583569627294,recycle
trashnet_cardboard86.jpg,val,3.1580717488789234,0.9944456306740568,0.055818002252125964,0.5206846830285038,recycle
trashnet_cardboard87.jpg,val,99.6504043882127,0.9676120575331768,0.024381295936287777,0.282874447073428,recycle
trashnet_cardboard9.jpg,val,40.189321748878925,0.951236225964252,0.03345689386043188,0.2659111427098705,recycle
trashnet_metal110.jpg,val,487.7396700832799,0.9116202543333431,0.047061444257135474,0.5130291131846122,recycle
trashnet_metal124.jpg,val,58.44672885970532,0.9852456062757651,0.07399275786508974,0.6852338191161462,recycle
trashnet_metal129.jpg,val,121.68834080717488,0.9868602363612703,0.08827663862453866,0.6263027114392558,recycle
trashnet_metal13.jpg,val,155.445067264574,0.9767287325718551,0.0743797674978043,0.5407069228228212,recycle
trashnet_metal130.jpg,val,137.25014013452912,0.9691251448894391,0.09229202870029846,0.5815743110055022,recycle
trashnet_metal137.jpg,val,363.6467608904548,0.9683101971265068,0.07129442105096723,0.5781319352568317,recycle
trashnet_metal17.jpg,val,58.30405188981422,0.9665311110890731,0.08552670288936913,0.5952092102016093,recycle
trashnet_metal172.jpg,val,366.5572349455478,0.8565534315496749,0.03647641140072731,0.3457196157295271,recycle
trashnet_metal175.jpg,val,126.88072549647661,0.9344441202025539,0.06652892475261735,0.4731978694439296,recycle
trashnet_metal176.jpg,val,167.23816864189624,0.9370484543226452,0.026701345090599845,0.2916160534324663,recycle
trashnet_metal184.jpg,val,234.60510089686096,0.96177606545872,0.08774634461058335,0.583160517757995,recycle
trashnet_metal187.jpg,val,111.82427130044842,0.9861752494494137,0.11455774868050501,0.6421003188675551,recycle
trashnet_metal190.jpg,val,607.9631245996155,0.9114256781674945,0.05124073337422291,0.49877151317926427,recycle
trashnet_metal195.jpg,val,224.00926889814224,0.9089964928121124,0.09348902997992814,0.6830732361401095,recycle
trashnet_metal2.jpg,val,144.80088885329917,0.9668671537909017,0.3260049268657948,0.7035887557952996,recycle
trashnet_metal217.jpg,val,118.79916720051247,0.9882483113974245,0.07040535139916099,0.547001950318778,recycle
trashnet_metal222.jpg,val,183.02130044843045,0.9903578849169069,0.10390555552930085,0.5238211467589791,recycle
trashnet_metal223.jpg,val,315.4483103779628,0.9576366981446721,0.06409869114507599,0.47769004966254214,recycle
trashnet_metal225.jpg,val,178.22938020499677,0.9440874355278915,0.09717109943482782,0.5980131924233388,recycle
trashnet_metal238.jpg,val,226.77512411915433,0.9541290679201887,0.1358104694421431,0.6157893806582552,recycle
trashnet_metal25.jpg,val,449.2061178731583,0.9432658470954468,0.08768139669954059,0.5574464187262933,recycle
trashnet_metal256.jpg,val,101.27768657911595,0.9863670189862116,0.1275009139791201,0.6502613286616947,recycle
trashnet_metal261.jpg,val,309.48472533632287,0.9432917351215541,0.045174472066415734,0.411936557148625,recycle
trashnet_metal262.jpg,val,423.7359465086483,0.9409329312877948,0.06646937361864987,0.4709505142726072,recycle
trashnet_metal283.jpg,val,191.95571748878925,0.9685681197838867,0.05597839392854018,0.5390418573928873,recycle
trashnet_metal289.jpg,val,229.96366511851377,0.9695435066505692,0.10653955903928286,0.45443273743242174,recycle
trashnet_metal29.jpg,val,450.34032671364514,0.9083589822022298,0.11891502205439673,0.60195859228256,recycle
trashnet_metal294.jpg,val,208.62578074951952,0.9364841714278267,0.09037652722061806,0.6219405973418981,recycle
trashnet_metal314.jpg,val,161.34993593850098,0.9754103105055733,0.0607812270507821,0.4899662905045132,recycle
trashnet_metal315.jpg,val,284.17833119795,0.9414376075283641,0.046489440121575805,0.6263439490887619,recycle
trashnet_metal361.jpg,val,408.23812860345936,0.9699701144953179,0.09170774583151123,0.3038390066010424,recycle
trashnet_metal369.jpg,val,60.068385650224215,0.9823529227060401,0.15512986801795495,0.7384893926784105,recycle
trashnet_metal38.jpg,val,240.4335161755285,0.9697815530426702,0.10217039127953009,0.6015765093464199,recycle
trashnet_metal39.jpg,val,281.4110345932095,0.9072952010099349,0.09815940625679483,0.6669611807199555,recycle
trashnet_metal48.jpg,val,13.56868593850096,0.9599336018560088,0.16914368459567033,0.6707219543028513,recycle
trashnet_metal66.jpg,val,99.12504003843691,0.9849766007785365,0.06951755398164455,0.6047684058324185,recycle
trashnet_metal87.jpg,val,213.01255204996795,0.9650613381621137,0.0741251823480597,0.45531890494589533,recycle
trashnet_metal97.jpg,val,297.7304011851378,0.9658337700163753,0.05849850451313929,0.419944422899986,recycle
trashnet_paper106.jpg,val,739.9422045163358,0.9281264449834131,0.06096961849437678,0.5457739198714675,recycle
trashnet_paper109.jpg,val,889.2173086162716,0.8301640920835767,0.020777393153917603,0.22824708099283814,recycle
trashnet_paper110.jpg,val,219.1582319026265,0.9271337213690742,0.04788471512948197,0.5814012912893931,recycle
trashnet_paper116.jpg,val,20.275164157591288,0.9894099042706855,0.096989777828074,0.5548564485708645,recycle
trashnet_paper117.jpg,val,20.602138052530425,0.9812645133357817,0.06131349996796602,0.6001309845825455,recycle
trashnet_paper124.jpg,val,60.340647021140285,0.9481031119003621,0.04636475844032162,0.4489782831606059,recycle
trashnet_paper148.jpg,val,369.07567264573987,0.9479002341550703,0.05033286787568215,0.40833442669497494,recycle
trashnet_paper161.jpg,val,466.19608824471493,0.9305953118410941,0.07379466806696525,0.4583480408106,recycle
trashnet_paper184.jpg,val,361.57563260730296,0.9499667426908274,0.04229931768971461,0.3706907624571287,recycle
trashnet_paper194.jpg,val,601.4390815182575,0.9081845563352751,0.024266133605940914,0.2708169222459467,recycle
trashnet_paper205.jpg,val,268.08091768097376,0.961433383855285,0.05589544864215275,0.4730719508760491,recycle
trashnet_paper21.jpg,val,474.3868313581037,0.8538590734739545,0.0453205151044429,0.5741965771689151,recycle
trashnet_paper22.jpg,val,35.48294362588084,0.9810727287094865,0.07911384906476963,0.55009034410898,recycle
trashnet_paper228.jpg,val,32.745916079436256,0.9777462197955314,0.07565916334293231,0.6867068607228087,recycle
trashnet_paper239.jpg,val,58.06968689942344,0.9766396219814938,0.05705794220322369,0.5916244146609467,recycle
trashnet_paper246.jpg,val,258.30082879564384,0.9628698055629796,0.04109463566287604,0.463624933166203,recycle
trashnet_paper254.jpg,val,1022.885149743754,0.8495297491720379,0.0473445120330194,0.3668410642070355,recycle
trashnet_paper262.jpg,val,747.6601137091609,0.9384655452766733,0.045007372810178414,0.453933882543553,recycle
trashnet_paper264.jpg,val,61.34300928891737,0.9890915204232195,0.07728065159029629,0.7252789177901297,recycle
trashnet_paper3.jpg,val,205.4289918321589,0.9401113828439486,0.05571819642009588,0.5022679197255424,recycle
trashnet_paper30.jpg,val,22.680773542600896,0.991712432227647,0.08836150913413035,0.674678024980605,recycle
trashnet_paper303.jpg,val,144.4228659513132,0.9195260790728967,0.04289294031361717,0.4077316787759452,recycle
trashnet_paper314.jpg,val,122.97775864830237,0.9704539518207969,0.038788877287492946,0.526362004969546,recycle
trashnet_paper330.jpg,val,699.0899263292761,0.900694175490158,0.061562652889684814,0.46749612868324397,recycle
trashnet_paper346.jpg,val,206.66832158872518,0.9521144182885334,0.08080966259537462,0.5969517626774207,recycle
trashnet_paper356.jpg,val,583.631225976938,0.9060147485229197,0.03177801072918474,0.34679079192073636,recycle
trashnet_paper359.jpg,val,31.70125320307495,0.9871522138080239,0.07225328795968262,0.5742115697815566,recycle
trashnet_paper364.jpg,val,1021.1100256246,0.8575911260752971,0.04734643777084564,0.36963652291173404,recycle
trashnet_paper367.jpg,val,205.2248358424087,0.9660136408497864,0.0589454728531003,0.5631430669329499,recycle
trashnet_paper369.jpg,val,546.9770379564382,0.9259596839951887,0.046880703398962185,0.33745833629619854,recycle
trashnet_paper382.jpg,val,14.529448270339522,0.9793779963349202,0.05414644425884593,0.510245130394825,recycle
trashnet_paper388.jpg,val,496.03609465086487,0.9318113088636933,0.081141898097235,0.4370978653991589,recycle
trashnet_paper39.jpg,val,55.53325192184497,0.9905287764380797,0.06534042131031496,0.5533278689250642,recycle
trashnet_paper405.jpg,val,448.17899183215894,0.95867928530025,0.05875151709647248,0.4811774550739354,recycle
trashnet_paper409.jpg,val,30.379544362588085,0.9796755001765202,0.03897754427691989,0.4163748849084381,recycle
trashnet_paper417.jpg,val,46.86152706598334,0.972247430792315,0.12021020518163378,0.6315177074177885,recycle
trashnet_paper42.jpg,val,1406.5730901665602,0.8612916943432698,0.028434680136128335,0.306778521307564,recycle
trashnet_paper43.jpg,val,152.05575352338244,0.9554888103270665,0.06478642226860644,0.5146642590766736,recycle
trashnet_paper435.jpg,val,517.6674007046765,0.9554307755368867,0.04130342474583907,0.4280424998861181,recycle
trashnet_paper443.jpg,val,760.468609865471,0.9439390180432575,0.05343873791277929,0.35852424256777615,recycle
trashnet_paper444.jpg,val,22.791159513132605,0.9908487606608078,0.045886730065662386,0.467389176074719,recycle
trashnet_paper463.jpg,val,187.66325672645738,0.9347936031803413,0.04235062705812242,0.3684436506670694,recycle
trashnet_paper464.jpg,val,1029.9804412235746,0.8902402369118109,0.023469214646603894,0.25878285543032964,recycle
trashnet_paper482.jpg,val,294.7120435618193,0.9021720131277009,0.05479105938804203,0.456261545894679,recycle
trashnet_paper495.jpg,val,35.6634969570788,0.9671824874496739,0.04886834333057131,0.4902547946983984,recycle
trashnet_paper509.jpg,val,267.51933856502245,0.9688371258729097,0.04557802771292031,0.5573231992880401,recycle
trashnet_paper512.jpg,val,530.5679652466367,0.9061508779195518,0.028353118803236342,0.3174660550199128,recycle
trashnet_paper536.jpg,val,111.0734104740551,0.9792969260030009,0.091386551454174,0.6353379111885167,recycle
trashnet_paper537.jpg,val,778.9164397821909,0.833970615154703,0.02749389129136907,0.30416391539577053,recycle
trashnet_paper557.jpg,val,23.53539397821909,0.9901164613808381,0.0576087665184976,0.6536497240751048,recycle
trashnet_paper559.jpg,val,62.54416239590005,0.9373080265664835,0.04016138633645555,0.38339831551698383,recycle
trashnet_paper57.jpg,val,66.96674807815504,0.9101419899704194,0.04935698623388663,0.4226254844555368,recycle
trashnet_paper572.jpg,val,523.7795683856502,0.8391758639099668,0.03239519059530124,0.3703212171883057,recycle
trashnet_paper573.jpg,val,96.20101297245355,0.98630127522648,0.10177746541450614,0.6517265210862496,recycle
trashnet_paper58.jpg,val,71.15691063420884,0.9605904441135719,0.09580871471423277,0.6290621712037138,recycle
trashnet_paper582.jpg,val,35.95383568225496,0.982931786519414,0.061317353050334124,0.6764603085801001,recycle
trashnet_paper588.jpg,val,54.61861386931454,0.9842111142883573,0.12241430264330623,0.7306294811644447,recycle
trashnet_paper590.jpg,val,64.09116752081998,0.9723647773193641,0.09473861570898565,0.6126706840199098,recycle
trashnet_paper63.jpg,val,45.54045884048687,0.9795925772456603,0.045233338809336866,0.5299991229817886,recycle
trashnet_paper66.jpg,val,85.91830156950671,0.9381631620239922,0.04322689581513826,0.453635385907603,recycle
trashnet_paper67.jpg,val,4.510570147341449,0.998417685396077,0.052042448669652075,0.6391863762454295,recycle
trashnet_paper74.jpg,val,626.0693265534914,0.9211641943392422,0.02836261587989894,0.3324311344000254,recycle
trashnet_paper77.jpg,val,521.8673326393339,0.9525813727640994,0.0556424012254931,0.6122016783206108,recycle
trashnet_plastic1.jpg,val,40.14397821909032,0.9928965012042865,0.12512460914415524,0.714347256710876,recycle
trashnet_plastic116.jpg,val,277.7766255605381,0.9552170811827876,0.03340526488567565,0.37780063770015904,recycle
trashnet_plastic129.jpg,val,63.24329356181934,0.9510341314479154,0.07912689603352074,0.7082337281312677,recycle
trashnet_plastic152.jpg,val,36.95187379884689,0.9858419040510463,0.0324616241488142,0.3756299962292827,recycle
trashnet_plastic155.jpg,val,34.00176169122357,0.9903555703615741,0.06575557849877553,0.5563295988709339,recycle
trashnet_plastic157.jpg,val,86.05433215887253,0.9837377145135752,0.11638937309309143,0.6415317164403681,recycle
trashnet_plastic175.jpg,val,200.27766655989754,0.9460059707758406,0.04324846472695147,0.5208498215442369,recycle
trashnet_plastic177.jpg,val,24.71078235105701,0.9719034826930214,0.08125232206002067,0.7682223645895288,recycle
trashnet_plastic18.jpg,val,52.483924567584886,0.9678658873480942,0.04726891466266251,0.49494744888455644,recycle
trashnet_plastic189.jpg,val,240.82555253042923,0.9387519145478381,0.0639982133051006,0.5738038165556373,recycle
trashnet_plastic200.jpg,val,63.7047765855221,0.9860177672259003,0.09154921897023396,0.6613324146930788,recycle
trashnet_plastic210.jpg,val,13.153487347853941,0.9923575529696104,0.04759147206373277,0.5144903049673232,recycle
trashnet_plastic218.jpg,val,242.45133327994873,0.9232650772425814,0.04603458785365731,0.5563523735711288,recycle
trashnet_plastic221.jpg,val,128.10059657270975,0.9693475676032419,0.08209246128483735,0.5940239197025912,recycle
trashnet_plastic277.jpg,val,65.60183776425369,0.9793892534390245,0.07424241130662738,0.6556097415308708,recycle
trashnet_plastic278.jpg,val,40.668321588725185,0.9864832819748383,0.11667477542485127,0.7074281931417319,recycle
trashnet_plastic279.jpg,val,53.986326873798845,0.968516725302916,0.044954217046742545,0.4483358360000487,recycle
trashnet_plastic28.jpg,val,32.971172325432406,0.9802376207945528,0.07599723145792626,0.7201589711808821,recycle
trashnet_plastic308.jpg,val,61.169722934016654,0.9597965376782238,0.06515054802905766,0.554513851155148,recycle
trashnet_plastic320.jpg,val,105.43253523382447,0.9594230095744425,0.03385297194260047,0.3768794396973628,recycle
trashnet_plastic321.jpg,val,89.43762011531068,0.9545160790847446,0.051338652425491224,0.4721341201698888,recycle
trashnet_plastic339.jpg,val,300.7928611467009,0.9235558811884775,0.05211210018344912,0.44389114395430357,recycle
trashnet_plastic37.jpg,val,232.06121877001922,0.9448676989157667,0.029661405955610138,0.31245444490814195,recycle
trashnet_plastic374.jpg,val,101.92500800768738,0.9758450354315281,0.05800108292794016,0.6205842506210111,recycle
trashnet_plastic392.jpg,val,52.10496076233183,0.9700574405822863,0.04559995446150888,0.5098864373416633,recycle
trashnet_plastic398.jpg,val,18.84561178731582,0.9543089866870769,0.08600764050913752,0.6712522601350054,recycle
trashnet_plastic401.jpg,val,91.3547405509289,0.9773933908235146,0.051907694821613094,0.6264928929460878,recycle
trashnet_plastic404.jpg,val,136.69995195387568,0.9064390057752832,0.04556323762977343,0.4435713566666201,recycle
trashnet_plastic410.jpg,val,41.913056534272904,0.9761191409425668,0.058152459654429056,0.5604548376320477,recycle
trashnet_plastic420.jpg,val,55.39133568225497,0.9865056652887548,0.08178249028594257,0.6489468169632594,recycle
trashnet_plastic421.jpg,val,166.32689381806532,0.9583165347071302,0.05726405493965923,0.6208499919627485,recycle
trashnet_plastic425.jpg,val,62.052870755925696,0.96390436051084,0.07046700343397927,0.6250868852718472,recycle
trashnet_plastic426.jpg,val,99.17326633568226,0.9292949317439926,0.07196233944052909,0.6305607087110863,recycle
trashnet_plastic444.jpg,val,132.30190983344008,0.9767347787549493,0.1034011353537446,0.5868172823957086,recycle
trashnet_plastic450.jpg,val,153.4370195387572,0.9744499231661597,0.1111425018377976,0.6605553424157118,recycle
trashnet_plastic457.jpg,val,263.3910554131967,0.965489527627458,0.08431577085397671,0.47101639271234513,recycle
trashnet_plastic46.jpg,val,359.2377482383087,0.875639122228568,0.07449450041702502,0.5976033721178294,recycle
trashnet_plastic475.jpg,val,28.859525144138367,0.9727866658411205,0.08565480248777026,0.6618273292664277,recycle
trashnet_plastic62.jpg,val,85.36086643177451,0.9508490260437815,0.07039638686279136,0.6009637463532237,recycle
trashnet_plastic74.jpg,val,217.11949471492633,0.9629170616175097,0.0844617291451585,0.49945796545778476,recycle
wc_220px-Botella_de_plastico_-_PET_jpg.rf.506d0cc7518e837ab4e2c5ad4ed24967.jpg,val,141.87415919282512,0.9679789871578376,0.04303023550721692,0.5187136269478086,recycle
wc_can-_jpeg.rf.e1b0083bfc1ddd8a8a6685a4590fbdd3.jpg,val,771.263532991672,0.9003043490134844,0.015195463772771286,0.12289758245434443,recycle
wc_crumpled-empty-soda-or-beer-can-isolated-on-white_jpg.rf.8fba2c5bc787098a8c08aaea2ed3f26d.jpg,val,133.71612748238306,0.9543237474435735,0.36946961222756486,0.5516209939734401,recycle
wc_Dataset2_original_can-6-jpg_52bc9882-389c-4908-9e4d-3be1182014bd_jpg.rf.03e005f1046db53e9bd83696b5a4ede5.jpg,val,490.56470211402944,0.9641120044819024,0.39852130904258476,0.5700907975909477,recycle
wc_Dataset2_original_can-6-jpg_6f2c6191-0391-44ee-b905-c08368f319e3_jpg.rf.d769699ef49419077fcddcf487c0ba69.jpg,val,242.27430333119798,0.9726346391137514,0.48312234466619614,0.5970045888479814,recycle
wc_Dataset2_original_can-6-jpg_e11102b8-9fdd-4b44-a354-2585d418d8b3_jpg.rf.452e9ab49924973e3fa81803151e51e6.jpg,val,765.1060818385649,0.9225212857793598,0.4559405013359133,0.5924133711922035,recycle
wc_Dataset2_original_can-6-jpg_f5736bd7-77e6-4c9b-96ee-6decbe7583b9_jpg.rf.8c16c9cc901483c06cd4006b3f1dcbde.jpg,val,245.30337123638694,0.9724805338747109,0.4820598301688076,0.5986125637213803,recycle
wc_Dataset2_original_crumpled-empty-soda-or-beer-can-isolated-on-white-jpg_0df5b24f-4001-4012-a2f3-4de08960cebb_jpg.rf.d10a2f26ef821c9457b744b712e2b5f8.jpg,val,255.80451233183857,0.9640184524247636,0.08523991037686597,0.37955060739785607,recycle
wc_Dataset2_original_crumpled-empty-soda-or-beer-can-isolated-on-white-jpg_16c9b312-81c1-4f23-9794-d2a42e93b519_jpg.rf.2cc25cd054852d404f403a5e9e0667a6.jpg,val,277.6950072069186,0.9515476694411319,0.31756118728187027,0.5435940220441606,recycle
wc_Dataset2_original_crushed-can-4336229-jpg_16cf1655-978f-4f39-8a4f-473741ef061e_jpg.rf.9fd55f024be58624987912b33943fa64.jpg,val,477.325052049968,0.9659907992211837,0.4141665363599927,0.5867381293360411,recycle
wc_Dataset2_original_crushed-tin-can-8753110-jpg_048c4fb6-f114-4564-95a5-0c1eb5942408_jpg.rf.d866f2cf9928827da270758c8101eef7.jpg,val,534.9605020819987,0.973201230785945,0.2601206826831459,0.49833484330390565,recycle
wc_Dataset2_original_crushed-tin-can-8753110-jpg_c62a2747-246a-4362-bff8-1190cbc6b953_jpg.rf.4390b3912a7daff037fbbf02681b8a7a.jpg,val,654.3827073991031,0.9616445135471758,0.10810654243064813,0.30210946621695955,recycle
wc_Dataset2_original_discarded-empty-red-potato-crispschips-packet-on-soil-background-EW6TH5-jpg_2382db91-9505-4e5e-b5fb-6620739f2311_jpg.rf.30c824b225b1e0bc9adfdccff3076002.jpg,val,213.0867032351057,0.9081036869086855,0.11405170657303541,0.29441991402786594,recycle
wc_Dataset2_original_discarded-empty-red-potato-crispschips-packet-on-soil-background-EW6TH5-jpg_2382db91-9505-4e5e-b5fb-6620739f2311_jpg.rf.d159508439fdfaa6179a22bb97615999.jpg,val,214.1098854900705,0.9057524471446672,0.10653070270557187,0.2876619457646215,recycle
wc_Dataset2_original_maxresdefault-jpg_5d9834af-8a64-470f-a7a2-2f8036451685_jpg.rf.225e61c60dc0bdc685aaf50c91b94d20.jpg,val,356.9258688340808,0.9538895458575873,0.11567842471119379,0.2570566770459169,recycle
wc_Dataset2_original_sweet-crisp-wrappers-600px_original-jpg_1a189e27-b989-4ae2-98cd-aef664f8e601_jpg.rf.6284d395177dd06766f079ccdfd6c078.jpg,val,903.9995795964128,0.9284910914562547,0.27905340811224355,0.4217144715320325,recycle
wc_Ly-project-dataset_original_20231004_221311-jpg_08cfac52-f653-4da3-b94f-2ba2faaa15a3_jpg.rf.988e4117f4228998276259ab336e0f8f.jpg,val,729.129224055093,0.885841277410528,0.016013203778623912,0.18609577425362686,recycle
wc_Ly-project-dataset_original_a-crumpled-walkers-crisp-packet-BJ7JP4-jpg_0bf45783-d341-43f0-bbc2-b22ea9c21109_jpg.rf.d75db5ba60e9de78f42252f803860f73.jpg,val,40.04141976297245,0.9773543485396495,0.1958608533523415,0.6964043514478943,recycle
wc_Ly-project-dataset_original_istockphoto-1147277988-612x612-jpg_3c321e5c-f082-4b84-9581-fe8923b7d0f6_jpg.rf.2b66f57cec0055bd037ee2bb4f6ec1f3.jpg,val,375.8053531390134,0.9758371419811266,0.4151183503736568,0.6311354594977767,recycle
wc_Ly-project-dataset_original_istockphoto-1147277988-612x612-jpg_3c321e5c-f082-4b84-9581-fe8923b7d0f6_jpg.rf.d7cb57dbdee7a50223102136cdb4de8a.jpg,val,270.97041159513134,0.969499015672827,0.5109402792377128,0.6532307949405657,recycle
wc_Ly-project-dataset_original_istockphoto-1147277988-612x612-jpg_81f001f0-2ad6-4ddc-ac81-99b60ef34492_jpg.rf.1a7fe7ddcd0b1046ef4ab122aac14d00.jpg,val,262.87608103779627,0.9716195304629358,0.4652466359098883,0.6322840798202183,recycle
wc_Ly-project-dataset_original_istockphoto-1327043019-612x612-jpg_94bbb1fb-b69d-41bb-8cdd-8a22ed16bc2b_jpg.rf.659cf6032a614c31d3077f3e681cb394.jpg,val,158.7878963805253,0.9841987108568541,0.19539053493207556,0.5492259999732374,recycle
wc_Ly-project-dataset_original_istockphoto-1353307229-612x612-jpg_444be282-5f83-4a3e-9a60-3c06d42771ba_jpg.rf.5a7a1f5c86d520f973200cb0cdec6e00.jpg,val,318.93347613709165,0.985057165318956,0.522250149696689,0.7306844110824964,recycle
wc_Ly-project-dataset_original_istockphoto-1353307229-612x612-jpg_4d5add3c-f62d-44a3-b8c8-a01acb888046_jpg.rf.5dbfba2c33cd6fe162968b3fc1cd45fe.jpg,val,310.39213645099295,0.9806550949132774,0.6032571702864185,0.740863814570321,recycle
wc_Ly-project-dataset_original_istockphoto-1353307229-612x612-jpg_4f61d591-61a5-4296-8f2f-816692dfba57_jpg.rf.d5c629f258bab077266a4c84727f6dea.jpg,val,69.73326393337605,0.983388363649082,0.5427079821698408,0.7649457547325823,recycle
wc_Ly-project-dataset_original_istockphoto-1353307229-612x612-jpg_671ac402-bd29-4cbc-b132-9f8b23f8d703_jpg.rf.5edc62368152bd26722c811180b65888.jpg,val,111.13248718770018,0.991965097285378,0.6523088223444272,0.7558340194646647,recycle
wc_Ly-project-dataset_original_istockphoto-1353307229-612x612-jpg_75230745-df2a-4264-8910-486458e46b92_jpg.rf.2da441b5670f699a403809ddc34651d9.jpg,val,90.69464686098655,0.9915005467450551,0.6435148850313103,0.7595450665869933,recycle
wc_Ly-project-dataset_original_istockphoto-1353307229-612x612-jpg_83892af4-11ee-4309-a214-0a266401c753_jpg.rf.5355cb0b7fb5af332dd5c45f6e431c4d.jpg,val,304.11595131326067,0.9861690255755443,0.5144736682535176,0.7408327541041484,recycle
wc_Ly-project-dataset_original_istockphoto-1353307229-612x612-jpg_985f36e1-7407-4d6c-9b43-d5ae5f3cf0a3_jpg.rf.00fa2261e147e3afd9570f7166f0b12c.jpg,val,116.4103939782191,0.9920000712752153,0.5030567525430323,0.660999530420424,recycle
wc_plastic_jpeg.rf.e532a882da25f8d93edcdff946310396.jpg,val,257.57353058936576,0.948995181307585,0.026222459680278754,0.23777229507087927,recycle
trashnet_trash10.jpg,val,139.4980781550288,0.976016262426174,0.08722693495291041,0.683916485105713,reduce
trashnet_trash109.jpg,val,185.14451873798845,0.922259424303258,0.11940687259187657,0.6546241901353631,reduce
trashnet_trash113.jpg,val,282.19280509288916,0.9323225609707412,0.10934422530545448,0.5602941719768164,reduce
trashnet_trash12.jpg,val,110.04380204996797,0.9729354590009339,0.1403493480219989,0.6685713548794845,reduce
trashnet_trash125.jpg,val,130.96380525304292,0.8095682169436453,0.1565892383472131,0.7139083774845512,reduce
trashnet_trash126.jpg,val,15.559437059577194,0.87338288824953,0.15394335642965704,0.7524408729569636,reduce
trashnet_trash128.jpg,val,15.13040518898142,0.9490275598891199,0.19491473354582084,0.7946728039263375,reduce
trashnet_trash130.jpg,val,60.524683696348504,0.9088687453577422,0.10432684324970999,0.667001909715026,reduce
trashnet_trash132.jpg,val,21.974075112107624,0.9855314899619249,0.14819661485330338,0.733595544655563,reduce
trashnet_trash136.jpg,val,27.111967488789237,0.9834493079891,0.07060508732517567,0.6672125598891985,reduce
trashnet_trash36.jpg,val,293.75810778347216,0.955582815898006,0.12198077291291809,0.5910809946104308,reduce
trashnet_trash37.jpg,val,59.522521620755924,0.9860699215398196,0.08099854084951265,0.5367595786141899,reduce
trashnet_trash38.jpg,val,130.8112588084561,0.962170351604291,0.07517900508927167,0.6383658787590424,reduce
trashnet_trash59.jpg,val,36.42492793081357,0.98906590704139,0.058033349083217084,0.5757888156486933,reduce
trashnet_trash76.jpg,val,33.48152226137091,0.9913014097007629,0.06324516122557611,0.5369226071553961,reduce
trashnet_trash93.jpg,val,198.26891816143498,0.9779973544554935,0.314659066581898,0.571900453400095,reduce
wc_Dataset2_original_banana-peel-isolated-on-white-background-jpg_6c947ffd-fb41-406e-8cd5-d279701e6971_jpg.rf.09c797dce3ca7aa687f594335ea37075.jpg,val,337.1974095131326,0.9866456171734719,0.4826238052058301,0.765232814224593,reduce
wc_Dataset2_original_banana-peel-isolated-on-white-background-jpg_e31f54a7-2180-4a74-bae3-90581a5247f6_jpg.rf.7c198bef0ab6b2222065608faccf95ce.jpg,val,54.37904388212684,0.9232951198153836,0.6451722421593336,0.763013838810638,reduce
wc_Dataset2_original_broken-egg-shell-4x4x5cm-pk10-p4799-4293_image-jpg_0512d04f-652d-400f-b8b3-67c2c1e88358_jpg.rf.91e7a491f42d8a2704ccb5ce219e46fd.jpg,val,109.86010570147342,0.9782850283188937,0.07002107931482353,0.5214248657416265,reduce
wc_Dataset2_original_broken-egg-shell-4x4x5cm-pk10-p4799-4293_image-jpg_18e98874-a632-4073-a5f6-aa54624c668f_jpg.rf.797aaf5915a3f595b8519e1ff1799d5c.jpg,val,127.21116271620754,0.978688257942594,0.09266303820264106,0.5464071826106373,reduce
wc_Dataset2_original_broken-egg-shells-jpg_197ddf74-5572-46e6-830d-89fa6bbcb3c9_jpg.rf.d10a908f1c34343eeedeee21ca361007.jpg,val,59.430293081358094,0.9618356607732704,0.0801510556860099,0.37200439879344116,reduce
wc_Dataset2_original_broken-egg-shells-jpg_949231ca-49eb-46c7-8f66-ea8bc6ab13d0_jpg.rf.4a9a1eff84d82a05f959a59f4e1ac55a.jpg,val,784.9616031390135,0.9072264009437837,0.012465351819723641,0.14347157308520453,reduce
wc_Dataset2_original_broken-egg-shells-jpg_949231ca-49eb-46c7-8f66-ea8bc6ab13d0_jpg.rf.6601ecbd674a16aca81305a228f083ba.jpg,val,544.3106181934658,0.945050463912666,0.04178858527723977,0.21306798699846985,reduce
wc_Dataset2_original_broken-egg-shells-jpg_dd80ff65-cdca-43a2-be56-4e052890938c_jpg.rf.38306df895c73ade2eb682f76278ea76.jpg,val,586.3609465086483,0.9415808025792427,0.10816650777677421,0.2523577265722008,reduce
wc_Dataset2_original_egg-jpeg_7b2e0d2a-1ba7-47fd-baa6-e449172f1e30_jpeg.rf.268428aba407611e62743a217ea21964.jpg,val,277.6136691223575,0.9745223582476789,0.0990437737776952,0.33320363748236814,reduce
wc_Dataset2_original_egg-jpeg_a07244d2-70cf-47bb-8b39-b13a3d82ee54_jpeg.rf.e3962a1b3ac1d3e37156c1cb031e475c.jpg,val,269.6975696668802,0.9646351046319926,0.026012172381213082,0.2741653970949134,reduce
wc_Dataset2_original_egg-jpeg_a8e0609a-5b57-42cb-bf00-671930003bab_jpeg.rf.ab9d537647c9012d3fbf8cd5458ad36c.jpg,val,294.267136450993,0.9684704081234975,0.06270621779476702,0.2963533500896549,reduce
wc_Dataset2_original_egg-jpeg_b3162637-2aa7-48bd-b6e8-d5b8261636bc_jpeg.rf.f6aaffe88e50b3d3458a22562efc8108.jpg,val,398.754984785394,0.9638536649806198,0.10067039064651043,0.30998884609175215,reduce
wc_Dataset2_original_egg-jpeg_b5eb56c5-d47c-4cbd-b9e1-46b02f2226bc_jpeg.rf.a62a3e7f005df1a3b5eb5909657e354b.jpg,val,396.1448790839205,0.96312563861703,0.07251580624018812,0.30640612495578573,reduce
wc_Dataset2_original_egg-shell-jpg_314cb78b-d2cd-47af-8761-10640605f8a1_jpg.rf.b06f522755c9d58d3f10197cbf035084.jpg,val,427.751381326073,0.9399755547894637,0.022294031212232772,0.24941389260204158,reduce
wc_Dataset2_original_egg-shell-jpg_38806772-d714-4486-bce8-20b39e1843a5_jpg.rf.cb2d65259d357fe5125f6a43f329d7bf.jpg,val,384.61262812299805,0.9607243274555,0.0940638465061793,0.3257507237546316,reduce
wc_Dataset2_original_egg-shell-jpg_6cc960dd-fe1d-4b42-b21d-7d54fd72a5fd_jpg.rf.9181541395de461317f9403a4afec42d.jpg,val,27.61525064061499,0.9733264172026048,0.12449696198409756,0.5515978575764281,reduce
wc_Dataset2_original_egg-shell-jpg_cb2e5165-4ec5-40f1-9e11-06c808232468_jpg.rf.c383eb9ae8321ff3a88863ad0b7e1350.jpg,val,237.96020179372195,0.9716795110217443,0.052701620136015585,0.3218534062996332,reduce
wc_Dataset2_original_eggshells_x1-jpg_651bcd19-b379-4c6e-be32-4a4c889386ff_jpg.rf.7c52110656d38bfce79ba8ec97b5093f.jpg,val,51.26709641255605,0.9697815317691653,0.2545807256135137,0.5652731101535569,reduce
wc_Dataset2_original_hard-boiled-eggs-crack-shell-1129698-1024x578-jpg_a01887f9-9ffc-49ab-b171-3adaf6b9ef4a_jpg.rf.0e762b7312bc71366cf9b39730457a16.jpg,val,117.37552049967971,0.9889367237280816,0.0534128936697555,0.4194046187507337,reduce
wc_Dataset2_original_hard-boiled-eggs-crack-shell-1129698-1024x578-jpg_a01887f9-9ffc-49ab-b171-3adaf6b9ef4a_jpg.rf.2594eb7d57ea3fa30343b23760757756.jpg,val,111.00186178731579,0.9898943240674062,0.0725014244841432,0.4580550427948063,reduce
wc_Dataset2_original_health-benefits-of-orange-peels-1654030533-jpg_c242eb79-56ee-418f-90e8-3ec680e08ef7_jpg.rf.d751d1a2db19ae49442804c74d7fbf0b.jpg,val,218.535834401025,0.9789553399981634,0.10349997796539463,0.3749045935232481,reduce
wc_Dataset2_original_health-benefits-of-orange-peels-1654030533-jpg_d76b24bb-7e66-427d-8624-28945974214d_jpg.rf.c2b7efa80df85d69a2d283cd296b02ef.jpg,val,204.5605781550288,0.9810881192382034,0.08430414374292175,0.3267688356729099,reduce
wc_Dataset2_original_orange-1403256_1280-e1496185372901-jpg_f0275a74-fca0-4278-92cf-f25bd32a776d_jpg.rf.09e02f33813308f1f87e9870b48d69f8.jpg,val,142.63512972453555,0.9791852704107359,0.03169677065254553,0.3850115731223397,reduce
wc_Dataset2_original_orange-1403256_1280-e1496185372901-jpg_f0275a74-fca0-4278-92cf-f25bd32a776d_jpg.rf.cd3409fb10eafab5f66aeb4025e5a910.jpg,val,95.74973975016016,0.9847513262126947,0.031203806876418664,0.37855330805746973,reduce
wc_Dataset2_original_orange-flower-jpg_298e50b9-a7be-4fde-9fbc-7affd794d133_jpg.rf.e4b6fdc63c2f3e0b35fb1ce0823c003e.jpg,val,549.9536955477258,0.8743725667673033,0.01129282675451902,0.09745086288991339,reduce
wc_Dataset2_original_orange-flower-jpg_72ba2028-8b5f-4bc8-90ff-e043aad1f076_jpg.rf.47511e86a48e8208ee48295766f40acc.jpg,val,137.08348014093528,0.9119656085604226,0.023720518426017387,0.21002745737073505,reduce
wc_Dataset2_original_orange-flower-jpg_e8d79652-6f73-436f-bd41-380ed5839f80_jpg.rf.41266314a379aaedb9c7f331b305f835.jpg,val,531.0500480461243,0.9124746951562527,0.057993851493689685,0.1564908256166689,reduce
wc_Dataset2_original_orange-peels-and-oranges-on-a-wooden-cutting-board-GettyImages-661827875-jpg_0e850b65-7a63-4c45-8443-1cfb933c22a8_jpg.rf.f1f088e5e4946462e7fd93907c0ed30c.jpg,val,101.62301809737346,0.9791556475951759,0.02694054293045726,0.3062441858107228,reduce
wc_Dataset2_original_Orange-Peels-Banners_Zatevakhin-jpg_3f0c10a8-6717-4edb-b663-0aa525f84c24_jpg.rf.ce79b533069c52994609bd5681a95998.jpg,val,450.1494434657271,0.8707998164125555,0.01311203792655862,0.1243136611090637,reduce
wc_Dataset2_original_orange-wedges-jpg_7aa11e90-dfd0-4288-9a8d-c7fa94f3e2d2_jpg.rf.6b141bec174d45553c3dc8a25e204f9b.jpg,val,144.80625400384366,0.9768431114177122,0.052310311661069926,0.3134447046936675,reduce
wc_Dataset2_original_orange-wedges-jpg_e7e924f1-a8d0-45cc-a1eb-f9951a6d7349_jpg.rf.104727766eb7477c57d69b20c0394cb9.jpg,val,53.141455797565655,0.9800709136401352,0.025962688155189317,0.31472029705636523,reduce
wc_Dataset2_original_ornage-peels-jpg_581dc6d6-b9a7-4425-b9eb-d6b87ec8d66e_jpg.rf.e382a13b3f9787107fc7024a73b6c21d.jpg,val,238.2536434977579,0.9809583497405545,0.10608811351093983,0.36018757080295716,reduce
wc_Dataset2_original_ornage-peels-jpg_7aa0ccbd-b18a-4027-a660-47fe752eaa46_jpg.rf.0a0bd919b67176c27b010548e5a32107.jpg,val,221.65172565663036,0.9804576022209739,0.032228669256117726,0.3396364058553378,reduce
wc_Dataset2_original_peeled-whole-banana-jpg_cad40155-43f8-4b37-a137-2854b14c404a_jpg.rf.4f6e41ea5928f21ef395f004b8d66ec4.jpg,val,9.210602178090966,0.978564595065224,0.5653047080625703,0.6992389933524337,reduce
wc_Dataset2_original_Qs86MCkIk2tKwuqhtrabApm0UAZXtYm6TR5RjOlkQk4-jpg_79d959b1-ff8e-47ce-8194-976fe92226bf_jpg.rf.c3243c1d3b28f18e16c11a1395baf6b5.jpg,val,133.8197869955157,0.9818779145960485,0.022045550212280933,0.2885257740167676,reduce
wc_Ly-project-dataset_original_orangepeel2-png_b09659ca-b803-41fe-8a34-72129ed8a623_png.rf.b106ef460dbb97880c284869484a7296.jpg,val,202.19919122357464,0.9739575027415942,0.20665584430762296,0.5141039173785487,reduce
wc_Ly-project-dataset_original_orangepeel2-png_be163d54-89bb-4ad9-884a-75c29adb5cd7_png.rf.c9f99d1616155b0d2a3001fbf14e776a.jpg,val,9.450452434336965,0.9692058740611978,0.0883116412982448,0.570195791971065,reduce
trashnet_glass124.jpg,val,76.93814061499039,0.9609044499376277,0.06930652849034298,0.6327738618913339,reuse
trashnet_glass156.jpg,val,171.81378122998078,0.9659776851458833,0.03197417654762418,0.36153003909229664,reuse
trashnet_glass157.jpg,val,58.175528507367076,0.9906066304533663,0.04628190244304395,0.4712583768483971,reuse
trashnet_glass158.jpg,val,72.4549367392697,0.9858192972360234,0.10167104758533702,0.6460147811460035,reuse
trashnet_glass159.jpg,val,333.0934897501602,0.9598296982617345,0.14015554346188802,0.6546157915714766,reuse
trashnet_glass17.jpg,val,299.9927130044843,0.9625931574303698,0.06574932490528229,0.5838927696897276,reuse
trashnet_glass173.jpg,val,44.6036595131326,0.98449517617458,0.09204364233229424,0.6703387683939828,reuse
trashnet_glass175.jpg,val,49.27836723254324,0.9797205672336798,0.09214085660329173,0.660084100443217,reuse
trashnet_glass183.jpg,val,8.201133087764253,0.9907746256842026,0.0557927249853172,0.5876271875894273,reuse
trashnet_glass239.jpg,val,54.16017376681612,0.9861763823213032,0.14737995051467184,0.8076604424151667,reuse
trashnet_glass241.jpg,val,38.98362427930813,0.9860987478459239,0.08757498351216984,0.7315715810849,reuse
trashnet_glass245.jpg,val,41.03577434336964,0.9911799725226117,0.1463226553943522,0.7671958391050377,reuse
trashnet_glass248.jpg,val,119.87211723254323,0.9682586613187326,0.11959366578913984,0.6483571109309044,reuse
trashnet_glass258.jpg,val,23.712143657911593,0.9938792858879413,0.109957884077575,0.7125510026167897,reuse
trashnet_glass265.jpg,val,43.861166720051244,0.9616057342740432,0.09297777787123074,0.6114305442189298,reuse
trashnet_glass269.jpg,val,53.52342248558616,0.9606069369584624,0.1350070029016858,0.7255407942892811,reuse
trashnet_glass282.jpg,val,103.97029147982063,0.9575727558028554,0.05705149916995173,0.4935968482629859,reuse
trashnet_glass288.jpg,val,38.60846412556053,0.9625379709134574,0.06913265000059067,0.6334988111482689,reuse
trashnet_glass289.jpg,val,69.77088004484304,0.9763797136429747,0.10860051449390234,0.6025408839517672,reuse
trashnet_glass299.jpg,val,70.26589525944907,0.9925281186834155,0.10050111044136675,0.7023671745881462,reuse
trashnet_glass306.jpg,val,67.9591607943626,0.9934841506556515,0.07067390334466166,0.6459621104727866,reuse
trashnet_glass313.jpg,val,44.710341928251125,0.9951880081134051,0.05978791623660179,0.5308320430900327,reuse
trashnet_glass314.jpg,val,69.28721572709802,0.9930383102031418,0.07236810268785564,0.7100169542769933,reuse
trashnet_glass32.jpg,val,39.83141816143498,0.9837307287195931,0.08396721651745186,0.7077771221708614,reuse
trashnet_glass330.jpg,val,84.54168001281228,0.9877797467620837,0.08928361134528906,0.6850022449458177,reuse
trashnet_glass337.jpg,val,88.7336242793081,0.9467961545069632,0.0755137126664982,0.4913290846661762,reuse
trashnet_glass338.jpg,val,79.53038917360666,0.974360645614524,0.1111744329329505,0.6913361645843453,reuse
trashnet_glass341.jpg,val,58.89191623959001,0.9782363047013808,0.08525801337315048,0.6233738810978355,reuse
trashnet_glass353.jpg,val,95.58774423446509,0.9769790191962134,0.07423875804211472,0.6388149950828067,reuse
trashnet_glass354.jpg,val,60.83374039077515,0.9701125901096532,0.06363913695124386,0.6302734084200861,reuse
trashnet_glass363.jpg,val,64.8541399743754,0.9915845747978292,0.08023775179134841,0.6933811281895406,reuse
trashnet_glass364.jpg,val,33.33492152466368,0.9857659027930744,0.05562889113776342,0.5342572174394795,reuse
trashnet_glass37.jpg,val,69.41802130044842,0.9885436833076283,0.07899092870643817,0.6777573324667422,reuse
trashnet_glass394.jpg,val,17.75400384368994,0.9982001026009443,0.07282566705196264,0.6626454508019147,reuse
trashnet_glass395.jpg,val,62.62748238308776,0.992752169124053,0.10412176422269417,0.6970755130182751,reuse
trashnet_glass412.jpg,val,377.18121396540687,0.9324431861166238,0.06645656899702847,0.47142722023923067,reuse
trashnet_glass43.jpg,val,124.13599055092891,0.9697543129354534,0.09481278968724881,0.5636903548718672,reuse
trashnet_glass430.jpg,val,286.94959160794366,0.9467712949859469,0.08581351884526316,0.5985402795939992,reuse
trashnet_glass453.jpg,val,68.32541239590005,0.977846609909149,0.04992237585373096,0.5903829476143095,reuse
trashnet_glass459.jpg,val,63.65745115310697,0.9944461651279851,0.12870921323251824,0.6687662716259016,reuse
trashnet_glass47.jpg,val,70.2644939141576,0.9853223894741897,0.06576226418798345,0.6560624055683134,reuse
trashnet_glass479.jpg,val,36.93369634849456,0.9893827178282613,0.07115826481083805,0.5843954503788621,reuse
trashnet_glass484.jpg,val,38.83251921844972,0.9889451648152852,0.13111320852644687,0.6180955107425881,reuse
trashnet_glass488.jpg,val,120.70001201153106,0.9404815134365802,0.05884096827477286,0.5167835039798939,reuse
trashnet_glass498.jpg,val,28.61166720051249,0.9859809069208757,0.08858928289828433,0.6445812208591173,reuse
trashnet_glass499.jpg,val,23.656630365150544,0.9901512883493312,0.062253476846454485,0.646746398291639,reuse
trashnet_glass75.jpg,val,194.3473734785394,0.9704613915311618,0.09660387586583781,0.5603540094925631,reuse
trashnet_glass82.jpg,val,63.43643898142218,0.9876211302431263,0.1368709104801023,0.685923381124091,reuse
trashnet_glass88.jpg,val,50.00152146060217,0.9928077706525453,0.07915515940897504,0.6953221286977334,reuse
trashnet_glass96.jpg,val,143.46776905829594,0.9778946801367829,0.11424089222608595,0.6871102674374276,reuse
trashnet_cardboard10.jpg,test,181.43465727098013,0.9382934908855649,0.029410531501698273,0.30619192122109173,recycle
trashnet_cardboard110.jpg,test,12.86661194746957,0.9795851104606315,0.03695202307665423,0.3169567624759952,recycle
trashnet_cardboard111.jpg,test,189.93397661755287,0.9517524130897178,0.021413640088761655,0.22929406121279564,recycle
trashnet_cardboard122.jpg,test,244.00264253683534,0.9723446306559421,0.032341863715860446,0.37191491999999854,recycle
trashnet_cardboard134.jpg,test,37.776965887251755,0.9875856451940839,0.1540164276102418,0.735149288677424,recycle
trashnet_cardboard138.jpg,test,101.3022301409353,0.9731548459667797,0.025408493477204346,0.3473449852243271,recycle
trashnet_cardboard141.jpg,test,639.1788116591929,0.8500742224772079,0.02778122635999707,0.2841126081760056,recycle
trashnet_cardboard157.jpg,test,215.65174567584884,0.9450506340640515,0.03205321321516749,0.3848541614040548,recycle
trashnet_cardboard191.jpg,test,341.1274623638693,0.96802304859065,0.04879479270146799,0.4641572676397327,recycle
trashnet_cardboard197.jpg,test,162.0550128122998,0.9748319566633346,0.06770262309872156,0.6566217493840729,recycle
trashnet_cardboard205.jpg,test,81.83147821909033,0.9859402773200484,0.5337306387900842,0.6783263783411183,recycle
trashnet_cardboard207.jpg,test,53.86074631646378,0.9880903168848196,0.05065250372537848,0.4826351625094356,recycle
trashnet_cardboard209.jpg,test,53.679432254964766,0.9894131249850289,0.054825030187176126,0.4831200599264449,recycle
trashnet_cardboard216.jpg,test,21.76045003203075,0.9918221671762398,0.12168111125711793,0.7305579722614649,recycle
trashnet_cardboard217.jpg,test,43.02496396540678,0.9826153076288168,0.12655009957258093,0.7185027191028645,recycle
trashnet_cardboard223.jpg,test,35.73616672005125,0.9890412024997371,0.02861929503190058,0.3199669401209544,recycle
trashnet_cardboard226.jpg,test,79.64894298526585,0.9881524523321152,0.030915442535644416,0.3624554093681218,recycle
trashnet_cardboard23.jpg,test,25.882827514413826,0.9944192155036253,0.02585936001142476,0.271905995805882,recycle
trashnet_cardboard244.jpg,test,185.46374519538756,0.9249745484916639,0.03002599148468302,0.2786198641323388,recycle
trashnet_cardboard257.jpg,test,148.50880845611783,0.9759729603130978,0.059677511813143534,0.45793095719530874,recycle
trashnet_cardboard259.jpg,test,36.210061659192824,0.9525696458827787,0.028317494089206103,0.21204517632231248,recycle
trashnet_cardboard268.jpg,test,111.27492392696989,0.9920561920070958,0.070365422750872,0.5346810161679745,recycle
trashnet_cardboard272.jpg,test,472.6074231262012,0.9200097166376696,0.02304028976103467,0.30298071488041023,recycle
trashnet_cardboard295.jpg,test,36.6945067264574,0.9941449766900736,0.04446705781390757,0.4789397578991346,recycle
trashnet_cardboard305.jpg,test,66.97379484304933,0.9783348459597002,0.023026565940357117,0.2543386626999437,recycle
trashnet_cardboard321.jpg,test,244.4697709801409,0.9375483548281112,0.026056675900209696,0.2870623666030356,recycle
trashnet_cardboard330.jpg,test,269.77648542600895,0.9071779448049163,0.028394528619635616,0.3335018473472323,recycle
trashnet_cardboard333.jpg,test,89.59863468930173,0.9892381796573125,0.06976043886883235,0.6081162232690613,recycle
trashnet_cardboard335.jpg,test,225.91149503523383,0.9721063777676047,0.03826288833963065,0.37284177163814125,recycle
trashnet_cardboard343.jpg,test,32.69298526585522,0.9869255107517576,0.03551368163254461,0.3357322025170424,recycle
trashnet_cardboard355.jpg,test,63.304151985906465,0.9706350218609073,0.02682999900060263,0.2953169538397684,recycle
trashnet_cardboard362.jpg,test,44.12299807815503,0.9904787234063082,0.030696088534813426,0.35076419730874375,recycle
trashnet_cardboard381.jpg,test,274.3648902946829,0.8950168894663233,0.028915063631350768,0.26401127567542937,recycle
trashnet_cardboard39.jpg,test,127.2552650544523,0.9619652600879504,0.02498089252335396,0.2807480107890726,recycle
trashnet_cardboard393.jpg,test,636.9519538757208,0.8279633740602479,0.025287926185050873,0.24433324417232194,recycle
trashnet_cardboard397.jpg,test,63.95031229980781,0.9848719950813711,0.03152880412589883,0.40877192205249624,recycle
trashnet_cardboard403.jpg,test,20.62646140294683,0.9963665763757015,0.051695696450818875,0.4312777733793218,recycle
trashnet_cardboard57.jpg,test,154.081017777066,0.9482754492942587,0.022884221585118842,0.27213964117029005,recycle
trashnet_cardboard71.jpg,test,136.3764814221653,0.9465925112892017,0.02864182123215866,0.3280874848751642,recycle
trashnet_cardboard78.jpg,test,174.8399863869314,0.9186593180699624,0.03287487579130681,0.40884652578838115,recycle
trashnet_cardboard81.jpg,test,153.20862027546443,0.9683782423403584,0.018481148955868457,0.20040796862076893,recycle
trashnet_cardboard93.jpg,test,121.32507206918639,0.9661952664725325,0.027802114419039282,0.33603110883451226,recycle
trashnet_metal102.jpg,test,173.57343049327352,0.9525973537425939,0.07498085425878191,0.6169590823751246,recycle
trashnet_metal106.jpg,test,275.1287435938501,0.9668585401703238,0.09890036322843483,0.5345025636104692,recycle
trashnet_metal108.jpg,test,158.41561899423448,0.9918364323895479,0.2115250420739121,0.46918810040030307,recycle
trashnet_metal112.jpg,test,178.0743313581038,0.978776889768986,0.10892544694049561,0.5643011048029128,recycle
trashnet_metal113.jpg,test,155.49369394618836,0.9551754225689731,0.08567885677536925,0.5673901617728834,recycle
trashnet_metal126.jpg,test,495.7439742152468,0.8959233767000461,0.06240529222957558,0.5334108973516041,recycle
trashnet_metal140.jpg,test,551.8213885329916,0.8950459640948033,0.06949917559605717,0.5537958657148251,recycle
trashnet_metal142.jpg,test,344.07290999359384,0.9429520947231215,0.05453789390876691,0.42742290160555296,recycle
trashnet_metal147.jpg,test,61.79628443305573,0.9866722574535416,0.055019838247144445,0.511504522093422,recycle
trashnet_metal150.jpg,test,103.13629083920564,0.9799969421292494,0.08212988368236611,0.5941276770860281,recycle
trashnet_metal158.jpg,test,221.9063100576553,0.967884601563952,0.0916100118030423,0.5798848649230793,recycle
trashnet_metal159.jpg,test,64.60181774503522,0.9781605928179382,0.15737631969891333,0.8339233514117425,recycle
trashnet_metal160.jpg,test,79.76857783472133,0.9672352416078629,0.1513124534862184,0.8283186426108554,recycle
trashnet_metal178.jpg,test,44.71646780909673,0.9576094611414663,0.16217436223728482,0.8326331319219755,recycle
trashnet_metal180.jpg,test,518.9125560538116,0.9145040790586298,0.02353152047776939,0.17764135571613812,recycle
trashnet_metal193.jpg,test,444.74797805893667,0.923995696033819,0.054198860915261264,0.437939873751973,recycle
trashnet_metal197.jpg,test,141.3503163036515,0.9790059936299195,0.07730029973357619,0.5583122139805283,recycle
trashnet_metal224.jpg,test,443.16605941704034,0.8935064366185195,0.05578919434133034,0.5091796333754187,recycle
trashnet_metal246.jpg,test,103.75328315182577,0.9894884386883127,0.12613827172848788,0.6056117486705954,recycle
trashnet_metal250.jpg,test,114.17128443305575,0.9663308774732909,0.15069021119186723,0.6310364138362374,recycle
trashnet_metal263.jpg,test,140.5175568545804,0.9680943962869981,0.05937947896160396,0.5542015964232819,recycle
trashnet_metal287.jpg,test,48.48562620115311,0.9902335379925901,0.07096071287039638,0.6349626792295747,recycle
trashnet_metal30.jpg,test,123.33083760409995,0.987607205241987,0.1291687516041488,0.6147530933195499,recycle
trashnet_metal302.jpg,test,88.63484945547725,0.9610456953131707,0.09886447301958802,0.5766870350650749,recycle
trashnet_metal309.jpg,test,475.1930253042922,0.9086944371107277,0.09637640785390318,0.5429359301957922,recycle
trashnet_metal310.jpg,test,677.8873918962205,0.8991866587949557,0.0851585892814157,0.5115071064759565,recycle
trashnet_metal319.jpg,test,1154.9231862588088,0.8414418304104425,0.028233685130157064,0.17186844947665633,recycle
trashnet_metal324.jpg,test,144.33594250480465,0.9874864868977719,0.06722510488923208,0.5331775022356304,recycle
trashnet_metal326.jpg,test,195.07411114670083,0.9668481054620655,0.08872432584513047,0.602905552836353,recycle
trashnet_metal333.jpg,test,132.68525784753362,0.9719495616155284,0.07537184036471242,0.5830531017281575,recycle
trashnet_metal336.jpg,test,128.4690302690583,0.9825183627790397,0.08921491985314003,0.6518740020394619,recycle
trashnet_metal339.jpg,test,149.66223574631644,0.966840151779548,0.07571665536262742,0.6099574042220025,recycle
trashnet_metal345.jpg,test,233.6903227098014,0.9355719752220051,0.049962883981900574,0.6065017836395825,recycle
trashnet_metal36.jpg,test,205.00880845611783,0.9859725260441571,0.042155297828295205,0.42192807496595375,recycle
trashnet_metal367.jpg,test,214.76739670083282,0.9673747552464634,0.07622296196176971,0.5807530490191061,recycle
trashnet_metal395.jpg,test,109.19356582319027,0.9754207550996162,0.1108443146218958,0.613572854708933,recycle
trashnet_metal405.jpg,test,87.56416159513132,0.9907901738533299,0.08836526223201992,0.6124286837169233,recycle
trashnet_metal55.jpg,test,316.9085922485587,0.94702660260397,0.06878583212846417,0.49906593121524906,recycle
trashnet_metal56.jpg,test,121.23282351057016,0.986596115247453,0.10623230667357579,0.6785018481021088,recycle
trashnet_metal76.jpg,test,247.8972413516976,0.9815056025881429,0.06571985766056025,0.4200223081905172,recycle
trashnet_paper10.jpg,test,125.09082719410632,0.9841178668627796,0.0706203064346108,0.28732657681257545,recycle
trashnet_paper102.jpg,test,245.194266495836,0.9604754321922083,0.05098125394817384,0.4785627582129628,recycle
trashnet_paper14.jpg,test,567.540819186419,0.9115433673360945,0.02036448539371053,0.25578112790529495,recycle
trashnet_paper145.jpg,test,133.84829436258806,0.9434188267579534,0.04795159061591364,0.49489142323236196,recycle
trashnet_paper147.jpg,test,555.3789838244714,0.9399070379466503,0.035551088374151156,0.3140492932932045,recycle
trashnet_paper150.jpg,test,118.21680813581037,0.9520994928032245,0.08872157494037258,0.669642127500345,recycle
trashnet_paper160.jpg,test,76.02804692504803,0.9361625405790106,0.06816252259667044,0.5577632355458969,recycle
trashnet_paper173.jpg,test,123.15154548366431,0.9716815971522983,0.06749567898411066,0.6477675787822443,recycle
trashnet_paper175.jpg,test,115.5409593209481,0.9320306200385845,0.041934612456317896,0.4730185393495237,recycle
trashnet_paper176.jpg,test,293.681894618834,0.9757366205969962,0.051574012019524836,0.5547614286864946,recycle
trashnet_paper177.jpg,test,72.92056374119154,0.958630818861832,0.0446136064842084,0.5326286286578215,recycle
trashnet_paper18.jpg,test,461.33828475336327,0.9520743765079042,0.0399027569752785,0.5062016169633278,recycle
trashnet_paper190.jpg,test,378.4642456758488,0.9532455116270565,0.038580082945033116,0.410995266158353,recycle
trashnet_paper2.jpg,test,259.82331037796286,0.9324405795995584,0.03385330637915681,0.3546050939022684,recycle
trashnet_paper207.jpg,test,530.6423967008328,0.9334665520907462,0.0472081377942479,0.41111604149395975,recycle
trashnet_paper211.jpg,test,160.4200032030749,0.9050717522985813,0.07624747932931343,0.5151416443775082,recycle
trashnet_paper224.jpg,test,540.4944746957078,0.9381464376276856,0.04832686810754051,0.4719254135459075,recycle
trashnet_paper225.jpg,test,220.91275624599615,0.9424570885989454,0.08670913990384053,0.6229858417518566,recycle
trashnet_paper243.jpg,test,17.45125320307495,0.991429856932854,0.05816002279960526,0.5846470410390674,recycle
trashnet_paper263.jpg,test,157.28823670723898,0.9818429143478624,0.07779138836102313,0.6045952467029959,recycle
trashnet_paper268.jpg,test,464.21626761691226,0.9345661100250092,0.05195752798887742,0.548177979425224,recycle
trashnet_paper27.jpg,test,38.52192104420243,0.9688750375671417,0.04694329580777037,0.4935922956539177,recycle
trashnet_paper270.jpg,test,139.24711723254322,0.8989804639910088,0.04121171645843508,0.4088589925757715,recycle
trashnet_paper277.jpg,test,11.21460602178091,0.9945977494637169,0.0537383637369802,0.6424032214720848,recycle
trashnet_paper294.jpg,test,1.1886611146700832,0.9993576122999689,0.10876673335939654,0.7191904747178172,recycle
trashnet_paper302.jpg,test,668.8777025944906,0.9330734826541435,0.04530222188722686,0.4911032444387368,recycle
trashnet_paper320.jpg,test,179.97259368994233,0.9424438241546308,0.05303820760835606,0.4744712859809572,recycle
trashnet_paper336.jpg,test,316.4481502242152,0.9377624008377502,0.04100946794192414,0.41732555694526774,recycle
trashnet_paper338.jpg,test,524.151625560538,0.9048755487820995,0.02905817659222891,0.33110545029222443,recycle
trashnet_paper34.jpg,test,1108.001701633568,0.8163210952495437,0.0293551446412234,0.29028419946904954,recycle
trashnet_paper342.jpg,test,495.5528707559257,0.9064916114997713,0.03592222418848391,0.3755729477623332,recycle
trashnet_paper343.jpg,test,159.41353699551567,0.9753558132324536,0.06247235684920774,0.45109363129521085,recycle
trashnet_paper345.jpg,test,554.6059216848174,0.9374664179454334,0.03470362554547693,0.3649119563991694,recycle
trashnet_paper349.jpg,test,331.07152866752085,0.9632340155450864,0.033231619220714465,0.4341686907376548,recycle
trashnet_paper350.jpg,test,3.245956117873158,0.9977780510234584,0.07654977037750253,0.6645945543172715,recycle
trashnet_paper351.jpg,test,1171.6395339525943,0.8602644351455104,0.01879473594607554,0.18264406044051035,recycle
trashnet_paper354.jpg,test,25.291199551569505,0.983077469859225,0.04849993546545463,0.5249152086831878,recycle
trashnet_paper361.jpg,test,53.8991231582319,0.9733999721353529,0.04772942119897691,0.581713203193511,recycle
trashnet_paper362.jpg,test,563.5122517616912,0.8888904159318356,0.044895439583255016,0.36335438327524466,recycle
trashnet_paper380.jpg,test,1007.8228499359384,0.8664369337752565,0.017729462238487995,0.19601687935326423,recycle
trashnet_paper381.jpg,test,475.44913116591925,0.932258127758704,0.0293723041457007,0.30653683945956234,recycle
trashnet_paper389.jpg,test,25.739389814221653,0.9817114956339313,0.04618840657761864,0.523546436085773,recycle
trashnet_paper392.jpg,test,740.6340486867392,0.9022231466882477,0.02340975195516352,0.2737164988431147,recycle
trashnet_paper393.jpg,test,299.06726457399105,0.9523841931375865,0.05892601605962213,0.559936524865184,recycle
trashnet_paper412.jpg,test,113.27248158231902,0.9071857023756513,0.04796526409288224,0.42213344805114655,recycle
trashnet_paper434.jpg,test,243.7242352658552,0.8733739415115529,0.05251939421355265,0.4477511491467518,recycle
trashnet_paper448.jpg,test,519.3876321268417,0.9262168259061228,0.0493411825631117,0.5381142444103899,recycle
trashnet_paper45.jpg,test,40.58756406149904,0.9818195280972242,0.06899363918352971,0.5913545098368223,recycle
trashnet_paper451.jpg,test,802.7908992632927,0.9356167304405869,0.04225583535116412,0.350506790962081,recycle
trashnet_paper452.jpg,test,722.0518297565663,0.9448540914128568,0.05369607451334464,0.5539688066538955,recycle
trashnet_paper471.jpg,test,275.050968930173,0.8692877655564226,0.03187460376482185,0.3352050665522911,recycle
trashnet_paper486.jpg,test,41.6769098334401,0.9747676499981295,0.0885552215577192,0.653359743573003,recycle
trashnet_paper490.jpg,test,1541.4718729980782,0.8618808215409671,0.0321381352728342,0.3566388572668854,recycle
trashnet_paper52.jpg,test,8.920563741191543,0.9963396980410746,0.0931095787021255,0.6239095050562424,recycle
trashnet_paper527.jpg,test,408.39870275464443,0.9443456470329764,0.043598206283221676,0.3935018060380142,recycle
trashnet_paper530.jpg,test,129.10187780269055,0.9742734557971843,0.11142619480008205,0.6250573229224444,recycle
trashnet_paper545.jpg,test,51.987948430493255,0.9739712185205766,0.08171892297213146,0.6885773277731392,recycle
trashnet_paper563.jpg,test,583.1921044202435,0.9425359903434991,0.048911977753831486,0.368090028621536,recycle
trashnet_paper565.jpg,test,671.9106742472773,0.9182876493848301,0.026232747231025474,0.28300232216549176,recycle
trashnet_paper584.jpg,test,151.07278987828317,0.9622762931727871,0.0985234207377452,0.6238244251677848,recycle
trashnet_paper70.jpg,test,34.61182735426009,0.9866000930942512,0.06276403485864074,0.4563819006564179,recycle
trashnet_paper73.jpg,test,524.9533552210122,0.9042844790879372,0.022197743270862637,0.20999560070107956,recycle
trashnet_paper87.jpg,test,34.3337203715567,0.9824748895224628,0.06131091640435999,0.6426726960683893,recycle
trashnet_plastic10.jpg,test,21.840406790518898,0.975353328858202,0.14988941062853017,0.7451717165139347,recycle
trashnet_plastic103.jpg,test,196.5640014413837,0.940940755138476,0.06755385821605946,0.4486528727102528,recycle
trashnet_plastic137.jpg,test,13.58628283151826,0.9974016685675094,0.0806065720480428,0.7223017492698875,recycle
trashnet_plastic142.jpg,test,189.99667680973735,0.9629327527789721,0.08391894361108261,0.5041861323663062,recycle
trashnet_plastic147.jpg,test,1.9440262652146056,0.9862012953702705,0.14821822880107638,0.7835528584007504,recycle
trashnet_plastic156.jpg,test,34.13727178090967,0.9836815293866775,0.04835687488508362,0.5298674889177344,recycle
trashnet_plastic166.jpg,test,9.839265695067263,0.9966441333509259,0.05486725821806095,0.5769421018876492,recycle
trashnet_plastic167.jpg,test,25.095791960281872,0.9774606032302461,0.089269881540344,0.6546777095013256,recycle
trashnet_plastic178.jpg,test,5.579176008968609,0.9930647176879844,0.0838120402196733,0.76397371081399,recycle
trashnet_plastic181.jpg,test,33.436398942985264,0.9626656023219884,0.10284648296398133,0.7484842534946837,recycle
trashnet_plastic198.jpg,test,314.3603259128764,0.9768372080950105,0.04413393012385515,0.4569235736546112,recycle
trashnet_plastic224.jpg,test,124.12497998078155,0.9309031138943107,0.06101808194983466,0.5336198389336433,recycle
trashnet_plastic228.jpg,test,77.42286595131326,0.9667920695489601,0.07072290088457286,0.5407103916767186,recycle
trashnet_plastic231.jpg,test,507.99837844330557,0.7686973910422737,0.046750771161117054,0.36979411952465113,recycle
trashnet_plastic233.jpg,test,11.471392536835364,0.9848589040968192,0.07150843953501983,0.6810026715241472,recycle
trashnet_plastic234.jpg,test,59.9832038757207,0.9641875027931739,0.07610754357806136,0.670871302943053,recycle
trashnet_plastic238.jpg,test,698.9831638372839,0.764831334527988,0.02596889282595442,0.31657597509210017,recycle
trashnet_plastic24.jpg,test,84.44704916720052,0.9768666316023573,0.0815309000697205,0.6720395535196698,recycle
trashnet_plastic244.jpg,test,133.84985586162716,0.9281086689966613,0.03717008781702844,0.4048755293394998,recycle
trashnet_plastic251.jpg,test,127.32907591287636,0.917258839811808,0.053629025801667014,0.5331426298638533,recycle
trashnet_plastic268.jpg,test,87.12019538757207,0.9876268324311673,0.03172713295210942,0.44298959204883803,recycle
trashnet_plastic291.jpg,test,180.4774783792441,0.9224308273113627,0.06656686502676742,0.5967058438819983,recycle
trashnet_plastic304.jpg,test,55.351197149263285,0.9821824241997946,0.06189971803650605,0.6014134474438473,recycle
trashnet_plastic311.jpg,test,62.7671965086483,0.9555004751168522,0.07519296399539263,0.6605503952074941,recycle
trashnet_plastic32.jpg,test,103.50852818705958,0.972998100061724,0.09034148060482135,0.6070461702697844,recycle
trashnet_plastic337.jpg,test,31.026185137732224,0.9770853485480401,0.05172884699322494,0.5209041635135766,recycle
trashnet_plastic366.jpg,test,43.86877402306214,0.9725514765406226,0.04797635043134077,0.4498634974521202,recycle
trashnet_plastic38.jpg,test,138.20403587443946,0.9485364577432858,0.07450973190018194,0.5314995852239626,recycle
trashnet_plastic384.jpg,test,106.26105060858423,0.9771253143512071,0.08437704101222403,0.5876627301875005,recycle
trashnet_plastic389.jpg,test,90.73082158872518,0.967540639509919,0.05947784426604047,0.5547870932695306,recycle
trashnet_plastic39.jpg,test,118.49373398462525,0.912088145091717,0.042440908366049614,0.45510257658521813,recycle
trashnet_plastic391.jpg,test,219.63434897501602,0.9684694368449546,0.05310342126402454,0.5478489832580591,recycle
trashnet_plastic411.jpg,test,74.44098334401025,0.9839751524277834,0.08401836429365216,0.6501995164060577,recycle
trashnet_plastic417.jpg,test,99.56015775144138,0.9517702614025702,0.04068959952736769,0.42271278669260437,recycle
trashnet_plastic435.jpg,test,30.144899103139014,0.987646103793781,0.058631904422683075,0.4989132207549027,recycle
trashnet_plastic437.jpg,test,157.17262572069185,0.9303875158812565,0.037982920618909545,0.43033804047991286,recycle
trashnet_plastic440.jpg,test,90.71282431133888,0.9746075850100983,0.09998767050009887,0.6411509762795318,recycle
trashnet_plastic451.jpg,test,13.793461723254325,0.9586314676203493,0.11986090564556817,0.7121243338510727,recycle
trashnet_plastic452.jpg,test,56.47371476617553,0.9870682081527307,0.13585157282477048,0.739353633678649,recycle
trashnet_plastic54.jpg,test,15.115711082639333,0.9877857641054073,0.05553654317787644,0.5308925124789434,recycle
trashnet_plastic57.jpg,test,79.55048846893018,0.9844701622419679,0.10117639526476646,0.6366632753665182,recycle
trashnet_plastic68.jpg,test,46.134869474695705,0.9968215134675713,0.07276075209107341,0.5795990084347292,recycle
trashnet_plastic70.jpg,test,122.9017456758488,0.9703644145672898,0.044450236898320526,0.5182747831738267,recycle
trashnet_plastic71.jpg,test,111.34368994234467,0.9357376541003904,0.042446857033361915,0.422709861486663,recycle
trashnet_plastic81.jpg,test,115.54904708520179,0.9106418738224878,0.03769298279061877,0.3724804966621316,recycle
trashnet_plastic90.jpg,test,174.3473334401025,0.9344765938362352,0.0727053435240934,0.5890068816929571,recycle
trashnet_plastic92.jpg,test,165.0610185778347,0.9588010797499863,0.04977477242954925,0.5066118110299473,recycle
wc_220px-Botella_de_plastico_-_PET_jpg.rf.19fbf8ca9bc93879ddbdc758cbd0007b.jpg,test,799.996036194747,0.8314193483807576,0.044703887508269154,0.4454393955090241,recycle
wc_3_341_Original_Plastic_Drinking_Bottles_f57e0d_jpg.rf.3a8e0b47e32437d144e7699877def605.jpg,test,77.10710281870597,0.883948856531506,0.09684328841940629,0.6544784548114646,recycle
wc_can-6_jpg.rf.e66c4321f03df2da61b02e7e0f8675b2.jpg,test,793.4306133888533,0.948351218455472,0.3780105688096498,0.5818346558378135,recycle
wc_Dataset2_original_can-6-jpg_52bc9882-389c-4908-9e4d-3be1182014bd_jpg.rf.9d545d038f665c76d813db0307c939c7.jpg,test,246.0497277386291,0.9723099830304607,0.4823688796508145,0.598627058493766,recycle
wc_Dataset2_original_crumpled-empty-soda-or-beer-can-isolated-on-white-jpg_0df5b24f-4001-4012-a2f3-4de08960cebb_jpg.rf.b5d75263aa70668d758e4defd5d69a3d.jpg,test,244.75658632286996,0.973386468893063,0.10494984626910846,0.4015026257510032,recycle
wc_Dataset2_original_crushed-can-4336229-jpg_16cf1655-978f-4f39-8a4f-473741ef061e_jpg.rf.69f6cd95965fe2058d33268cca4ee823.jpg,test,494.74015054452275,0.9742810938915056,0.35762979397938544,0.5872417637066394,recycle
wc_Dataset2_original_crushed-can-4336229-jpg_17ed36ea-1d45-4c61-bd1c-4e9a15e489f6_jpg.rf.c51bd5125dfd1e08e613307065d27fe9.jpg,test,308.8080757527226,0.9745814651574256,0.439095493974236,0.5988710713220247,recycle
wc_Dataset2_original_crushed-tin-can-8753110-jpg_8d4e11b1-cd09-4639-9423-6b1a41198453_jpg.rf.7754fdef912cf0628f877dd542677a6f.jpg,test,1183.8019899103138,0.928377836531368,0.28840141898443894,0.44594719061395827,recycle
wc_Dataset2_original_lays-classic-potato-chips-open-bag-jpg_ffbd6c3f-f2cd-40a6-a7e0-f970c2bb529a_jpg.rf.b4584f8255daf9f495db056100031089.jpg,test,387.25004003843685,0.9670228312078099,0.32299778883014235,0.5622251264943886,recycle
wc_Dataset2_original_sweet-crisp-wrappers-600px_original-jpg_00cc7a3f-532c-4fa4-834b-f7e7e7313a40_jpg.rf.97765e90a78ba305170a20866d03fa90.jpg,test,812.933095771941,0.9412872864611489,0.2634792134295985,0.4329825225736662,recycle
wc_Dataset2_original_sweet-crisp-wrappers-600px_original-jpg_1a189e27-b989-4ae2-98cd-aef664f8e601_jpg.rf.51026fe3341e5ae49f0c5336494d334b.jpg,test,819.5336122677769,0.9349782331957716,0.28052590943394823,0.43174617677656646,recycle
wc_Dataset2_original_sweet-crisp-wrappers-600px_original-jpg_abbd3820-392f-4510-87a2-143fde026986_jpg.rf.7199f1ef29bdfaafe16a99b44d6befbe.jpg,test,888.6129484304934,0.9365381622083546,0.26503670654813055,0.4278864563057008,recycle
wc_Ly-project-dataset_original_20231004_221118-jpg_1c3b46af-9a36-45a9-945d-008b3861c9b5_jpg.rf.5c1ef21b25811bc1571b223f237e52ca.jpg,test,139.89129564381807,0.9140601952011468,0.07840292603611572,0.49209660464703514,recycle
wc_Ly-project-dataset_original_20231004_221118-jpg_d7182dd7-95ed-4af1-920d-3d3050db5de4_jpg.rf.2859ff538f13bebdde3f79c5f8a1783c.jpg,test,691.9138973414478,0.9177602803416239,0.03640400061902114,0.313484078172407,recycle
wc_Ly-project-dataset_original_a-crumpled-walkers-crisp-packet-BJ7JP4-jpg_82bd73aa-21da-4ece-9ebc-ad28dd9da4b3_jpg.rf.e98b1e858b9ca975a04b2f097ab610bf.jpg,test,40.60494074311339,0.9649183343173547,0.24464575370695774,0.7121890083372511,recycle
wc_Ly-project-dataset_original_istockphoto-1147277988-612x612-jpg_6d43baaa-39c7-4368-82b7-d5e0a6b4255c_jpg.rf.853f2df9c1f71bc8fd0c6904c6299dc8.jpg,test,353.63559016655995,0.9691603094928105,0.4649793316268233,0.6358731304509492,recycle
wc_Ly-project-dataset_original_istockphoto-1147277988-612x612-jpg_81f001f0-2ad6-4ddc-ac81-99b60ef34492_jpg.rf.041e28d6dd0a75bad98be4c920cbf509.jpg,test,452.0218609865471,0.9689988407393002,0.38473605380674963,0.6093204840442399,recycle
wc_Ly-project-dataset_original_istockphoto-1147277988-612x612-jpg_81f001f0-2ad6-4ddc-ac81-99b60ef34492_jpg.rf.c97b4b0a0bfa8c9dc2673f36b745892a.jpg,test,466.36675208199864,0.963489855518909,0.40649311444342334,0.6136569363151572,recycle
wc_Ly-project-dataset_original_istockphoto-1353307229-612x612-jpg_444be282-5f83-4a3e-9a60-3c06d42771ba_jpg.rf.33a42918505ce80f95641371e551eba0.jpg,test,113.10486066623957,0.9919421308874492,0.6488849600709368,0.7539230204801876,recycle
wc_Ly-project-dataset_original_istockphoto-1353307229-612x612-jpg_75230745-df2a-4264-8910-486458e46b92_jpg.rf.3b6b5de5c1f1cc42ec097a211a6be23d.jpg,test,247.77666559897503,0.9804713992278401,0.6108388781570211,0.7486854337349655,recycle
wc_Ly-project-dataset_original_istockphoto-1353307229-612x612-jpg_886c1897-cfc9-4a9f-b269-ca3b82a949e7_jpg.rf.afbdfa0567c084bf1bf6585573c626e3.jpg,test,319.0309697309417,0.9845790780007857,0.535423341529251,0.7341868380741907,recycle
wc_Ly-project-dataset_original_istockphoto-1353307229-612x612-jpg_9b9c78f3-b948-4719-86af-0c0282fda54e_jpg.rf.d3f96f2aff4be3bde5333c4d7b6d292e.jpg,test,506.0559537155669,0.973743914884902,0.565564590441643,0.7438924574656968,recycle
wc_Ly-project-dataset_original_istockphoto-1353307229-612x612-jpg_9b9c78f3-b948-4719-86af-0c0282fda54e_jpg.rf.fd029feeb7df8d5f2be5bfe7faa0317e.jpg,test,314.7490590967329,0.985005060227985,0.5472118694152994,0.75391352084374,recycle
wc_pb_jpeg.rf.15e04386bcd0b88eb532ae6cfb03529e.jpg,test,247.6170123318386,0.9685413539838709,0.10348844020337031,0.5023398981886742,recycle
wc_plastic_jpeg.rf.ffd7adfbcbbe1918b8dc4914f2ea85c0.jpg,test,173.9034072709801,0.9438054148957007,0.021628405435822312,0.2194014510820779,recycle
trashnet_trash124.jpg,test,54.6280629404228,0.9152678286541109,0.1303149014449511,0.7032593836756743,reduce
trashnet_trash127.jpg,test,5.786715246636771,0.9914637124954464,0.1361532464253167,0.7597372185381492,reduce
trashnet_trash17.jpg,test,121.06013773222293,0.9827865520592355,0.05115674983052537,0.336680104550303,reduce
trashnet_trash27.jpg,test,44.15116511851377,0.986558316231196,0.05781780594816027,0.6548964071709136,reduce
trashnet_trash29.jpg,test,7.7430132927610495,0.9982953590926246,0.11018213107185966,0.6111883839922084,reduce
trashnet_trash44.jpg,test,88.63785233824471,0.982038542140369,0.134744795425575,0.7158552352758512,reduce
trashnet_trash47.jpg,test,439.3654107943627,0.9462921672617626,0.07193253970693635,0.5023594196196031,reduce
trashnet_trash50.jpg,test,120.12848334401025,0.957022995241887,0.11014709161769669,0.6158390206820848,reduce
trashnet_trash51.jpg,test,113.0683055733504,0.9680157597037733,0.0697209714986367,0.6357497242067458,reduce
trashnet_trash69.jpg,test,36.068105381165914,0.9842905335338187,0.04908485591179037,0.5120920350652769,reduce
trashnet_trash70.jpg,test,113.14217648942984,0.9718671818041353,0.04172184035644033,0.44578675124509304,reduce
trashnet_trash84.jpg,test,69.02522421524662,0.9829743428501692,0.0689939063870496,0.46215190432072684,reduce
trashnet_trash99.jpg,test,112.07118834080718,0.9653646713296402,0.09131915656776518,0.6776561079346207,reduce
wc_Dataset2_original_banana-peel-isolated-on-white-background-jpg_e31f54a7-2180-4a74-bae3-90581a5247f6_jpg.rf.71fd02070e10cd4844c2aafe32bba8ec.jpg,test,65.29478299167201,0.9674942536604032,0.5961956321065549,0.7544112359394396,reduce
wc_Dataset2_original_banana-peels-jpg_4d015cae-4a59-472d-9c03-1374d503bd1f_jpg.rf.6652da40210599394855d66f02050dd9.jpg,test,237.74855861627162,0.9287424208507103,0.013881419037650177,0.1366627916975464,reduce
wc_Dataset2_original_banana-peels-jpg_b064ef71-4bf2-4f35-a170-f2cad19bcdfe_jpg.rf.a11345b5a23be26dd82d834a82137d0d.jpg,test,347.15919282511214,0.9315284738626287,0.08272451217995133,0.18487376171968936,reduce
wc_Dataset2_original_egg-jpeg_e044ba7b-1fd2-45cf-b122-708aa84dc06e_jpeg.rf.b628b2ba0060f6f3fb5bfda5e6508f0b.jpg,test,268.4897101217168,0.9736825163067051,0.0989848834109171,0.3249229427128589,reduce
wc_Dataset2_original_egg-jpeg_e044ba7b-1fd2-45cf-b122-708aa84dc06e_jpeg.rf.d75c4ad779d060fe7276bebc659c85df.jpg,test,313.24317344650865,0.9613326329041553,0.02934963536805058,0.2657257426980114,reduce
wc_Dataset2_original_egg-shell-jpg_1cac0261-ed8f-4fd1-8e66-792e3806d340_jpg.rf.7a593d9fdeeebc30faa81e888239565d.jpg,test,19.766816143497753,0.9315683622736136,0.0766072178703211,0.5401779665644887,reduce
wc_Dataset2_original_egg-shell-jpg_314cb78b-d2cd-47af-8761-10640605f8a1_jpg.rf.3302865a345dfc5f2474f2ecfa2142f2.jpg,test,457.64205637411914,0.9339295607458127,0.022183376268488833,0.24220729935939764,reduce
wc_Dataset2_original_egg-shell-jpg_38806772-d714-4486-bce8-20b39e1843a5_jpg.rf.5b224c763ce7805850a528321af5dc58.jpg,test,261.4829636450993,0.9751641005561875,0.12154835609661262,0.3741638574515194,reduce
wc_Dataset2_original_egg-shell-jpg_e0ca7bf5-655a-4351-986d-ca310c6b71dd_jpg.rf.b41fc8b3a67e2973221406f962d48609.jpg,test,263.72183295964123,0.9753077480736492,0.12770209863828033,0.3810498226741884,reduce
wc_Dataset2_original_eggshell-jpg_1873c15d-73e3-4435-bb64-71428aabc4bf_jpg.rf.cc0f367259c58c1f3383861ee17803d0.jpg,test,344.34909513132607,0.9640726069631639,0.07977928694053411,0.35894048586102645,reduce
wc_Dataset2_original_eggshell-jpg_8623a392-39b8-4ccc-b6f0-987d838930d3_jpg.rf.0b267c182dbfbf6b816dff0b58ac7cd7.jpg,test,349.06906630365154,0.9656232170884482,0.0865190102605731,0.35728817412097835,reduce
wc_Dataset2_original_eggshells_x1-jpg_651bcd19-b379-4c6e-be32-4a4c889386ff_jpg.rf.0dbf510ca1c2b2e1ef09048fc79d640e.jpg,test,130.8504364189622,0.9601585469889219,0.2291598020934276,0.5688010227832315,reduce
wc_Dataset2_original_eggshells_x1-jpg_e54b5aea-dd00-4938-b61d-5b5d16992877_jpg.rf.f71167e065220b294406f0999e815072.jpg,test,274.18203475336315,0.976840181935615,0.4695666263712696,0.6966302952018703,reduce
wc_Dataset2_original_hard-boiled-eggs-crack-shell-1129698-1024x578-jpg_51cb33ec-a642-48aa-a702-59db4ee92084_jpg.rf.aaaccebd7c80867db41da356f8419b63.jpg,test,19.857823510570146,0.9896691759112571,0.13221636483524438,0.6564239836373144,reduce
wc_Dataset2_original_hard-boiled-eggs-crack-shell-1129698-1024x578-jpg_a55ecac3-21bc-405e-9c67-29b98d646d12_jpg.rf.7f56920d86c7cb7c28412cde9fb02aa6.jpg,test,68.64129564381804,0.9946451882075671,0.1192232583687093,0.5874961229932323,reduce
wc_Dataset2_original_health-benefits-of-orange-peels-1654030533-jpg_c7f3f963-9ea6-48a7-b067-3c2cb19d7695_jpg.rf.7cc992632ecff03e2f3457cf9d3f5c9c.jpg,test,270.9159593209481,0.9784462259377164,0.18558124426870212,0.3941405175663131,reduce
wc_Dataset2_original_health-benefits-of-orange-peels-1654030533-jpg_d143840f-187c-4db0-bb12-d74f16a7facc_jpg.rf.c85a8da033c332b37f2c99e4df29b2a0.jpg,test,177.93319586803332,0.9800502831747084,0.06444920850456753,0.31267993774026176,reduce
wc_Dataset2_original_health-benefits-of-orange-peels-1654030533-jpg_e7bbe261-38f9-4d41-938a-dd55ed530439_jpg.rf.9dec8e5052206aedadb674e57cf5a5b4.jpg,test,208.06626361306854,0.9797624485480199,0.10201679306155405,0.3254298271089933,reduce
wc_Dataset2_original_intro-1657211038-1-jpg_1b667e26-7c6d-45ce-beb1-c8249308eb6b_jpg.rf.a982a27b15ad0ce8b00c12c3d7ad24d7.jpg,test,535.2772661755287,0.933257664544609,0.1963647324536078,0.44166009332262085,reduce
wc_Dataset2_original_intro-1657211038-jpg_09574e15-a36b-41ba-a0b2-e8fc985f7991_jpg.rf.34d164e1da382c2a7a31c6d846514993.jpg,test,324.4147581678411,0.9335672628260351,0.25362564613317473,0.5438788178494706,reduce
wc_Dataset2_original_intro-1657211038-jpg_130bf4ed-7cc3-4095-b10e-09fdc7d0b907_jpg.rf.e157eda4fc75f50558c382a83c64d447.jpg,test,345.5612387892377,0.9339354557879365,0.22187920172739783,0.4858350844210794,reduce
wc_Dataset2_original_orange-peels-and-oranges-on-a-wooden-cutting-board-GettyImages-661827875-jpg_0e850b65-7a63-4c45-8443-1cfb933c22a8_jpg.rf.60166b79b2a5ae7b39f0465ec2ef4f6e.jpg,test,179.24933936579117,0.9790197677101654,0.07145526107129832,0.3765910704730924,reduce
wc_Dataset2_original_orange-peels-on-heaps-view-from-above-jpg_bb4e47e9-64c0-4bf2-8936-4979665f3fa0_jpg.rf.db908bf4d71f7cf020975fea2551cded.jpg,test,12.571708840486867,0.9713570643138655,0.1590548065083054,0.6351826480439747,reduce
wc_Dataset2_original_orange-wedges-jpg_367245a0-457f-4a30-98ba-2516b9508ea8_jpg.rf.2a2f0489dd8c14957c2c94f5be672ea0.jpg,test,332.0602378283152,0.9324682728476676,0.025788421220020372,0.3218829306880485,reduce
wc_Dataset2_original_orange-wedges-jpg_aa1bf09a-5b48-4353-8a10-24c077ca72fb_jpg.rf.a5ecce8cec380bce4ebbd0b47a884e99.jpg,test,214.42877162075592,0.9806251013589111,0.10668691174067163,0.3586083465840022,reduce
wc_Dataset2_original_orange-wedges-jpg_e7e924f1-a8d0-45cc-a1eb-f9951a6d7349_jpg.rf.36d6a7b2c6f7eaa4aacd2470a26ed4e1.jpg,test,205.4466087443946,0.9791921613641907,0.11580772160146337,0.3532911058913235,reduce
wc_Dataset2_original_peeled-whole-banana-jpg_cad40155-43f8-4b37-a137-2854b14c404a_jpg.rf.a89cbe30ac67c6841820105eb7b8ee28.jpg,test,223.4343169442665,0.9809894138016597,0.46359972190838206,0.7179871589290223,reduce
wc_Dataset2_original_Qs86MCkIk2tKwuqhtrabApm0UAZXtYm6TR5RjOlkQk4-jpg_08bd400c-53f7-41e8-b4a9-4c0cbbfe03af_jpg.rf.23c43bd67959dc292ebf4ee29c330db7.jpg,test,142.6493633888533,0.9831859897075025,0.019046284853892776,0.26549439041046596,reduce
wc_Dataset2_original_xlxrew9s5e651-jpg_a4508b9a-c9d0-4729-ab06-9832f6beaf4a_jpg.rf.213b851bff9c9170ce5504c11c77114f.jpg,test,44.50970932094811,0.9819403628588894,0.02878766745420215,0.28256885985222313,reduce
wc_Dataset2_original_xlxrew9s5e651-jpg_a4508b9a-c9d0-4729-ab06-9832f6beaf4a_jpg.rf.dfcef2d81851fb187a83e81e2b29d13e.jpg,test,39.471973094170394,0.9847860383611893,0.03920624276779983,0.316305593376796,reduce
wc_Ly-project-dataset_original_Bananapeel1-jpg_4711bff4-8ea7-44ee-97f2-d4c1b5898320_jpg.rf.70baef5879be34dabcf8ef221554d41b.jpg,test,27.926089045483664,0.95093760397737,0.5202505929489059,0.8149640058878896,reduce
wc_Ly-project-dataset_original_Bananapeel2-jpg_593e9272-c18e-4391-abf4-52e649a45c70_jpg.rf.f929f2138d337ca525a46d4d36c5a938.jpg,test,289.56027786675213,0.9713132615092387,0.35084619538888373,0.5944132190366722,reduce
wc_Ly-project-dataset_original_Bananapeel2-jpg_6a58d887-c11c-4a2d-8281-4bb23854dfd1_jpg.rf.dc09b38f9fd1b2f44e7005d80022b05d.jpg,test,45.8161234785394,0.9578482682827911,0.2784858292472352,0.5385431638682022,reduce
wc_Ly-project-dataset_original_Bananapeel2-jpg_70de58df-637b-49ad-a1c3-35d8a0af39db_jpg.rf.3c9cf49218da37d51f9f6c728b4203f9.jpg,test,99.93103379244074,0.9427914947732373,0.274581820326527,0.5150380914457755,reduce
wc_Ly-project-dataset_original_Bananapeel2-jpg_73cc3b16-f206-441f-95e4-a82f28716f62_jpg.rf.bda73ef0e064cb946b26415381a0a43b.jpg,test,284.51677610506084,0.9789607832565463,0.3235411772916488,0.6051304509753725,reduce
wc_Ly-project-dataset_original_Bananapeel2-jpg_f5ea1a03-1582-4c90-8073-11b1dcf3375e_jpg.rf.fc693aa16b068be9501c801337bf414c.jpg,test,278.6331878603459,0.9710634088335959,0.36045995297734135,0.6055584004104126,reduce
wc_Ly-project-dataset_original_orange-peel-jpg_355db705-d45f-4ab0-85a9-4c5363948ece_jpg.rf.5888b90a9df1bda4080be442a5b043ac.jpg,test,297.5821388532992,0.9581927406615518,0.07277294862265128,0.2709932811884918,reduce
wc_Ly-project-dataset_original_Orange-peel-jpg_6cf7e33d-2135-4cc6-8a3f-85e84911442c_jpg.rf.08b02ef34c125e78d29380b56cc02929.jpg,test,229.83784433055737,0.9813017183992017,0.2673313579855749,0.5463922243700947,reduce
wc_Ly-project-dataset_original_orange-peel-jpg_e0e61adc-d7e8-4aac-839a-c562771e0682_jpg.rf.140b1f96b6e7b2e5abeb9c23f4713bda.jpg,test,315.9369995195388,0.9546252058537648,0.045838043435075915,0.2517439072962396,reduce
wc_Ly-project-dataset_original_Orangepeel3-jpg_4d9387dd-e2b0-4add-845c-486a56b8a007_jpg.rf.73047a358bf5e7f0ac2df8a35ec4396f.jpg,test,319.0400384368994,0.9770508503994483,0.3255934591071315,0.602287424086398,reduce
wc_Ly-project-dataset_original_Orangepeel3-jpg_b0faa371-6c44-4b6c-ab46-68125f07c637_jpg.rf.b3b58fd772a6055111e5c3d6d36fda57.jpg,test,260.03449311338886,0.9785607718780981,0.3308396994728909,0.6431584640525969,reduce
trashnet_glass110.jpg,test,220.3315382767457,0.9455904390552641,0.09214022157021891,0.5047734626742649,reuse
trashnet_glass129.jpg,test,93.97123238308778,0.9920419827937833,0.086547552340327,0.5879050669971968,reuse
trashnet_glass132.jpg,test,24.19969170403587,0.9955012111204619,0.05672369508098966,0.6692208172642097,reuse
trashnet_glass139.jpg,test,67.25666639974375,0.9631760622261047,0.04106599035310954,0.47159452713591976,reuse
trashnet_glass155.jpg,test,71.46024183215887,0.9799037803107588,0.06664060000310991,0.6611512180180267,reuse
trashnet_glass161.jpg,test,36.72661755285073,0.9931010186157678,0.07909880622676445,0.7179494237281435,reuse
trashnet_glass163.jpg,test,215.47982062780267,0.9676427369525427,0.07909038494018372,0.46898977349746246,reuse
trashnet_glass171.jpg,test,59.3750800768738,0.9398822469573,0.07147638020831681,0.5993650806438376,reuse
trashnet_glass179.jpg,test,16.046484625240232,0.998719304929702,0.06880103863118715,0.6678114023519902,reuse
trashnet_glass18.jpg,test,49.50518497757848,0.9795575781961043,0.06714471384430527,0.6470026805903777,reuse
trashnet_glass191.jpg,test,8.514113549007046,0.9812135086936542,0.08280979657012798,0.6711491186388966,reuse
trashnet_glass198.jpg,test,110.62852338244716,0.9617924586074891,0.07141068346460987,0.5890794051385624,reuse
trashnet_glass201.jpg,test,100.41047405509289,0.9616199315920405,0.080913452410068,0.49008701438431623,reuse
trashnet_glass208.jpg,test,36.08420083279949,0.9556252843937695,0.09529844844081582,0.6890149942079227,reuse
trashnet_glass230.jpg,test,32.858183856502244,0.9917394821030302,0.14416511686680855,0.7731746707275191,reuse
trashnet_glass232.jpg,test,105.59188821268418,0.9685612616113201,0.08352482056372319,0.5109386091172767,reuse
trashnet_glass237.jpg,test,31.328074951953873,0.986294150459789,0.179640517794078,0.8287591256678042,reuse
trashnet_glass246.jpg,test,15.981141896220372,0.9959159884177347,0.14365470823338708,0.795136834725294,reuse
trashnet_glass259.jpg,test,34.159793401665596,0.9885282089135012,0.11301862940483222,0.7100487772114666,reuse
trashnet_glass266.jpg,test,66.09833440102499,0.9811940133275354,0.11295184030868265,0.6752764219304488,reuse
trashnet_glass303.jpg,test,137.5479260089686,0.9847645975120586,0.08515852692490346,0.6456648405330201,reuse
trashnet_glass304.jpg,test,14.978459320948108,0.9919116856807055,0.05933033225485514,0.64150678201842,reuse
trashnet_glass307.jpg,test,205.18087363869316,0.9636837867750679,0.055512193606278334,0.5588893748225074,reuse
trashnet_glass325.jpg,test,51.35976537475977,0.9904835246725512,0.09328260254154491,0.7294477437953858,reuse
trashnet_glass326.jpg,test,138.93651905829597,0.9858087381790115,0.10327531791131382,0.6345577065417769,reuse
trashnet_glass333.jpg,test,66.87123638693144,0.9919253107416618,0.11130223494185665,0.6514415855831862,reuse
trashnet_glass349.jpg,test,55.49797805893658,0.9781941474372837,0.05926503745699933,0.6011246366468826,reuse
trashnet_glass352.jpg,test,95.3861907431134,0.9692686310682701,0.07870262492191828,0.5328373452092894,reuse
trashnet_glass381.jpg,test,71.41041399743754,0.991311835487517,0.08755848669696173,0.6378497083145919,reuse
trashnet_glass393.jpg,test,43.015114509929525,0.9824249730015479,0.05473835502316326,0.5648988718651671,reuse
trashnet_glass406.jpg,test,281.0728899743754,0.9510313626303286,0.07623875097264261,0.5570027307351672,reuse
trashnet_glass413.jpg,test,56.575172165278666,0.9774311949761116,0.0535398194035513,0.6263499076934128,reuse
trashnet_glass419.jpg,test,145.51045003203075,0.9489411387529315,0.08460140310162437,0.5616051613818055,reuse
trashnet_glass421.jpg,test,41.80383167841127,0.9957662645105991,0.10705627326382607,0.6929285787658076,reuse
trashnet_glass423.jpg,test,93.55621396540678,0.9644405973354039,0.07028838541717869,0.57523931717615,reuse
trashnet_glass426.jpg,test,54.02694586803331,0.9645727214212593,0.09841817543923957,0.7427005551079331,reuse
trashnet_glass427.jpg,test,161.53637491992308,0.9567634139023139,0.075091245148597,0.5558774463104904,reuse
trashnet_glass428.jpg,test,112.84667280589365,0.970216183346543,0.0838283480229083,0.5692593298927474,reuse
trashnet_glass463.jpg,test,189.82046764894298,0.965835871864778,0.08088630261503377,0.5952987871134734,reuse
trashnet_glass464.jpg,test,9.145259449071109,0.9952354073542619,0.06444476221572805,0.6165000651807487,reuse
trashnet_glass465.jpg,test,73.86058616271622,0.9754726062388216,0.08654300610655595,0.6672099468716527,reuse
trashnet_glass472.jpg,test,83.48396460602177,0.9881050608272418,0.09604630076567193,0.6405459848092447,reuse
trashnet_glass489.jpg,test,150.88150624599618,0.9543303167334484,0.03343999068109697,0.34106785235902914,reuse
trashnet_glass491.jpg,test,53.89109545163356,0.9895664606853555,0.10394977107729518,0.7169350431815698,reuse
trashnet_glass492.jpg,test,77.06960682254964,0.976263126347538,0.046480294869507506,0.4976309286216812,reuse
trashnet_glass59.jpg,test,69.17851137091607,0.980070138996363,0.0877918636696863,0.6314554788256049,reuse
trashnet_glass62.jpg,test,166.87141655989748,0.985261801691358,0.05999409907137088,0.5071464311421369,reuse
trashnet_glass70.jpg,test,80.85718289557975,0.9933394493804092,0.07660703607618485,0.6130988404363529,reuse
trashnet_glass76.jpg,test,47.30170964125561,0.9949072146504143,0.09160045908106469,0.7033398659605408,reuse
trashnet_glass90.jpg,test,72.46602738629082,0.9942577713707598,0.13513489087805822,0.6678750418317172,reuse
trashnet_glass91.jpg,test,219.75526505445225,0.9618058699768192,0.07116897763041292,0.6145063704324384,reuse
